customerID,gender,SeniorCitizen,Partner,Dependents,tenure,PhoneService,MultipleLines,InternetService,OnlineSecurity,OnlineBackup,DeviceProtection,TechSupport,StreamingTV,StreamingMovies,Contract,PaperlessBilling,PaymentMethod,MonthlyCharges,TotalCharges,Churn
8813-ADFPT,Male,0,Yes,No,51,Yes,No,No,No internet service,No internet service,No internet service,No internet service,No internet service,No internet service,One year,No,Mailed check,38.12,1946.75,No
1245-GGAGV,Female,0,Yes,No,14,Yes,No,DSL,Yes,Yes,No,No,No,No,Month-to-month,Yes,Mailed check,82.34,1152.6,No
8248-ABFFH,Female,0,No,Yes,30,Yes,No,Fiber optic,Yes,No,No,No,No,No,One year,Yes,Credit card (automatic),96.38,2885.72,No
4655-KMSZR,Male,0,Yes,No,47,Yes,No,DSL,No,Yes,Yes,No,No,No,Two year,Yes,Electronic check,75.73,3560.64,No
3476-DJOKN,Male,0,No,Yes,41,Yes,No,No,No internet service,No internet service,No internet service,No internet service,No internet service,No internet service,Month-to-month,No,Electronic check,36.08,1501.53,Yes
9864-MEAOF,Female,0,No,No,16,Yes,No,DSL,No,No,No,No,No,No,Month-to-month,No,Electronic check,60.43,971.98,Yes
8734-AUEHD,Male,0,No,No,17,Yes,Yes,Fiber optic,No,Yes,No,No,No,No,One year,Yes,Credit card (automatic),91.5,1546.36,No
3798-FJBPL,Female,0,Yes,No,47,Yes,No,Fiber optic,No,No,No,Yes,No,No,Month-to-month,Yes,Electronic check,92.59,4374.66,No
2845-GHVVK,Male,0,Yes,No,55,Yes,No,No,No internet service,No internet service,No internet service,No internet service,No internet service,No internet service,Month-to-month,Yes,Credit card (automatic),44.77,2452.37,No
8484-HUYPC,Male,0,No,Yes,21,Yes,Yes,Fiber optic,Yes,No,No,No,No,Yes,Two year,Yes,Mailed check,104.58,2171.0,No
3953-DDRZR,Female,0,No,No,8,Yes,No,DSL,No,No,No,No,Yes,No,Month-to-month,Yes,Bank transfer (automatic),73.06,565.54,No
7318-AXGXW,Female,0,No,Yes,16,Yes,No,Fiber optic,No,No,No,Yes,No,No,Month-to-month,No,Electronic check,96.16,1541.45,No
5272-UZQFV,Female,0,Yes,Yes,30,No,No phone service,DSL,No,No,No,No,No,No,Two year,Yes,Mailed check,47.41,1415.37,No
6994-LDHPS,Female,0,Yes,Yes,14,Yes,Yes,Fiber optic,Yes,Yes,Yes,No,No,Yes,One year,No,Credit card (automatic),114.65,1648.51,Yes
5190-YIRGM,Female,0,Yes,No,11,Yes,No,Fiber optic,No,No,Yes,No,Yes,No,Month-to-month,No,Electronic check,109.69,1207.4,Yes
5301-VBCWJ,Female,0,No,No,18,No,No phone service,Fiber optic,No,No,No,No,Yes,No,Month-to-month,No,Bank transfer (automatic),77.55,1390.67,Yes
9097-WDMIM,Female,0,Yes,No,54,Yes,Yes,Fiber optic,No,Yes,Yes,Yes,Yes,No,Month-to-month,Yes,Credit card (automatic),120.0,6506.73,No
3499-BWPDK,Male,0,No,No,24,Yes,Yes,Fiber optic,No,Yes,No,No,Yes,Yes,Month-to-month,Yes,Electronic check,112.14,2683.4,No
4005-RNNBS,Female,1,Yes,No,40,Yes,No,DSL,Yes,Yes,Yes,No,No,No,Two year,Yes,Credit card (automatic),90.04,3606.42,No
3165-LRXXX,Male,0,Yes,No,6,Yes,Yes,Fiber optic,No,No,Yes,No,No,Yes,Month-to-month,Yes,Electronic check,107.76,682.14,Yes
9422-RZSEQ,Female,1,No,No,72,Yes,No,DSL,No,Yes,No,No,Yes,Yes,Month-to-month,Yes,Electronic check,83.94,6054.29,No
9239-WPQXM,Male,0,No,No,31,Yes,No,Fiber optic,Yes,No,No,No,No,Yes,One year,Yes,Electronic check,102.7,3208.96,No
4358-MFTIL,Male,0,No,No,30,Yes,No,Fiber optic,No,No,Yes,No,No,No,Two year,No,Bank transfer (automatic),101.55,3038.14,Yes
5491-LCRVT,Female,0,Yes,No,35,Yes,No,DSL,No,No,No,Yes,Yes,No,One year,Yes,Electronic check,80.21,2764.44,No
9726-ZFMZY,Female,0,No,Yes,72,Yes,No,Fiber optic,No,No,No,No,No,Yes,Month-to-month,No,Mailed check,92.89,6682.95,No
2276-KQQGS,Female,1,Yes,No,65,Yes,No,DSL,No,No,No,No,No,Yes,Month-to-month,Yes,Bank transfer (automatic),74.09,4824.01,Yes
4145-OLLQN,Male,0,No,No,54,Yes,Yes,Fiber optic,No,Yes,No,No,No,Yes,Two year,Yes,Electronic check,104.89,5709.9,No
6051-AYSWO,Female,1,No,No,33,No,No phone service,Fiber optic,Yes,No,Yes,No,No,No,One year,Yes,Electronic check,80.82,2644.57,No
9925-TEYNK,Female,1,Yes,Yes,72,Yes,Yes,No,No internet service,No internet service,No internet service,No internet service,No internet service,No internet service,Two year,Yes,Electronic check,37.01,2689.78,No
6894-CRIZQ,Male,0,No,Yes,14,Yes,No,Fiber optic,Yes,Yes,No,No,No,No,Month-to-month,Yes,Electronic check,103.41,1459.94,Yes
4650-KKXPH,Male,0,Yes,No,47,Yes,No,Fiber optic,No,No,No,No,No,Yes,Two year,No,Mailed check,94.01,4425.2,No
4354-LRTDJ,Male,0,Yes,No,6,Yes,Yes,DSL,No,No,No,No,Yes,Yes,Two year,Yes,Mailed check,79.92,478.76,No
9550-ZKGDF,Male,0,Yes,No,10,Yes,No,DSL,Yes,No,Yes,No,No,Yes,Month-to-month,Yes,Credit card (automatic),97.73,989.63,Yes
4031-KXJSA,Female,0,Yes,No,13,Yes,Yes,DSL,Yes,No,No,No,No,Yes,Month-to-month,Yes,Bank transfer (automatic),75.44,987.42,No
7312-KSKGR,Female,0,No,No,17,Yes,Yes,Fiber optic,No,No,No,No,No,No,Month-to-month,Yes,Credit card (automatic),91.19,1548.34,Yes
3039-GVYYQ,Male,1,No,No,36,Yes,No,DSL,No,No,No,Yes,No,Yes,One year,No,Bank transfer (automatic),71.26,2555.88,No
2944-UKVYI,Female,0,No,Yes,72,Yes,No,DSL,Yes,No,Yes,Yes,No,No,Month-to-month,No,Credit card (automatic),82.48,5953.91,No
4606-BLCHZ,Female,0,No,Yes,71,Yes,Yes,Fiber optic,Yes,No,No,No,Yes,Yes,Month-to-month,No,Electronic check,109.62,7770.07,No
7282-NOJIQ,Male,0,No,No,62,Yes,No,Fiber optic,No,No,No,No,No,No,One year,No,Electronic check,87.78,5423.62,No
4785-MRZMH,Female,0,Yes,No,26,Yes,Yes,Fiber optic,No,No,No,Yes,No,Yes,One year,Yes,Mailed check,109.36,2879.33,No
8455-QTVOI,Male,1,Yes,No,44,Yes,Yes,DSL,Yes,No,No,No,No,Yes,Month-to-month,Yes,Mailed check,73.35,3206.36,No
3090-UYVSU,Female,0,Yes,No,12,Yes,No,Fiber optic,No,No,No,Yes,Yes,No,Two year,No,Credit card (automatic),103.85,1257.93,No
9338-LOHMO,Female,1,No,Yes,20,Yes,No,Fiber optic,No,Yes,No,Yes,No,No,Month-to-month,No,Mailed check,112.48,2234.98,Yes
2559-SNXTG,Male,0,No,No,25,Yes,No,No,No internet service,No internet service,No internet service,No internet service,No internet service,No internet service,Month-to-month,No,Credit card (automatic),42.7,1066.7,No
2287-ETLSG,Male,1,No,Yes,30,Yes,Yes,DSL,No,No,No,Yes,Yes,Yes,One year,No,Electronic check,84.22,2543.58,No
4993-WDFFK,Female,0,Yes,No,37,Yes,Yes,Fiber optic,No,No,No,Yes,No,No,One year,No,Bank transfer (automatic),102.87,3807.36,No
5217-GWYWY,Male,0,Yes,Yes,19,Yes,No,Fiber optic,No,No,No,No,No,No,One year,No,Bank transfer (automatic),87.16,1646.42,No
9894-LDFTK,Female,0,No,No,17,No,No phone service,No,No internet service,No internet service,No internet service,No internet service,No internet service,No internet service,One year,No,Electronic check,18.25,291.28,No
9761-QSGOM,Female,0,Yes,No,6,Yes,No,No,No internet service,No internet service,No internet service,No internet service,No internet service,No internet service,Two year,No,Bank transfer (automatic),37.87,198.88,No
5300-ONLGK,Female,0,No,No,34,Yes,Yes,Fiber optic,No,Yes,No,Yes,Yes,No,Two year,Yes,Bank transfer (automatic),106.39,3629.51,No
9231-DZRMV,Female,0,Yes,Yes,56,Yes,No,Fiber optic,No,No,No,No,No,No,Two year,Yes,Electronic check,91.82,5167.98,No
9866-UFIZE,Male,0,Yes,Yes,7,Yes,No,Fiber optic,No,Yes,No,Yes,No,Yes,Two year,Yes,Mailed check,114.79,801.33,No
6928-PKQUO,Male,0,No,No,3,Yes,Yes,No,No internet service,No internet service,No internet service,No internet service,No internet service,No internet service,Month-to-month,Yes,Bank transfer (automatic),43.03,103.95,No
7922-OGFGD,Male,0,No,Yes,44,Yes,Yes,Fiber optic,No,Yes,Yes,No,No,Yes,One year,Yes,Bank transfer (automatic),105.82,4685.04,No
2838-TBNZQ,Male,0,No,Yes,19,Yes,Yes,DSL,No,Yes,No,No,Yes,No,Month-to-month,No,Mailed check,78.74,1457.71,No
7842-RJFVK,Male,0,No,No,54,Yes,No,DSL,No,Yes,No,No,No,No,One year,Yes,Bank transfer (automatic),76.02,4108.0,No
3531-ELLQL,Female,0,Yes,Yes,2,Yes,Yes,No,No internet service,No internet service,No internet service,No internet service,No internet service,No internet service,Month-to-month,Yes,Electronic check,40.82,74.01,Yes
1100-JTRTY,Male,0,No,Yes,36,Yes,No,Fiber optic,No,Yes,No,No,No,No,Month-to-month,Yes,Electronic check,92.12,3362.64,No
4994-PFJPM,Female,0,No,No,3,Yes,Yes,Fiber optic,Yes,Yes,No,No,Yes,Yes,Two year,Yes,Electronic check,117.4,355.74,Yes
8742-SZMBD,Female,0,No,No,12,Yes,No,No,No internet service,No internet service,No internet service,No internet service,No internet service,No internet service,One year,No,Mailed check,40.21,479.83,No
3828-AJWVZ,Female,0,No,No,24,Yes,Yes,DSL,No,No,No,Yes,No,No,Month-to-month,Yes,Electronic check,71.66,1709.22,No
7411-GXOWW,Female,0,Yes,No,18,Yes,No,DSL,No,No,Yes,No,Yes,No,Month-to-month,Yes,Bank transfer (automatic),81.81,1495.66,No
5906-JUOGP,Male,1,Yes,No,32,Yes,No,No,No internet service,No internet service,No internet service,No internet service,No internet service,No internet service,Month-to-month,Yes,Credit card (automatic),32.67,1074.84,No
4313-BCVSQ,Female,0,No,No,16,Yes,No,Fiber optic,No,No,No,No,No,No,Two year,No,Credit card (automatic),83.78,1291.24,No
5952-FYNMY,Male,0,No,No,22,Yes,Yes,Fiber optic,No,No,Yes,No,No,Yes,Month-to-month,Yes,Mailed check,99.26,2199.28,No
6328-XOHDY,Male,0,Yes,Yes,10,Yes,No,Fiber optic,No,Yes,No,Yes,No,Yes,One year,Yes,Bank transfer (automatic),119.25,1201.36,Yes
2036-QPRES,Female,0,Yes,No,41,Yes,No,DSL,No,Yes,No,No,No,Yes,One year,Yes,Credit card (automatic),77.73,3188.42,No
3158-UCQSD,Male,0,No,No,28,Yes,No,DSL,Yes,No,No,No,Yes,Yes,One year,Yes,Mailed check,77.14,2202.53,No
6399-IXNMC,Male,0,No,No,36,Yes,No,DSL,Yes,No,No,Yes,No,Yes,Month-to-month,No,Electronic check,87.47,3171.39,No
2730-RCMVL,Male,0,No,No,25,No,No phone service,DSL,No,No,Yes,Yes,No,No,Two year,Yes,Electronic check,55.83,1395.26,No
5966-YOASD,Female,0,Yes,No,46,No,No phone service,No,No internet service,No internet service,No internet service,No internet service,No internet service,No internet service,Two year,Yes,Electronic check,20.51,929.77,No
3556-UZWDE,Male,0,No,No,16,Yes,No,No,No internet service,No internet service,No internet service,No internet service,No internet service,No internet service,Month-to-month,No,Credit card (automatic),35.24,524.01,No
5941-NFEMB,Male,0,No,No,27,Yes,No,Fiber optic,No,Yes,No,No,No,No,Month-to-month,Yes,Electronic check,91.84,2468.85,Yes
9679-GTPDZ,Male,1,No,No,72,Yes,No,DSL,No,Yes,No,No,No,No,One year,Yes,Electronic check,70.13,5020.51,No
1747-RCINI,Female,1,Yes,No,9,Yes,Yes,Fiber optic,Yes,No,No,No,No,Yes,Month-to-month,No,Bank transfer (automatic),107.74,990.7,Yes
6648-COJKG,Male,1,No,No,56,Yes,Yes,DSL,No,No,No,No,Yes,No,Month-to-month,Yes,Credit card (automatic),75.61,4221.0,No
7196-TZKTK,Male,1,No,No,72,Yes,No,DSL,Yes,Yes,No,No,Yes,Yes,Month-to-month,Yes,Electronic check,90.91,6529.26,No
6647-WXKEO,Male,0,No,No,38,Yes,No,DSL,No,No,No,No,No,No,Month-to-month,Yes,Bank transfer (automatic),61.88,2387.59,No
3029-RXZTZ,Female,0,No,Yes,1,Yes,No,Fiber optic,No,Yes,Yes,Yes,No,No,Two year,No,Mailed check,110.3,111.69,Yes
5800-HWXNZ,Female,0,No,Yes,9,Yes,Yes,Fiber optic,No,No,Yes,Yes,No,No,Two year,No,Electronic check,102.47,906.46,No
8432-RUYWH,Female,0,Yes,No,33,Yes,No,Fiber optic,Yes,No,No,Yes,No,No,One year,Yes,Mailed check,111.51,3696.11,Yes
7059-OTDZD,Male,0,No,Yes,26,Yes,No,Fiber optic,No,No,No,Yes,No,No,Month-to-month,No,Bank transfer (automatic),93.81,2409.37,No
5896-CIXZN,Male,1,No,Yes,72,Yes,No,Fiber optic,No,No,No,Yes,Yes,No,Month-to-month,Yes,Electronic check,104.61,7518.51,Yes
5118-NURRW,Female,0,Yes,Yes,72,Yes,Yes,DSL,No,No,No,No,Yes,Yes,Month-to-month,Yes,Electronic check,76.04,5474.48,No
9459-NHEBX,Female,0,Yes,No,24,Yes,Yes,No,No internet service,No internet service,No internet service,No internet service,No internet service,No internet service,One year,No,Credit card (automatic),37.39,873.81,No
4486-NKWFX,Female,0,No,No,26,Yes,Yes,Fiber optic,No,No,No,Yes,No,Yes,One year,Yes,Credit card (automatic),101.13,2629.77,No
4846-KNSYJ,Male,0,Yes,No,17,Yes,No,DSL,No,Yes,No,Yes,No,Yes,Two year,Yes,Mailed check,78.3,1327.7,No
7681-EXQLT,Male,0,No,No,37,Yes,Yes,Fiber optic,Yes,Yes,Yes,No,Yes,No,Month-to-month,Yes,Electronic check,108.63,4031.71,Yes
5222-OXWTT,Female,0,Yes,No,12,Yes,Yes,Fiber optic,Yes,No,No,Yes,No,No,Month-to-month,No,Electronic check,100.34,1207.59,No
7960-QMVVN,Female,0,Yes,No,23,Yes,No,No,No internet service,No internet service,No internet service,No internet service,No internet service,No internet service,One year,No,Electronic check,34.66,795.32,No
3795-EMVOJ,Male,0,Yes,No,13,Yes,No,Fiber optic,No,No,No,No,No,No,Month-to-month,No,Electronic check,81.46,1069.18,Yes
9051-WHCUK,Female,1,No,No,31,No,No phone service,DSL,Yes,No,Yes,Yes,No,No,Month-to-month,No,Bank transfer (automatic),70.43,2176.72,Yes
9499-JNJVF,Female,0,No,No,54,Yes,No,Fiber optic,No,No,No,No,No,Yes,Month-to-month,No,Electronic check,105.8,5706.3,Yes
7868-OHWGW,Male,0,Yes,No,7,No,No phone service,Fiber optic,Yes,Yes,No,No,No,No,Month-to-month,No,Electronic check,83.01,593.08,No
7854-QVSEV,Female,0,Yes,Yes,22,Yes,Yes,Fiber optic,No,No,No,No,No,No,Month-to-month,No,Bank transfer (automatic),85.59,1902.26,No
1325-IWLEP,Male,0,Yes,Yes,66,Yes,Yes,Fiber optic,No,Yes,No,No,No,No,Month-to-month,No,Electronic check,95.37,6270.11,Yes
8894-LKYNK,Male,0,No,No,72,Yes,Yes,DSL,No,No,Yes,Yes,No,No,Two year,No,Electronic check,78.75,5682.93,No
8601-YWHSO,Female,1,No,No,17,Yes,No,DSL,No,No,Yes,No,No,Yes,Two year,Yes,Bank transfer (automatic),80.66,1366.17,No
7080-VLGGI,Female,0,No,No,13,Yes,No,No,No internet service,No internet service,No internet service,No internet service,No internet service,No internet service,Month-to-month,Yes,Electronic check,47.03,614.66,Yes
5325-VFHNB,Male,0,Yes,Yes,1,Yes,No,DSL,No,No,Yes,Yes,No,No,Month-to-month,No,Bank transfer (automatic),82.05,109.73,No
5560-AUICY,Female,0,No,No,58,Yes,Yes,Fiber optic,No,No,No,No,Yes,No,Two year,No,Electronic check,95.81,5542.57,No
7316-UEYZZ,Male,0,Yes,No,56,Yes,No,No,No internet service,No internet service,No internet service,No internet service,No internet service,No internet service,Two year,Yes,Electronic check,37.72,2085.78,No
5748-ZTNOJ,Female,0,Yes,No,28,Yes,No,No,No internet service,No internet service,No internet service,No internet service,No internet service,No internet service,Two year,Yes,Mailed check,35.99,992.71,No
8886-NTQJN,Male,0,Yes,No,72,Yes,No,No,No internet service,No internet service,No internet service,No internet service,No internet service,No internet service,Month-to-month,No,Bank transfer (automatic),38.56,2785.91,No
9088-NILVL,Female,1,Yes,No,26,Yes,No,No,No internet service,No internet service,No internet service,No internet service,No internet service,No internet service,Two year,Yes,Electronic check,36.74,967.15,No
3356-ZGLAU,Female,0,Yes,No,59,Yes,Yes,Fiber optic,No,Yes,Yes,No,No,No,One year,Yes,Credit card (automatic),104.65,6199.11,No
4774-JFIWY,Female,0,No,No,18,Yes,Yes,DSL,No,Yes,No,No,Yes,No,Month-to-month,Yes,Credit card (automatic),73.13,1309.95,Yes
3466-RSIPC,Female,0,Yes,No,21,Yes,Yes,DSL,No,Yes,No,No,No,No,Month-to-month,Yes,Mailed check,72.45,1546.02,No
3163-ZYLIE,Male,0,No,No,32,Yes,Yes,DSL,Yes,No,No,Yes,No,Yes,Two year,Yes,Electronic check,89.64,2863.33,No
9891-HNHNM,Female,1,No,No,13,Yes,No,DSL,No,No,No,Yes,Yes,Yes,Two year,Yes,Electronic check,93.1,1184.25,No
8207-FPYRR,Male,0,No,Yes,48,Yes,No,Fiber optic,No,No,Yes,No,No,No,Month-to-month,No,Credit card (automatic),100.06,4793.34,No
8330-OBEXY,Female,0,No,No,29,Yes,Yes,Fiber optic,No,Yes,No,No,No,Yes,One year,Yes,Electronic check,98.1,2851.75,Yes
4030-BOEPW,Female,0,No,No,4,Yes,No,No,No internet service,No internet service,No internet service,No internet service,No internet service,No internet service,Month-to-month,Yes,Electronic check,39.88,221.68,No
6377-IXVXE,Male,0,Yes,Yes,60,No,No phone service,Fiber optic,No,No,No,No,No,No,One year,Yes,Electronic check,69.88,4173.37,No
3573-UJHHI,Female,0,Yes,No,12,Yes,No,No,No internet service,No internet service,No internet service,No internet service,No internet service,No internet service,Month-to-month,Yes,Electronic check,44.79,563.19,No
9020-AZNMW,Female,0,No,No,13,Yes,No,No,No internet service,No internet service,No internet service,No internet service,No internet service,No internet service,Month-to-month,No,Electronic check,44.07,591.89,No
9495-XXNBZ,Male,0,No,Yes,21,Yes,Yes,Fiber optic,No,Yes,Yes,No,Yes,No,Month-to-month,Yes,Electronic check,108.49,2270.47,Yes
1773-DWYDK,Male,0,No,No,38,No,No phone service,DSL,No,No,No,No,Yes,No,Month-to-month,No,Bank transfer (automatic),51.15,1958.03,No
9007-XUXXM,Male,0,No,Yes,34,No,No phone service,Fiber optic,No,Yes,No,No,No,No,Two year,Yes,Electronic check,73.39,2474.7,No
1515-UFQDV,Male,0,No,No,72,Yes,No,Fiber optic,No,No,Yes,No,No,No,Two year,No,Bank transfer (automatic),97.55,7002.68,No
4136-CXPGW,Male,0,No,No,33,Yes,Yes,No,No internet service,No internet service,No internet service,No internet service,No internet service,No internet service,Month-to-month,Yes,Mailed check,42.82,1382.98,No
4306-KWOXE,Female,0,No,No,6,Yes,Yes,Fiber optic,No,Yes,Yes,No,Yes,Yes,Month-to-month,No,Electronic check,118.76,699.35,Yes
9863-OUVGN,Female,0,No,No,10,Yes,Yes,No,No internet service,No internet service,No internet service,No internet service,No internet service,No internet service,Month-to-month,Yes,Credit card (automatic),39.46,396.23,Yes
2847-LOZDX,Male,0,No,Yes,6,Yes,No,DSL,No,Yes,Yes,No,No,Yes,Month-to-month,No,Bank transfer (automatic),84.76,469.61,Yes
8281-ZGXAS,Female,0,No,No,6,Yes,Yes,DSL,No,No,Yes,No,No,No,Month-to-month,Yes,Bank transfer (automatic),64.34,402.46,Yes
7229-EZPFG,Female,0,No,Yes,19,Yes,No,Fiber optic,No,No,Yes,No,Yes,No,Month-to-month,Yes,Electronic check,101.08,1928.83,No
4778-DTZKZ,Male,0,No,No,57,Yes,Yes,No,No internet service,No internet service,No internet service,No internet service,No internet service,No internet service,Month-to-month,Yes,Bank transfer (automatic),42.19,2402.12,No
4661-EAHEM,Female,1,Yes,No,29,Yes,No,DSL,Yes,No,No,No,No,Yes,Two year,No,Credit card (automatic),79.54,2305.59,No
1456-YFSVF,Female,0,Yes,Yes,39,Yes,No,DSL,Yes,Yes,No,Yes,No,No,Two year,Yes,Credit card (automatic),83.79,3299.96,No
5805-KDIKN,Female,0,No,No,48,Yes,No,Fiber optic,Yes,No,No,Yes,Yes,No,Month-to-month,No,Bank transfer (automatic),108.45,5197.5,No
4786-VQFCP,Female,0,Yes,No,60,Yes,No,Fiber optic,Yes,No,Yes,No,Yes,No,One year,Yes,Mailed check,113.06,6770.21,No
9991-OULLV,Female,0,Yes,No,14,Yes,No,Fiber optic,No,Yes,Yes,No,No,Yes,Month-to-month,Yes,Credit card (automatic),104.63,1456.16,Yes
4084-HNQPM,Male,0,No,Yes,55,Yes,No,DSL,Yes,Yes,Yes,No,No,No,One year,No,Electronic check,99.36,5467.08,No
9270-MXOXL,Female,0,No,No,50,Yes,No,Fiber optic,No,Yes,No,No,Yes,Yes,Month-to-month,Yes,Mailed check,113.75,5661.79,Yes
1281-GYCHG,Female,0,No,Yes,19,Yes,No,DSL,No,No,Yes,No,No,No,Month-to-month,Yes,Bank transfer (automatic),72.25,1392.54,Yes
1774-SRVQG,Male,0,No,No,13,Yes,Yes,DSL,Yes,No,No,No,Yes,Yes,Month-to-month,No,Mailed check,89.0,1126.11,No
9430-DQBBB,Female,1,Yes,No,23,Yes,No,Fiber optic,No,Yes,No,Yes,Yes,Yes,Two year,Yes,Electronic check,120.0,2778.03,No
2611-QUFQI,Male,0,Yes,No,72,Yes,No,DSL,No,Yes,No,No,Yes,Yes,One year,No,Electronic check,83.9,6108.23,Yes
2010-GVAUJ,Male,0,No,No,60,Yes,Yes,Fiber optic,No,No,No,No,No,No,One year,Yes,Electronic check,90.45,5460.84,No
9447-KNKMP,Male,1,Yes,No,19,Yes,Yes,Fiber optic,Yes,No,Yes,No,No,No,Two year,No,Credit card (automatic),103.55,1992.51,No
3883-ISHXO,Female,1,No,No,56,Yes,No,No,No internet service,No internet service,No internet service,No internet service,No internet service,No internet service,Two year,Yes,Bank transfer (automatic),38.24,2119.06,No
2114-SEQKN,Male,0,No,No,43,Yes,Yes,No,No internet service,No internet service,No internet service,No internet service,No internet service,No internet service,Two year,No,Bank transfer (automatic),47.96,2080.38,No
5685-KGQCM,Male,0,No,No,38,Yes,No,DSL,No,Yes,Yes,No,Yes,No,Month-to-month,No,Credit card (automatic),80.82,3062.53,Yes
3746-VIZFA,Male,0,No,No,69,Yes,No,DSL,No,No,No,No,No,No,Month-to-month,Yes,Electronic check,58.26,4038.42,Yes
1305-JOQVA,Female,0,No,No,34,Yes,Yes,Fiber optic,Yes,Yes,No,No,Yes,No,Two year,Yes,Bank transfer (automatic),118.81,4056.96,No
1444-HGTNG,Female,0,No,Yes,28,Yes,No,Fiber optic,No,No,Yes,No,No,No,Two year,Yes,Mailed check,95.88,2677.27,Yes
9414-MYIBY,Male,0,Yes,No,3,Yes,No,DSL,Yes,No,No,No,No,Yes,One year,No,Bank transfer (automatic),88.49,241.7,No
4118-UBDNN,Male,0,No,No,48,Yes,No,No,No internet service,No internet service,No internet service,No internet service,No internet service,No internet service,Two year,Yes,Bank transfer (automatic),32.59,1557.87,No
1332-TPQVE,Female,0,Yes,No,12,Yes,Yes,Fiber optic,No,No,Yes,No,No,Yes,One year,Yes,Credit card (automatic),99.33,1180.58,No
9171-VCSYC,Male,0,No,No,11,No,No phone service,No,No internet service,No internet service,No internet service,No internet service,No internet service,No internet service,Month-to-month,Yes,Bank transfer (automatic),22.28,254.56,No
8293-TCWCN,Female,0,Yes,Yes,28,Yes,Yes,Fiber optic,No,No,No,Yes,No,Yes,Two year,Yes,Electronic check,106.63,3006.33,No
8437-FLKME,Male,0,No,Yes,10,Yes,No,No,No internet service,No internet service,No internet service,No internet service,No internet service,No internet service,Two year,Yes,Bank transfer (automatic),38.12,379.18,Yes
6447-CTOMF,Female,0,No,No,36,Yes,No,No,No internet service,No internet service,No internet service,No internet service,No internet service,No internet service,Month-to-month,No,Electronic check,36.7,1305.53,No
9954-XWQCN,Male,1,Yes,No,31,Yes,No,Fiber optic,No,Yes,No,Yes,Yes,Yes,One year,No,Mailed check,120.0,3715.46,No
5038-OBKIV,Male,0,No,No,29,Yes,No,Fiber optic,No,No,No,Yes,Yes,No,Month-to-month,Yes,Electronic check,118.0,3439.32,No
2108-YDDLR,Female,0,Yes,No,23,Yes,Yes,No,No internet service,No internet service,No internet service,No internet service,No internet service,No internet service,One year,No,Mailed check,34.17,782.43,No
2963-NFWEN,Male,0,Yes,Yes,47,Yes,Yes,No,No internet service,No internet service,No internet service,No internet service,No internet service,No internet service,Month-to-month,No,Credit card (automatic),37.86,1782.43,No
8418-BCOHJ,Female,0,Yes,No,36,Yes,Yes,No,No internet service,No internet service,No internet service,No internet service,No internet service,No internet service,Month-to-month,Yes,Electronic check,45.59,1643.82,No
9294-KIRCC,Female,0,Yes,No,35,Yes,No,Fiber optic,Yes,No,No,Yes,No,No,One year,Yes,Electronic check,107.37,3730.78,No
9940-EEGJW,Female,0,No,No,13,Yes,No,Fiber optic,No,No,No,No,No,No,Month-to-month,Yes,Electronic check,88.25,1128.41,No
1176-DBJBO,Female,0,No,Yes,25,Yes,No,Fiber optic,Yes,No,No,No,No,No,Month-to-month,No,Electronic check,101.32,2518.98,Yes
8252-FPWPC,Female,0,No,No,13,Yes,No,DSL,Yes,No,No,Yes,No,Yes,Month-to-month,No,Electronic check,80.9,1063.01,Yes
9137-NSUTH,Male,0,No,No,25,No,No phone service,Fiber optic,No,No,No,Yes,No,No,One year,No,Bank transfer (automatic),83.25,2074.21,No
6892-JHCMX,Male,0,No,No,15,Yes,No,DSL,No,No,Yes,No,No,Yes,Month-to-month,No,Bank transfer (automatic),76.02,1169.4,No
8283-XCBFF,Male,0,No,No,24,Yes,No,DSL,No,No,Yes,No,No,No,Month-to-month,No,Mailed check,73.49,1776.55,No
2822-LGOKR,Female,1,No,Yes,25,Yes,No,DSL,No,No,Yes,Yes,No,No,Month-to-month,Yes,Electronic check,78.16,1992.74,Yes
1478-CXJPJ,Male,0,Yes,No,24,No,No phone service,Fiber optic,Yes,Yes,Yes,No,Yes,Yes,Month-to-month,Yes,Mailed check,109.41,2654.09,Yes
6254-QIIWC,Male,0,No,Yes,47,Yes,No,DSL,No,Yes,No,No,No,No,Two year,Yes,Credit card (automatic),76.12,3603.52,No
2254-JHSDF,Male,0,No,No,39,Yes,No,No,No internet service,No internet service,No internet service,No internet service,No internet service,No internet service,One year,No,Mailed check,36.59,1441.74,No
3491-BPIUF,Male,0,Yes,No,8,Yes,No,No,No internet service,No internet service,No internet service,No internet service,No internet service,No internet service,One year,No,Mailed check,44.55,354.59,No
2542-PVLOS,Male,0,Yes,Yes,22,Yes,No,Fiber optic,No,No,No,Yes,No,No,Month-to-month,Yes,Mailed check,93.55,2085.01,No
8132-OBXUK,Male,0,Yes,No,29,Yes,Yes,Fiber optic,No,No,Yes,No,No,No,One year,Yes,Electronic check,98.03,2855.85,Yes
2920-LCTHD,Female,0,Yes,Yes,15,Yes,No,No,No internet service,No internet service,No internet service,No internet service,No internet service,No internet service,Month-to-month,Yes,Electronic check,42.47,682.6,No
8350-ENKKV,Female,0,No,No,31,Yes,No,DSL,No,Yes,No,No,Yes,No,Two year,No,Bank transfer (automatic),75.59,2350.11,No
4997-MOKVY,Female,0,Yes,Yes,16,Yes,Yes,Fiber optic,No,Yes,Yes,No,Yes,No,Month-to-month,Yes,Electronic check,106.44,1698.22,Yes
6006-RIBTV,Male,0,No,No,26,Yes,Yes,No,No internet service,No internet service,No internet service,No internet service,No internet service,No internet service,One year,Yes,Bank transfer (automatic),49.2,1282.23,No
9236-CAZPA,Female,0,No,No,12,No,No phone service,Fiber optic,No,No,Yes,No,Yes,No,Two year,No,Mailed check,76.19,910.65,No
2858-PZMFG,Male,0,Yes,Yes,24,Yes,No,No,No internet service,No internet service,No internet service,No internet service,No internet service,No internet service,Two year,No,Electronic check,35.77,838.89,No
6556-BJMLV,Female,1,No,No,40,Yes,No,DSL,Yes,No,Yes,No,Yes,No,Two year,Yes,Mailed check,89.32,3604.63,No
9243-LCIAQ,Female,0,No,Yes,44,Yes,No,No,No internet service,No internet service,No internet service,No internet service,No internet service,No internet service,Month-to-month,No,Electronic check,44.72,1963.25,No
7247-DELFO,Female,0,No,No,27,Yes,No,DSL,No,No,Yes,Yes,No,No,Month-to-month,Yes,Electronic check,86.18,2342.43,Yes
5793-JXBWO,Male,0,No,Yes,72,Yes,No,Fiber optic,No,Yes,No,Yes,No,No,Month-to-month,No,Mailed check,98.57,7050.48,No
7918-EIUTU,Male,0,No,No,34,Yes,Yes,DSL,No,Yes,Yes,No,No,No,Month-to-month,Yes,Bank transfer (automatic),70.2,2387.88,No
9991-BSBKI,Female,0,Yes,Yes,45,Yes,Yes,Fiber optic,Yes,No,Yes,No,No,No,One year,Yes,Credit card (automatic),103.89,4679.12,No
8345-TPYKP,Male,0,Yes,Yes,62,Yes,Yes,Fiber optic,No,No,No,No,No,Yes,One year,No,Credit card (automatic),101.68,6310.13,No
3949-TPYTK,Male,0,Yes,Yes,15,Yes,No,Fiber optic,No,Yes,Yes,No,No,No,Two year,Yes,Mailed check,110.46,1625.31,No
5794-OWNLF,Male,0,Yes,No,40,Yes,Yes,Fiber optic,No,No,No,Yes,Yes,Yes,Two year,No,Electronic check,101.89,4078.63,Yes
1572-KQLAT,Male,0,No,No,31,Yes,No,No,No internet service,No internet service,No internet service,No internet service,No internet service,No internet service,Month-to-month,Yes,Electronic check,43.86,1334.14,No
9035-XXUJH,Male,1,Yes,No,41,Yes,Yes,Fiber optic,No,Yes,Yes,Yes,Yes,Yes,Two year,Yes,Electronic check,120.0,4905.19,No
9918-DDBFJ,Male,0,No,No,52,No,No phone service,DSL,No,No,No,No,No,Yes,Two year,No,Electronic check,51.86,2697.99,No
2033-LKJKY,Female,1,Yes,Yes,13,Yes,Yes,DSL,No,No,Yes,No,No,No,One year,Yes,Electronic check,66.93,869.89,Yes
5642-NIWCB,Female,0,No,No,72,Yes,Yes,No,No internet service,No internet service,No internet service,No internet service,No internet service,No internet service,Month-to-month,Yes,Bank transfer (automatic),44.31,3175.61,No
3677-RZGMF,Female,1,No,No,27,Yes,Yes,No,No internet service,No internet service,No internet service,No internet service,No internet service,No internet service,Month-to-month,Yes,Mailed check,32.47,878.58,Yes
1270-XKUDP,Male,0,No,No,21,Yes,No,Fiber optic,No,No,No,No,No,No,Month-to-month,Yes,Electronic check,94.16,1989.21,Yes
5295-NWQOP,Female,0,No,No,2,No,No phone service,Fiber optic,No,No,No,No,No,Yes,Month-to-month,No,Bank transfer (automatic),77.9,198.56,Yes
5790-KMVZL,Male,0,Yes,No,59,Yes,Yes,Fiber optic,Yes,No,No,No,No,Yes,Month-to-month,Yes,Credit card (automatic),101.71,6006.42,No
9370-JYJDI,Male,1,No,Yes,50,Yes,Yes,Fiber optic,No,No,No,Yes,Yes,Yes,Month-to-month,No,Electronic check,118.44,5909.47,Yes
9231-DUYID,Male,0,Yes,No,23,Yes,No,No,No internet service,No internet service,No internet service,No internet service,No internet service,No internet service,Month-to-month,Yes,Electronic check,37.56,896.6,No
4631-GKDRU,Male,0,No,Yes,4,Yes,No,Fiber optic,No,Yes,Yes,No,Yes,Yes,One year,Yes,Mailed check,118.52,486.07,Yes
9562-DUIEX,Female,0,No,No,28,Yes,No,Fiber optic,No,No,No,No,Yes,Yes,Month-to-month,Yes,Electronic check,103.4,2917.52,Yes
5497-FDDNA,Male,1,Yes,Yes,7,Yes,Yes,Fiber optic,No,Yes,Yes,Yes,No,No,Two year,Yes,Electronic check,108.4,740.07,No
7798-DYPKV,Female,0,Yes,No,55,Yes,Yes,Fiber optic,No,Yes,No,No,Yes,Yes,Month-to-month,Yes,Bank transfer (automatic),114.96,6306.03,Yes
8671-TIYJP,Male,0,Yes,No,22,Yes,No,Fiber optic,No,No,No,Yes,Yes,No,Month-to-month,Yes,Mailed check,103.06,2233.42,Yes
2908-AAJHI,Female,0,No,No,12,Yes,No,DSL,No,No,No,No,No,Yes,Month-to-month,Yes,Credit card (automatic),70.25,859.64,Yes
3261-CTGGB,Male,1,No,No,32,Yes,Yes,No,No internet service,No internet service,No internet service,No internet service,No internet service,No internet service,One year,No,Electronic check,47.35,1548.84,No
5776-WPAAY,Male,0,Yes,No,35,Yes,Yes,DSL,No,No,Yes,No,Yes,Yes,Month-to-month,No,Credit card (automatic),81.66,2843.98,No
1369-ZMAGI,Female,0,Yes,No,39,Yes,Yes,DSL,No,No,No,Yes,Yes,No,One year,Yes,Electronic check,86.79,3397.02,No
1732-ZZXZI,Female,0,Yes,No,12,No,No phone service,Fiber optic,No,No,No,No,No,Yes,Month-to-month,Yes,Electronic check,78.23,955.6,Yes
3840-UORBD,Male,1,No,No,52,Yes,No,Fiber optic,No,No,No,Yes,No,Yes,Month-to-month,No,Electronic check,99.21,5164.68,Yes
9650-KJYHV,Female,1,Yes,Yes,23,Yes,No,Fiber optic,No,No,No,No,Yes,No,Month-to-month,Yes,Electronic check,103.03,2393.63,Yes
6729-QVHXQ,Male,0,Yes,No,3,Yes,Yes,Fiber optic,No,No,Yes,No,No,No,Month-to-month,Yes,Credit card (automatic),94.84,284.44,Yes
3359-SBXRB,Female,0,No,No,25,Yes,No,Fiber optic,No,Yes,No,No,Yes,No,Two year,No,Electronic check,96.73,2403.88,No
3991-OIHAV,Female,0,Yes,No,24,Yes,No,Fiber optic,Yes,No,No,No,No,No,One year,Yes,Electronic check,93.94,2227.53,No
8321-FOYME,Male,1,No,Yes,24,No,No phone service,Fiber optic,No,No,No,Yes,Yes,No,Month-to-month,Yes,Bank transfer (automatic),85.13,2049.93,Yes
7503-MWMYC,Female,0,No,No,32,Yes,Yes,DSL,Yes,No,No,No,No,No,Two year,Yes,Electronic check,81.76,2592.02,No
9044-VQPTL,Male,0,Yes,No,72,Yes,Yes,Fiber optic,Yes,No,No,No,Yes,No,One year,Yes,Bank transfer (automatic),102.87,7421.9,No
5003-DSCUP,Male,0,No,No,25,No,No phone service,Fiber optic,Yes,No,No,No,No,No,Month-to-month,No,Credit card (automatic),76.89,1914.06,Yes
3271-MGYEK,Male,0,Yes,No,28,Yes,No,No,No internet service,No internet service,No internet service,No internet service,No internet service,No internet service,Two year,Yes,Electronic check,44.24,1218.56,No
9316-POUWH,Male,0,Yes,Yes,17,No,No phone service,Fiber optic,No,No,Yes,Yes,Yes,Yes,Month-to-month,Yes,Electronic check,95.13,1625.35,No
8558-BPFSB,Female,0,No,No,25,Yes,Yes,Fiber optic,No,No,No,No,No,No,Month-to-month,Yes,Mailed check,99.39,2478.75,No
2737-VOHTI,Male,1,No,No,39,Yes,No,No,No internet service,No internet service,No internet service,No internet service,No internet service,No internet service,Two year,No,Credit card (automatic),38.62,1512.79,No
3187-MUKLR,Male,0,No,No,40,Yes,Yes,DSL,No,No,Yes,No,Yes,Yes,Two year,Yes,Credit card (automatic),82.7,3302.56,No
4990-GNGIL,Female,0,Yes,No,65,Yes,Yes,Fiber optic,No,No,No,No,Yes,No,Month-to-month,Yes,Credit card (automatic),88.05,5728.16,No
8691-NVYMN,Male,0,Yes,Yes,4,Yes,No,Fiber optic,No,No,Yes,No,No,Yes,Month-to-month,Yes,Bank transfer (automatic),103.29,402.35,Yes
4287-HMQNB,Female,0,Yes,No,48,Yes,Yes,Fiber optic,Yes,No,No,No,No,No,One year,Yes,Mailed check,92.64,4423.52,No
9828-YQRXY,Male,1,No,Yes,43,Yes,No,DSL,No,No,No,No,Yes,No,One year,No,Bank transfer (automatic),73.64,3139.28,No
5719-EGZWU,Female,0,No,No,6,Yes,Yes,Fiber optic,No,No,Yes,Yes,Yes,No,Month-to-month,Yes,Bank transfer (automatic),112.36,655.23,Yes
9978-GTGCN,Female,0,No,No,64,Yes,Yes,DSL,No,No,No,No,No,Yes,Two year,Yes,Electronic check,69.25,4422.73,No
3466-LZGUB,Female,0,No,Yes,8,Yes,No,DSL,No,No,No,No,No,No,Month-to-month,No,Bank transfer (automatic),59.32,496.14,No
6811-LOAXU,Male,0,Yes,No,40,Yes,No,Fiber optic,Yes,No,No,No,No,Yes,Two year,No,Credit card (automatic),103.0,4116.38,No
4775-WJULN,Male,0,No,No,3,Yes,No,DSL,Yes,Yes,No,No,No,No,Two year,Yes,Credit card (automatic),75.49,218.43,Yes
5853-CMGVS,Female,0,Yes,No,12,Yes,No,Fiber optic,No,No,No,No,No,No,Month-to-month,Yes,Bank transfer (automatic),93.86,1108.01,Yes
7952-XCLTR,Male,0,Yes,Yes,41,Yes,Yes,Fiber optic,No,No,No,No,Yes,No,Month-to-month,No,Bank transfer (automatic),89.36,3624.57,No
1539-EQPCY,Female,0,No,No,42,Yes,No,Fiber optic,Yes,Yes,No,No,Yes,No,Month-to-month,Yes,Credit card (automatic),114.91,4848.86,No
2784-WWYCE,Male,0,No,No,23,Yes,No,No,No internet service,No internet service,No internet service,No internet service,No internet service,No internet service,One year,Yes,Electronic check,39.04,881.34,No
4969-VSASN,Female,0,Yes,No,68,Yes,Yes,Fiber optic,No,No,Yes,No,No,Yes,Month-to-month,Yes,Mailed check,115.27,7832.6,No
3472-LFLFR,Female,1,Yes,No,40,Yes,No,Fiber optic,No,No,No,Yes,No,No,Two year,No,Credit card (automatic),91.82,3669.27,No
9736-HQRZT,Male,0,No,No,53,Yes,No,No,No internet service,No internet service,No internet service,No internet service,No internet service,No internet service,Month-to-month,Yes,Bank transfer (automatic),38.79,2049.0,No
1770-NPGLR,Male,1,Yes,No,24,Yes,No,DSL,Yes,Yes,Yes,No,Yes,No,Month-to-month,Yes,Credit card (automatic),91.24,2245.32,No
7533-CTIEE,Female,0,No,Yes,10,Yes,No,Fiber optic,No,Yes,Yes,Yes,Yes,No,Month-to-month,No,Electronic check,120.0,1195.51,Yes
1470-KEPKP,Male,0,No,Yes,10,Yes,No,Fiber optic,No,Yes,No,Yes,No,No,Month-to-month,No,Electronic check,104.7,1036.75,No
2797-DDRMO,Female,0,Yes,No,20,Yes,No,No,No internet service,No internet service,No internet service,No internet service,No internet service,No internet service,Month-to-month,Yes,Electronic check,36.68,747.31,No
5804-HMICU,Male,0,Yes,No,12,No,No phone service,Fiber optic,Yes,Yes,No,No,No,Yes,Two year,Yes,Electronic check,92.67,1110.7,Yes
2623-FOIDX,Female,0,Yes,No,11,Yes,Yes,DSL,Yes,No,No,No,Yes,No,Two year,No,Bank transfer (automatic),76.35,813.38,No
5638-SPPPT,Female,0,No,Yes,5,No,No phone service,DSL,No,No,No,No,No,No,Month-to-month,Yes,Mailed check,44.8,233.92,Yes
3959-SJICQ,Male,0,Yes,Yes,21,No,No phone service,DSL,Yes,No,No,No,No,No,Two year,No,Electronic check,54.99,1143.16,No
3187-ZXEKL,Female,0,No,No,5,Yes,Yes,Fiber optic,No,No,No,Yes,No,No,Month-to-month,Yes,Bank transfer (automatic),102.17,507.86,No
1074-MDNJF,Male,0,Yes,Yes,21,Yes,No,Fiber optic,No,No,Yes,No,No,Yes,Two year,No,Bank transfer (automatic),108.64,2303.39,No
2843-XXKPB,Female,1,No,No,4,Yes,Yes,Fiber optic,No,No,Yes,Yes,No,No,Month-to-month,Yes,Electronic check,104.49,436.17,Yes
9808-TMMXW,Male,1,Yes,No,19,Yes,No,DSL,No,Yes,No,No,No,Yes,Month-to-month,Yes,Mailed check,70.72,1325.35,Yes
9349-ESISZ,Male,0,Yes,Yes,39,Yes,Yes,DSL,No,No,No,No,No,No,Two year,Yes,Bank transfer (automatic),66.01,2582.34,No
1483-BSRSW,Male,0,No,No,12,Yes,No,DSL,Yes,No,No,No,No,Yes,Month-to-month,Yes,Electronic check,73.56,879.99,No
6763-PXLRY,Male,0,No,No,33,Yes,No,Fiber optic,No,No,Yes,No,No,No,Two year,No,Credit card (automatic),87.42,2867.79,No
1001-OOHNI,Male,0,Yes,No,31,Yes,No,Fiber optic,Yes,No,No,Yes,Yes,Yes,One year,Yes,Bank transfer (automatic),118.77,3658.7,No
9143-SJWUB,Female,0,Yes,Yes,15,Yes,Yes,Fiber optic,No,No,No,Yes,No,No,Month-to-month,No,Bank transfer (automatic),98.43,1457.65,No
6639-RTSPK,Male,0,No,No,5,Yes,No,No,No internet service,No internet service,No internet service,No internet service,No internet service,No internet service,Month-to-month,No,Electronic check,43.46,239.69,No
5370-WPAQY,Female,0,Yes,No,48,Yes,No,Fiber optic,Yes,No,No,No,No,Yes,Month-to-month,Yes,Bank transfer (automatic),109.39,5184.87,Yes
2457-ACKFR,Male,1,Yes,No,15,Yes,Yes,Fiber optic,Yes,No,No,No,No,No,One year,No,Electronic check,92.97,1372.73,Yes
1016-RZGBV,Male,0,Yes,Yes,72,Yes,Yes,No,No internet service,No internet service,No internet service,No internet service,No internet service,No internet service,Month-to-month,Yes,Credit card (automatic),42.51,3078.04,No
8428-UGNRQ,Female,0,Yes,Yes,46,Yes,Yes,Fiber optic,Yes,Yes,No,Yes,Yes,No,Month-to-month,No,Electronic check,120.0,5493.5,No
3274-CWIKW,Female,1,No,No,41,Yes,Yes,Fiber optic,No,Yes,No,No,Yes,Yes,Month-to-month,Yes,Electronic check,115.84,4754.55,Yes
8048-BQLNL,Male,0,No,No,8,Yes,Yes,Fiber optic,No,No,No,No,No,No,Month-to-month,Yes,Bank transfer (automatic),91.73,723.33,Yes
6830-NCADL,Male,0,No,No,41,Yes,No,Fiber optic,No,No,No,Yes,Yes,No,Month-to-month,No,Electronic check,108.33,4421.63,No
8938-GUYBF,Female,1,No,No,57,Yes,Yes,No,No internet service,No internet service,No internet service,No internet service,No internet service,No internet service,Month-to-month,No,Electronic check,42.36,2383.96,No
9845-VCFJG,Female,1,Yes,No,28,Yes,No,Fiber optic,Yes,Yes,No,Yes,No,No,Month-to-month,Yes,Electronic check,109.14,3044.45,No
6161-ICRHX,Female,0,No,No,33,Yes,No,No,No internet service,No internet service,No internet service,No internet service,No internet service,No internet service,Two year,No,Credit card (automatic),46.43,1531.27,No
5258-MXHRV,Male,0,Yes,Yes,39,No,No phone service,Fiber optic,No,No,Yes,No,No,No,One year,Yes,Mailed check,79.58,3089.41,No
8753-ZDVTM,Male,0,Yes,Yes,61,Yes,No,DSL,No,No,No,Yes,No,No,Month-to-month,Yes,Mailed check,63.34,3871.59,No
8530-USBFQ,Female,0,No,Yes,35,Yes,No,No,No internet service,No internet service,No internet service,No internet service,No internet service,No internet service,Two year,Yes,Electronic check,41.31,1474.87,No
1033-JODKO,Female,0,Yes,No,38,Yes,Yes,DSL,No,No,No,No,No,No,Month-to-month,Yes,Mailed check,64.06,2466.41,No
3272-ZRFOZ,Male,0,Yes,Yes,32,Yes,Yes,No,No internet service,No internet service,No internet service,No internet service,No internet service,No internet service,Month-to-month,Yes,Mailed check,36.12,1145.91,No
5272-MESIG,Male,0,Yes,No,72,Yes,No,No,No internet service,No internet service,No internet service,No internet service,No internet service,No internet service,Month-to-month,No,Electronic check,31.91,2276.78,No
4817-YVZJM,Male,0,No,No,28,Yes,No,Fiber optic,No,No,No,No,No,No,Month-to-month,Yes,Electronic check,95.82,2675.88,No
8774-IPLRI,Female,0,Yes,No,38,Yes,No,No,No internet service,No internet service,No internet service,No internet service,No internet service,No internet service,Two year,Yes,Bank transfer (automatic),38.36,1464.08,No
7775-AAZCC,Male,0,No,No,64,Yes,No,No,No internet service,No internet service,No internet service,No internet service,No internet service,No internet service,Month-to-month,Yes,Electronic check,37.61,2402.53,No
7987-JFVHB,Male,0,No,Yes,18,Yes,No,Fiber optic,Yes,Yes,No,No,Yes,Yes,One year,Yes,Credit card (automatic),111.15,2011.57,No
2418-DITYE,Male,0,No,No,72,Yes,No,No,No internet service,No internet service,No internet service,No internet service,No internet service,No internet service,Month-to-month,Yes,Electronic check,33.22,2395.06,No
7170-XRAXT,Female,0,Yes,No,17,Yes,Yes,Fiber optic,Yes,No,Yes,No,No,Yes,Month-to-month,Yes,Electronic check,108.28,1830.14,Yes
1688-BCCZB,Male,0,No,No,12,Yes,No,DSL,No,Yes,No,Yes,Yes,No,Month-to-month,Yes,Electronic check,81.12,947.58,No
9602-CEMWS,Male,0,Yes,No,39,Yes,No,Fiber optic,Yes,No,No,Yes,Yes,Yes,Month-to-month,No,Bank transfer (automatic),120.0,4732.19,No
8605-GVUAU,Male,0,No,No,16,No,No phone service,No,No internet service,No internet service,No internet service,No internet service,No internet service,No internet service,Month-to-month,No,Electronic check,22.19,358.98,No
5749-HYYPB,Male,0,No,No,72,Yes,No,Fiber optic,No,No,No,No,No,Yes,Month-to-month,Yes,Electronic check,101.49,7319.11,No
5498-CSAFJ,Female,0,Yes,Yes,72,Yes,Yes,Fiber optic,No,No,No,Yes,No,No,Month-to-month,Yes,Electronic check,96.65,6908.66,No
7265-MFBPK,Male,0,No,No,12,Yes,Yes,Fiber optic,No,No,No,No,Yes,No,Two year,Yes,Electronic check,93.43,1113.72,No
4790-PQIHP,Male,0,No,No,11,Yes,Yes,Fiber optic,No,No,Yes,No,No,Yes,One year,Yes,Electronic check,111.92,1190.2,Yes
7303-JNZQC,Female,0,Yes,Yes,11,Yes,Yes,DSL,No,No,No,No,No,Yes,Two year,Yes,Mailed check,64.99,702.01,No
7662-KMCCF,Male,1,Yes,Yes,3,Yes,Yes,No,No internet service,No internet service,No internet service,No internet service,No internet service,No internet service,Two year,Yes,Bank transfer (automatic),41.3,103.85,No
6811-COOVF,Female,0,No,No,16,Yes,No,Fiber optic,No,No,Yes,Yes,No,No,Month-to-month,Yes,Electronic check,104.95,1653.26,Yes
6127-OUGNH,Female,0,No,No,55,Yes,Yes,No,No internet service,No internet service,No internet service,No internet service,No internet service,No internet service,Two year,Yes,Mailed check,35.59,1975.19,No
4532-LSCWP,Male,0,No,Yes,40,Yes,No,Fiber optic,No,No,Yes,No,Yes,No,Two year,Yes,Credit card (automatic),101.48,4075.49,Yes
9776-CAAYY,Female,0,Yes,No,23,Yes,No,DSL,No,No,No,No,No,No,Month-to-month,No,Bank transfer (automatic),63.24,1435.33,No
2310-DUVVF,Male,0,No,No,37,Yes,No,DSL,No,Yes,No,No,No,No,One year,No,Credit card (automatic),71.34,2673.65,No
5830-CSNNQ,Female,0,No,No,8,Yes,No,Fiber optic,No,No,Yes,Yes,Yes,Yes,Month-to-month,No,Electronic check,111.08,855.16,Yes
9651-OEEOZ,Male,0,No,No,28,Yes,Yes,Fiber optic,No,No,Yes,No,Yes,No,Month-to-month,No,Mailed check,102.17,2888.97,No
2765-SHQJL,Female,0,No,No,32,Yes,Yes,No,No internet service,No internet service,No internet service,No internet service,No internet service,No internet service,Month-to-month,No,Electronic check,42.58,1376.69,No
1566-CFHMG,Female,0,Yes,Yes,31,Yes,No,No,No internet service,No internet service,No internet service,No internet service,No internet service,No internet service,Month-to-month,Yes,Credit card (automatic),34.76,1082.61,No
2403-NDMCL,Female,0,No,No,15,Yes,Yes,Fiber optic,No,No,No,No,No,No,Month-to-month,Yes,Credit card (automatic),90.93,1369.09,Yes
7105-CWXHC,Male,1,Yes,Yes,15,Yes,Yes,No,No internet service,No internet service,No internet service,No internet service,No internet service,No internet service,One year,No,Mailed check,41.37,671.21,No
7714-FOCYN,Male,0,Yes,No,43,Yes,No,No,No internet service,No internet service,No internet service,No internet service,No internet service,No internet service,Month-to-month,Yes,Electronic check,38.68,1641.41,No
4789-KQWWC,Male,0,No,No,41,Yes,Yes,DSL,No,No,Yes,No,No,No,Month-to-month,Yes,Mailed check,82.74,3404.48,Yes
7474-MBVLO,Male,0,Yes,No,3,Yes,No,DSL,Yes,Yes,No,No,Yes,No,Month-to-month,No,Credit card (automatic),95.11,244.98,Yes
1044-DYRCT,Female,0,Yes,No,3,Yes,Yes,Fiber optic,No,No,Yes,No,Yes,No,Two year,No,Bank transfer (automatic),105.62,345.97,Yes
7915-BITZJ,Male,0,Yes,No,72,Yes,Yes,DSL,No,No,Yes,Yes,Yes,Yes,Two year,Yes,Bank transfer (automatic),101.1,7260.86,No
7872-GZCTJ,Female,0,No,No,33,Yes,No,DSL,No,No,No,No,No,Yes,Month-to-month,Yes,Bank transfer (automatic),72.15,2443.88,No
5144-TUHOD,Female,0,No,Yes,31,Yes,Yes,Fiber optic,No,Yes,No,No,Yes,Yes,Two year,Yes,Electronic check,116.48,3621.96,Yes
5549-FOZJJ,Male,0,Yes,No,13,No,No phone service,No,No internet service,No internet service,No internet service,No internet service,No internet service,No internet service,Two year,Yes,Bank transfer (automatic),18.25,238.35,No
8123-ZLYRU,Male,1,Yes,No,20,Yes,Yes,No,No internet service,No internet service,No internet service,No internet service,No internet service,No internet service,Two year,No,Electronic check,45.97,933.72,No
3223-DUWLC,Female,0,No,No,16,Yes,No,DSL,No,Yes,No,Yes,No,Yes,Two year,Yes,Credit card (automatic),78.82,1289.04,No
4992-CVIVI,Male,0,Yes,No,55,Yes,No,No,No internet service,No internet service,No internet service,No internet service,No internet service,No internet service,Month-to-month,Yes,Electronic check,38.2,2104.87,No
8830-JAGBJ,Male,0,No,No,54,Yes,Yes,DSL,No,No,No,Yes,No,No,Month-to-month,No,Mailed check,79.14,4295.61,No
6105-JBHRA,Female,0,No,No,34,Yes,No,No,No internet service,No internet service,No internet service,No internet service,No internet service,No internet service,Two year,Yes,Electronic check,38.95,1315.73,No
8356-RLLDF,Female,0,Yes,No,30,Yes,No,Fiber optic,No,No,Yes,No,No,No,Two year,No,Electronic check,91.66,2740.88,No
6927-FLBNI,Male,0,No,Yes,38,Yes,Yes,DSL,No,No,Yes,Yes,Yes,No,Month-to-month,No,Bank transfer (automatic),83.58,3152.01,No
8940-UKZYY,Male,0,Yes,No,30,Yes,No,No,No internet service,No internet service,No internet service,No internet service,No internet service,No internet service,One year,No,Bank transfer (automatic),43.53,1288.35,No
7399-PHOUX,Male,0,No,No,43,Yes,Yes,DSL,No,No,Yes,No,Yes,No,One year,No,Credit card (automatic),79.97,3452.15,No
2318-EEKJK,Female,0,Yes,No,68,Yes,Yes,DSL,No,No,No,No,Yes,Yes,Month-to-month,No,Bank transfer (automatic),78.96,5356.59,No
1405-XNILM,Female,0,No,No,25,Yes,Yes,DSL,No,Yes,No,No,No,No,One year,Yes,Electronic check,72.18,1825.17,Yes
6127-LNKBC,Female,0,No,No,13,Yes,Yes,Fiber optic,No,No,No,No,Yes,No,Month-to-month,Yes,Electronic check,89.62,1189.61,Yes
3168-YEBRL,Female,0,No,No,30,Yes,No,DSL,No,No,No,No,No,No,Month-to-month,No,Mailed check,66.32,1962.87,Yes
9030-EACFX,Female,0,No,No,17,Yes,No,No,No internet service,No internet service,No internet service,No internet service,No internet service,No internet service,Month-to-month,No,Electronic check,41.22,721.67,Yes
6008-GXAAR,Male,0,Yes,No,10,Yes,Yes,Fiber optic,No,No,No,No,No,No,Month-to-month,Yes,Mailed check,92.03,936.38,No
4470-YTHKY,Male,0,No,No,62,Yes,Yes,Fiber optic,No,Yes,No,Yes,No,No,Month-to-month,No,Electronic check,103.22,6410.69,Yes
6118-KCNFD,Female,1,No,No,29,Yes,Yes,DSL,No,Yes,No,No,No,Yes,Month-to-month,No,Credit card (automatic),78.22,2286.44,No
7851-ISPQY,Female,0,Yes,No,20,Yes,No,DSL,No,Yes,No,No,No,No,Month-to-month,Yes,Electronic check,79.36,1587.28,No
7683-KZLPK,Female,0,Yes,Yes,32,Yes,Yes,Fiber optic,No,No,Yes,No,No,No,Month-to-month,Yes,Bank transfer (automatic),97.4,3119.36,Yes
8179-HJSMV,Male,0,Yes,No,18,Yes,No,Fiber optic,No,No,No,No,No,Yes,Month-to-month,No,Mailed check,98.01,1796.13,Yes
2456-IMMWJ,Male,0,Yes,Yes,63,Yes,Yes,Fiber optic,Yes,Yes,No,No,Yes,No,Month-to-month,No,Mailed check,109.13,6868.86,Yes
6161-DYKNG,Male,0,No,No,72,Yes,No,Fiber optic,Yes,No,Yes,Yes,Yes,Yes,Month-to-month,No,Bank transfer (automatic),120.0,8613.19,No
3969-ODLVP,Male,0,Yes,Yes,19,Yes,Yes,DSL,No,No,No,No,No,Yes,Two year,No,Credit card (automatic),71.82,1403.93,No
8948-DXYAY,Female,0,No,No,24,Yes,Yes,Fiber optic,No,Yes,No,Yes,Yes,No,One year,Yes,Bank transfer (automatic),105.81,2547.1,No
9574-QNFJW,Female,0,No,No,35,Yes,Yes,Fiber optic,No,No,No,No,No,Yes,Month-to-month,Yes,Electronic check,90.66,3201.97,No
7833-KKKGI,Male,0,Yes,No,9,Yes,No,DSL,No,No,Yes,No,Yes,No,One year,Yes,Electronic check,84.63,770.23,No
6933-BGEBA,Male,0,No,No,4,Yes,No,Fiber optic,No,Yes,No,No,Yes,Yes,Month-to-month,Yes,Credit card (automatic),107.15,432.05,Yes
3369-DOKWD,Female,0,Yes,Yes,58,No,No phone service,No,No internet service,No internet service,No internet service,No internet service,No internet service,No internet service,Month-to-month,No,Mailed check,22.74,1332.66,No
1938-DHEUU,Male,0,Yes,Yes,20,Yes,Yes,DSL,No,No,No,No,No,Yes,Month-to-month,Yes,Bank transfer (automatic),66.5,1384.87,No
7645-HTNCP,Female,0,Yes,Yes,19,Yes,No,DSL,Yes,Yes,No,No,No,No,Two year,Yes,Mailed check,77.36,1449.01,No
2636-HXQGA,Female,0,Yes,No,37,Yes,Yes,Fiber optic,No,Yes,Yes,Yes,Yes,No,One year,No,Bank transfer (automatic),120.0,4409.33,No
2039-RYOBZ,Male,0,Yes,No,13,Yes,No,Fiber optic,Yes,No,No,Yes,No,Yes,Two year,No,Mailed check,110.52,1433.87,No
8225-RHCZS,Male,0,Yes,No,18,No,No phone service,Fiber optic,No,Yes,No,No,No,No,Two year,Yes,Mailed check,82.13,1507.56,No
8519-XQSAT,Female,0,Yes,No,9,Yes,Yes,DSL,Yes,No,No,Yes,No,Yes,Month-to-month,Yes,Credit card (automatic),89.02,784.89,No
3608-FXKHV,Female,0,Yes,Yes,5,Yes,No,Fiber optic,No,Yes,No,No,Yes,No,Two year,Yes,Mailed check,108.39,520.41,No
3473-TFCOW,Male,0,No,No,18,No,No phone service,Fiber optic,No,No,No,Yes,Yes,No,One year,No,Electronic check,88.4,1568.15,Yes
4314-HSLAB,Female,1,Yes,No,13,Yes,Yes,Fiber optic,Yes,Yes,No,No,Yes,No,One year,No,Mailed check,106.72,1417.82,Yes
4997-PORKJ,Female,0,No,No,11,Yes,No,DSL,No,Yes,Yes,No,No,Yes,Month-to-month,Yes,Electronic check,87.45,978.73,Yes
5986-TGSNE,Female,0,No,Yes,28,Yes,No,No,No internet service,No internet service,No internet service,No internet service,No internet service,No internet service,Month-to-month,Yes,Electronic check,36.95,1023.15,Yes
9904-BOGEG,Male,0,No,No,47,Yes,No,DSL,No,No,No,No,Yes,Yes,Month-to-month,No,Bank transfer (automatic),79.29,3742.69,Yes
4651-AJUGP,Female,0,No,No,47,Yes,Yes,No,No internet service,No internet service,No internet service,No internet service,No internet service,No internet service,Month-to-month,Yes,Electronic check,44.46,2080.4,No
1128-CKQDN,Female,0,No,Yes,46,Yes,No,DSL,No,No,Yes,Yes,Yes,Yes,Month-to-month,No,Mailed check,89.37,4084.75,No
8549-GSQCB,Male,0,No,No,15,Yes,No,DSL,No,No,Yes,No,No,No,Month-to-month,Yes,Bank transfer (automatic),73.64,1137.63,No
6924-AJTCR,Male,0,No,No,26,Yes,Yes,DSL,No,No,No,Yes,No,No,Month-to-month,Yes,Electronic check,70.41,1812.65,Yes
3055-VJVOM,Female,0,No,No,17,Yes,No,No,No internet service,No internet service,No internet service,No internet service,No internet service,No internet service,Month-to-month,Yes,Electronic check,37.88,608.98,No
6744-AKLNZ,Male,0,Yes,No,15,No,No phone service,Fiber optic,Yes,No,Yes,Yes,No,Yes,Two year,Yes,Bank transfer (automatic),98.22,1459.45,No
3131-DWQUQ,Male,1,No,No,15,Yes,No,Fiber optic,Yes,No,No,Yes,Yes,Yes,Month-to-month,Yes,Credit card (automatic),113.2,1708.14,Yes
2310-DIWHK,Male,0,No,No,11,Yes,No,No,No internet service,No internet service,No internet service,No internet service,No internet service,No internet service,Two year,Yes,Electronic check,42.68,492.63,Yes
6512-IYEJC,Female,0,Yes,No,32,Yes,No,DSL,No,No,Yes,No,No,No,Month-to-month,No,Electronic check,74.94,2404.96,No
9854-XPJUJ,Female,1,No,No,56,Yes,No,Fiber optic,No,No,No,No,No,No,Month-to-month,Yes,Credit card (automatic),88.18,4959.75,No
8777-CHRNJ,Male,0,No,No,17,Yes,Yes,DSL,No,No,Yes,No,Yes,No,Month-to-month,Yes,Credit card (automatic),75.69,1302.09,Yes
4804-BDDDJ,Female,0,No,No,16,Yes,Yes,Fiber optic,No,No,No,Yes,No,Yes,Month-to-month,Yes,Credit card (automatic),104.72,1673.79,Yes
8946-AJRGC,Male,0,Yes,No,4,Yes,No,DSL,No,No,Yes,Yes,Yes,Yes,Month-to-month,Yes,Electronic check,97.49,361.24,Yes
3938-LJDGI,Female,1,Yes,No,41,Yes,No,DSL,No,No,No,Yes,Yes,No,Month-to-month,Yes,Credit card (automatic),77.16,3167.96,No
5866-MKIWN,Female,0,Yes,No,3,Yes,No,DSL,No,No,Yes,Yes,Yes,Yes,Two year,Yes,Credit card (automatic),96.83,285.3,No
1541-PYWAV,Female,0,No,Yes,29,Yes,Yes,Fiber optic,Yes,Yes,No,Yes,Yes,No,Month-to-month,Yes,Electronic check,120.0,3503.2,No
7817-KRKJA,Male,1,No,No,13,Yes,No,DSL,No,No,No,Yes,Yes,No,Month-to-month,No,Bank transfer (automatic),79.72,1013.72,Yes
3387-VJUTK,Female,0,No,No,22,Yes,No,DSL,Yes,Yes,No,Yes,Yes,No,Month-to-month,Yes,Electronic check,90.71,2015.49,No
3969-YCJOI,Male,1,Yes,Yes,30,Yes,Yes,Fiber optic,No,No,Yes,Yes,Yes,Yes,One year,No,Mailed check,116.96,3470.56,No
9619-QSVXG,Female,1,Yes,No,28,No,No phone service,DSL,No,No,No,No,Yes,No,Two year,No,Bank transfer (automatic),46.96,1349.5,No
6646-DICHQ,Male,1,No,No,51,No,No phone service,DSL,No,No,Yes,Yes,Yes,Yes,Month-to-month,Yes,Electronic check,80.21,4097.76,No
5587-FKYIV,Male,0,No,No,3,Yes,No,Fiber optic,No,Yes,No,No,Yes,No,Month-to-month,Yes,Credit card (automatic),107.88,309.72,Yes
4901-KNTRT,Male,0,No,No,47,No,No phone service,No,No internet service,No internet service,No internet service,No internet service,No internet service,No internet service,Two year,Yes,Credit card (automatic),18.25,865.32,No
2910-OKENZ,Female,0,Yes,No,31,Yes,No,No,No internet service,No internet service,No internet service,No internet service,No internet service,No internet service,Two year,Yes,Credit card (automatic),40.75,1291.4,No
6897-PWQLS,Male,0,Yes,No,55,Yes,Yes,No,No internet service,No internet service,No internet service,No internet service,No internet service,No internet service,Two year,Yes,Electronic check,45.79,2537.39,No
8395-VDWSK,Female,0,No,Yes,27,Yes,No,Fiber optic,Yes,Yes,Yes,No,Yes,Yes,Two year,Yes,Bank transfer (automatic),120.0,3235.86,No
9304-GZMIO,Male,1,No,No,7,Yes,No,DSL,No,No,Yes,Yes,No,No,Month-to-month,Yes,Credit card (automatic),85.06,625.67,Yes
2590-ZGLMC,Male,0,Yes,No,24,No,No phone service,Fiber optic,No,No,Yes,No,Yes,Yes,Month-to-month,Yes,Electronic check,92.56,2236.27,No
3647-EHASX,Female,0,No,No,40,Yes,No,No,No internet service,No internet service,No internet service,No internet service,No internet service,No internet service,Month-to-month,Yes,Bank transfer (automatic),39.36,1586.94,No
4553-GIYNO,Male,0,No,No,45,Yes,Yes,DSL,Yes,No,No,No,Yes,No,One year,Yes,Electronic check,78.52,3519.21,No
2256-VFBIF,Female,0,No,No,25,Yes,No,No,No internet service,No internet service,No internet service,No internet service,No internet service,No internet service,Two year,Yes,Bank transfer (automatic),41.49,1040.17,No
9517-BSSDB,Female,0,Yes,No,23,Yes,No,No,No internet service,No internet service,No internet service,No internet service,No internet service,No internet service,Month-to-month,No,Bank transfer (automatic),40.53,972.79,No
6841-BJGPJ,Male,0,Yes,Yes,30,Yes,Yes,Fiber optic,No,No,No,No,No,No,Month-to-month,Yes,Credit card (automatic),92.37,2758.07,No
2081-JYEEM,Male,0,No,Yes,50,Yes,No,Fiber optic,No,No,Yes,No,Yes,No,Two year,No,Mailed check,100.02,4985.67,No
4141-NCKJM,Male,0,No,No,18,Yes,Yes,Fiber optic,Yes,No,Yes,No,No,Yes,Month-to-month,No,Bank transfer (automatic),105.75,1882.91,Yes
8331-MCMCJ,Female,0,No,No,36,Yes,Yes,No,No internet service,No internet service,No internet service,No internet service,No internet service,No internet service,One year,Yes,Electronic check,42.62,1545.61,No
8957-DVVZB,Female,0,No,Yes,72,Yes,Yes,DSL,No,Yes,No,No,No,No,Two year,Yes,Bank transfer (automatic),77.93,5605.01,No
4137-SCPVA,Male,0,Yes,Yes,72,Yes,No,DSL,No,No,No,No,Yes,No,Month-to-month,Yes,Credit card (automatic),70.19,5015.7,No
8063-MRHIB,Male,0,Yes,No,50,Yes,Yes,Fiber optic,Yes,No,Yes,No,No,No,Month-to-month,Yes,Bank transfer (automatic),103.31,5179.37,No
2366-TMZDD,Male,1,Yes,Yes,22,Yes,Yes,Fiber optic,No,Yes,No,No,Yes,Yes,Month-to-month,Yes,Credit card (automatic),115.21,2537.98,Yes
5971-YAXJZ,Male,0,No,Yes,9,Yes,No,DSL,No,Yes,No,No,Yes,Yes,Month-to-month,Yes,Bank transfer (automatic),82.81,771.62,Yes
5983-JYBTF,Female,0,Yes,Yes,34,Yes,No,Fiber optic,No,No,Yes,Yes,No,Yes,Month-to-month,No,Mailed check,108.24,3673.36,No
2821-ZAIWW,Female,0,No,No,69,Yes,No,Fiber optic,No,No,Yes,No,No,Yes,One year,Yes,Credit card (automatic),100.75,6946.26,No
4703-DBEJO,Male,0,No,No,25,Yes,Yes,DSL,No,No,No,No,No,No,Month-to-month,No,Electronic check,73.53,1866.0,No
8697-ZHUCR,Female,1,No,No,54,Yes,Yes,Fiber optic,No,Yes,No,Yes,No,No,One year,No,Bank transfer (automatic),105.64,5726.18,No
8102-TFWON,Male,0,No,No,51,Yes,No,Fiber optic,No,No,No,No,Yes,No,Month-to-month,Yes,Bank transfer (automatic),103.08,5273.28,Yes
4203-XFGKL,Male,0,No,Yes,27,Yes,No,DSL,Yes,Yes,No,No,No,No,Two year,No,Credit card (automatic),74.95,2033.78,No
7476-ZFOYT,Female,0,No,No,48,Yes,No,DSL,Yes,No,Yes,Yes,Yes,No,Month-to-month,Yes,Mailed check,95.86,4624.75,No
9812-NLWTJ,Female,0,No,No,10,Yes,Yes,DSL,No,No,No,No,No,Yes,One year,No,Mailed check,75.95,804.3,No
2246-KDUEC,Female,0,Yes,No,23,Yes,No,DSL,No,No,No,No,No,Yes,Month-to-month,No,Electronic check,77.82,1761.88,Yes
9932-SDJPU,Male,0,Yes,No,37,No,No phone service,DSL,No,No,No,No,No,No,Two year,Yes,Credit card (automatic),42.07,1573.42,No
5118-ZZFEU,Male,0,No,No,27,Yes,No,Fiber optic,No,Yes,No,Yes,Yes,No,Month-to-month,Yes,Mailed check,105.19,2855.39,No
1934-JMHIQ,Male,0,No,No,11,Yes,Yes,No,No internet service,No internet service,No internet service,No internet service,No internet service,No internet service,Two year,Yes,Mailed check,50.05,583.2,No
2926-QOYJN,Male,1,No,No,48,Yes,No,DSL,No,No,No,No,No,Yes,Month-to-month,Yes,Electronic check,80.67,3911.65,No
4863-RYYZX,Female,0,Yes,Yes,37,Yes,No,No,No internet service,No internet service,No internet service,No internet service,No internet service,No internet service,Two year,Yes,Bank transfer (automatic),37.73,1377.32,No
5679-ZBHTH,Female,1,No,Yes,31,Yes,Yes,Fiber optic,No,No,Yes,No,No,Yes,Month-to-month,No,Mailed check,101.72,3137.88,No
2453-ELCIS,Male,0,No,No,62,Yes,Yes,Fiber optic,No,No,Yes,Yes,No,Yes,Month-to-month,Yes,Bank transfer (automatic),110.08,6816.68,Yes
4375-UOLXN,Female,0,No,No,49,Yes,No,Fiber optic,No,Yes,No,No,No,No,One year,Yes,Bank transfer (automatic),100.73,4951.85,No
6240-WXSEF,Male,0,Yes,No,2,Yes,Yes,No,No internet service,No internet service,No internet service,No internet service,No internet service,No internet service,Month-to-month,Yes,Bank transfer (automatic),33.12,66.96,No
4116-JSBWF,Female,0,No,Yes,31,Yes,No,Fiber optic,Yes,No,No,No,Yes,No,Two year,No,Electronic check,108.94,3384.47,No
6928-TFXDE,Male,0,No,Yes,30,Yes,Yes,Fiber optic,No,No,No,Yes,No,No,Month-to-month,Yes,Credit card (automatic),95.11,2852.05,No
7083-RSSZU,Male,1,No,No,21,Yes,Yes,Fiber optic,Yes,Yes,No,No,Yes,Yes,One year,Yes,Mailed check,111.9,2366.93,No
2170-PXBFK,Female,0,Yes,No,3,Yes,No,No,No internet service,No internet service,No internet service,No internet service,No internet service,No internet service,Month-to-month,No,Electronic check,41.19,161.58,Yes
2001-RSRYM,Male,0,No,No,14,Yes,No,No,No internet service,No internet service,No internet service,No internet service,No internet service,No internet service,Month-to-month,Yes,Electronic check,39.61,533.13,No
1889-VNIVF,Male,0,Yes,No,2,Yes,Yes,DSL,No,Yes,Yes,No,Yes,Yes,One year,Yes,Credit card (automatic),97.69,201.29,No
9638-PYTER,Male,0,Yes,No,72,Yes,Yes,DSL,Yes,Yes,No,No,No,No,One year,Yes,Credit card (automatic),77.18,5579.9,No
4274-CCEUY,Male,0,Yes,No,27,Yes,Yes,No,No internet service,No internet service,No internet service,No internet service,No internet service,No internet service,One year,No,Credit card (automatic),31.95,859.96,No
5188-HFIRG,Male,0,No,No,39,Yes,Yes,Fiber optic,Yes,Yes,No,No,No,No,One year,No,Credit card (automatic),99.97,3872.21,No
2755-LVOWT,Male,0,No,Yes,11,Yes,Yes,DSL,No,No,No,No,Yes,Yes,One year,No,Mailed check,75.34,864.25,No
4006-DVNSE,Female,0,Yes,No,3,Yes,No,DSL,No,No,Yes,No,No,Yes,Two year,No,Mailed check,81.79,252.64,No
8617-HJTPR,Female,0,Yes,No,19,Yes,No,Fiber optic,No,No,No,Yes,No,No,Month-to-month,Yes,Credit card (automatic),98.27,1891.04,No
8164-AGQYW,Male,0,Yes,No,17,Yes,No,No,No internet service,No internet service,No internet service,No internet service,No internet service,No internet service,Month-to-month,No,Mailed check,43.35,773.64,No
6315-VRLUR,Male,0,Yes,No,32,No,No phone service,DSL,No,No,No,No,Yes,Yes,One year,No,Bank transfer (automatic),62.37,1962.16,No
7366-IWUWZ,Female,0,No,Yes,20,Yes,No,DSL,No,Yes,Yes,No,Yes,No,Month-to-month,No,Bank transfer (automatic),92.89,1859.07,Yes
7105-SOCXW,Female,0,Yes,No,72,Yes,Yes,DSL,No,No,No,No,No,Yes,Two year,No,Electronic check,77.71,5598.39,No
4143-WDAOC,Female,0,Yes,No,56,Yes,No,No,No internet service,No internet service,No internet service,No internet service,No internet service,No internet service,Two year,Yes,Electronic check,41.37,2323.03,No
6784-IQSZT,Female,0,No,Yes,72,Yes,Yes,No,No internet service,No internet service,No internet service,No internet service,No internet service,No internet service,Two year,Yes,Electronic check,40.57,2925.73,No
7325-GFQFC,Female,1,Yes,No,27,Yes,No,Fiber optic,No,Yes,No,No,Yes,Yes,Month-to-month,No,Electronic check,113.25,3088.46,Yes
1433-NIHME,Male,0,No,Yes,32,Yes,No,Fiber optic,No,Yes,No,No,No,Yes,One year,Yes,Mailed check,111.65,3550.64,No
6937-RCPCB,Male,0,No,No,68,Yes,No,Fiber optic,No,Yes,No,Yes,Yes,No,Month-to-month,Yes,Electronic check,113.86,7751.63,No
7806-CVPCV,Female,1,No,No,19,Yes,Yes,Fiber optic,Yes,No,No,No,No,No,Month-to-month,No,Electronic check,96.54,1788.05,Yes
9721-NNLUV,Female,0,No,Yes,37,No,No phone service,No,No internet service,No internet service,No internet service,No internet service,No internet service,No internet service,Two year,No,Electronic check,25.86,942.21,No
4922-FEQJU,Male,0,Yes,No,20,Yes,Yes,Fiber optic,No,Yes,No,No,No,No,Two year,Yes,Bank transfer (automatic),98.13,1989.19,No
1999-VHLQK,Female,1,No,No,39,Yes,Yes,Fiber optic,No,No,Yes,No,No,No,Month-to-month,Yes,Credit card (automatic),97.89,3819.64,Yes
2415-MSJAF,Male,1,No,No,8,Yes,No,No,No internet service,No internet service,No internet service,No internet service,No internet service,No internet service,Two year,Yes,Mailed check,37.56,271.39,No
2115-PHDGR,Female,0,Yes,No,17,Yes,No,DSL,No,Yes,Yes,No,Yes,Yes,Two year,Yes,Bank transfer (automatic),89.22,1488.28,No
1394-OAJSQ,Female,0,No,Yes,32,Yes,No,Fiber optic,Yes,No,Yes,No,Yes,No,Month-to-month,Yes,Bank transfer (automatic),113.92,3647.09,Yes
2997-WFXAK,Male,0,No,No,35,No,No phone service,No,No internet service,No internet service,No internet service,No internet service,No internet service,No internet service,Month-to-month,Yes,Bank transfer (automatic),23.8,857.04,No
1675-XGOGC,Male,1,No,No,45,Yes,No,DSL,No,Yes,Yes,No,No,No,Two year,No,Credit card (automatic),80.85,3610.27,No
4422-QCAIJ,Male,1,No,Yes,10,Yes,No,Fiber optic,No,No,No,Yes,No,Yes,Month-to-month,Yes,Bank transfer (automatic),106.37,1088.13,Yes
4371-SCOVI,Female,0,Yes,No,31,Yes,Yes,Fiber optic,Yes,Yes,Yes,Yes,No,No,Month-to-month,Yes,Mailed check,120.0,3721.86,Yes
3456-VUSIE,Female,0,No,Yes,6,Yes,Yes,No,No internet service,No internet service,No internet service,No internet service,No internet service,No internet service,Month-to-month,No,Credit card (automatic),37.15,182.39,No
9930-MHXYM,Male,0,No,Yes,21,Yes,Yes,Fiber optic,No,No,No,Yes,No,No,Two year,Yes,Bank transfer (automatic),95.12,1994.96,No
3537-QGTCF,Male,0,No,No,27,Yes,No,Fiber optic,Yes,Yes,No,No,No,No,Two year,No,Mailed check,106.82,2886.8,No
9823-NYDOZ,Female,0,Yes,No,24,Yes,Yes,Fiber optic,No,Yes,No,Yes,No,No,One year,Yes,Bank transfer (automatic),105.89,2531.91,No
3985-FTWLI,Male,0,No,No,72,Yes,Yes,Fiber optic,Yes,Yes,Yes,No,Yes,Yes,Two year,Yes,Electronic check,120.0,8654.55,No
6316-EBVOK,Male,0,No,No,28,Yes,No,DSL,Yes,No,No,No,No,Yes,One year,Yes,Bank transfer (automatic),91.73,2581.12,No
6814-ZLVWL,Male,0,Yes,Yes,41,Yes,No,DSL,Yes,Yes,No,No,Yes,No,One year,Yes,Bank transfer (automatic),93.16,3820.33,No
9689-CCDNI,Female,0,No,No,32,Yes,Yes,DSL,No,No,Yes,Yes,No,Yes,Month-to-month,Yes,Bank transfer (automatic),88.75,2822.91,No
8500-HEXKP,Female,0,No,Yes,26,Yes,No,No,No internet service,No internet service,No internet service,No internet service,No internet service,No internet service,Month-to-month,No,Electronic check,41.16,1081.53,No
9820-HVOAD,Male,0,No,Yes,39,Yes,No,No,No internet service,No internet service,No internet service,No internet service,No internet service,No internet service,Month-to-month,No,Mailed check,41.6,1616.52,No
6427-RNKPQ,Female,0,No,Yes,30,Yes,Yes,DSL,No,No,No,No,No,No,Month-to-month,No,Credit card (automatic),59.03,1776.49,No
8829-FSTQM,Female,1,Yes,Yes,28,Yes,No,DSL,No,No,Yes,No,No,No,Month-to-month,No,Mailed check,68.06,1926.13,Yes
4358-IOPNV,Male,0,No,No,23,Yes,No,Fiber optic,No,No,Yes,No,Yes,Yes,Month-to-month,Yes,Credit card (automatic),110.15,2536.11,Yes
3479-KMYSN,Female,0,No,No,19,Yes,Yes,Fiber optic,No,No,No,No,No,No,Month-to-month,No,Electronic check,93.75,1790.95,No
4067-LOELR,Female,0,No,No,17,Yes,Yes,DSL,Yes,Yes,Yes,No,No,No,Month-to-month,No,Bank transfer (automatic),80.16,1386.62,Yes
3259-XQOQC,Male,0,Yes,No,28,No,No phone service,DSL,No,No,Yes,No,No,No,Month-to-month,Yes,Electronic check,54.41,1546.86,Yes
1304-WVMHG,Male,0,Yes,Yes,27,Yes,Yes,Fiber optic,No,No,No,No,Yes,Yes,Month-to-month,No,Bank transfer (automatic),107.83,2907.15,Yes
7653-FIHWE,Female,0,No,No,67,Yes,No,Fiber optic,No,Yes,No,No,Yes,Yes,Two year,Yes,Credit card (automatic),112.57,7523.86,No
7908-QQVNM,Female,0,Yes,No,7,Yes,Yes,Fiber optic,Yes,No,No,No,Yes,Yes,Two year,No,Bank transfer (automatic),109.33,754.25,Yes
9770-TYUXT,Male,0,No,No,72,Yes,Yes,DSL,No,Yes,No,No,Yes,Yes,One year,No,Mailed check,91.35,6600.3,No
5104-EYMOW,Female,0,No,No,10,No,No phone service,Fiber optic,Yes,No,Yes,No,No,Yes,Month-to-month,No,Credit card (automatic),98.28,997.74,Yes
5107-HCMSC,Female,0,No,Yes,26,No,No phone service,Fiber optic,Yes,No,No,No,No,No,One year,No,Mailed check,74.78,1971.24,No
4190-FOQVQ,Male,0,Yes,No,35,Yes,No,DSL,No,No,No,No,No,Yes,One year,No,Mailed check,75.14,2639.04,No
3974-SHDZS,Female,0,No,No,12,Yes,Yes,DSL,No,No,Yes,No,No,No,Month-to-month,Yes,Electronic check,70.74,858.56,No
9007-CAZWH,Male,0,Yes,Yes,10,Yes,Yes,Fiber optic,No,No,No,No,Yes,Yes,Month-to-month,Yes,Mailed check,105.9,1049.8,Yes
5189-LAOIU,Female,0,No,No,24,Yes,No,Fiber optic,Yes,No,No,No,No,Yes,Month-to-month,No,Bank transfer (automatic),107.29,2547.0,Yes
9174-BHYQZ,Male,0,No,No,41,Yes,Yes,DSL,No,Yes,No,No,Yes,Yes,Month-to-month,Yes,Mailed check,84.28,3410.75,No
6518-WBREF,Male,0,No,No,49,Yes,Yes,Fiber optic,No,No,Yes,No,Yes,Yes,Month-to-month,Yes,Electronic check,117.01,5724.22,Yes
9795-LYIAG,Female,0,Yes,No,8,Yes,Yes,DSL,No,No,Yes,No,No,Yes,Month-to-month,Yes,Electronic check,81.99,639.26,Yes
6284-OQOIN,Male,1,Yes,No,23,Yes,No,No,No internet service,No internet service,No internet service,No internet service,No internet service,No internet service,Month-to-month,Yes,Electronic check,45.13,1024.35,Yes
3948-QNBJX,Female,1,No,No,5,Yes,No,No,No internet service,No internet service,No internet service,No internet service,No internet service,No internet service,Month-to-month,Yes,Credit card (automatic),40.69,255.18,No
6714-BOUSJ,Male,1,No,No,12,Yes,Yes,Fiber optic,No,No,No,No,No,No,Month-to-month,No,Credit card (automatic),91.5,1084.6,Yes
3287-NAAHO,Female,0,No,No,59,Yes,No,Fiber optic,Yes,No,No,Yes,No,No,Two year,No,Mailed check,98.48,5780.61,No
4472-XYYIX,Female,0,No,Yes,34,No,No phone service,Fiber optic,No,No,No,No,No,No,Month-to-month,Yes,Credit card (automatic),70.57,2387.85,Yes
8026-HLJUI,Female,0,No,No,13,Yes,No,No,No internet service,No internet service,No internet service,No internet service,No internet service,No internet service,Two year,No,Electronic check,42.49,572.31,No
8644-GKUIE,Male,0,Yes,No,55,Yes,No,Fiber optic,No,Yes,No,No,No,No,Month-to-month,Yes,Credit card (automatic),94.58,5227.9,Yes
2134-UVRDN,Male,0,No,No,15,Yes,No,DSL,No,No,No,Yes,No,Yes,One year,Yes,Electronic check,73.95,1074.43,Yes
2407-FVIKB,Female,0,No,No,26,Yes,No,Fiber optic,No,Yes,No,No,Yes,Yes,One year,No,Electronic check,120.0,3104.45,Yes
7160-FRRBX,Female,0,No,No,4,Yes,No,DSL,No,No,No,No,No,No,One year,No,Electronic check,66.37,249.38,Yes
2153-YCVQL,Female,0,Yes,No,13,No,No phone service,DSL,No,No,No,No,Yes,No,One year,Yes,Mailed check,48.78,654.11,No
7788-AOCCZ,Male,0,No,Yes,32,Yes,No,Fiber optic,Yes,Yes,No,No,No,No,One year,No,Bank transfer (automatic),109.86,3496.37,No
7933-PBLTJ,Female,0,Yes,Yes,31,Yes,Yes,Fiber optic,No,Yes,Yes,No,Yes,No,One year,No,Electronic check,118.72,3662.2,Yes
9466-JICBR,Male,0,No,No,19,Yes,No,Fiber optic,No,Yes,No,Yes,Yes,No,Month-to-month,Yes,Mailed check,108.65,2054.48,Yes
6191-BFEPL,Male,1,No,No,24,Yes,Yes,Fiber optic,No,Yes,No,No,No,No,Month-to-month,Yes,Bank transfer (automatic),101.32,2439.97,Yes
8634-IDLGO,Female,0,No,No,44,Yes,Yes,Fiber optic,Yes,No,No,No,No,No,Two year,No,Bank transfer (automatic),94.12,4111.88,No
7897-OQVCQ,Male,0,Yes,No,22,Yes,Yes,No,No internet service,No internet service,No internet service,No internet service,No internet service,No internet service,Month-to-month,Yes,Electronic check,38.81,828.37,Yes
1051-IQEKQ,Female,0,Yes,No,35,Yes,Yes,DSL,Yes,No,No,Yes,No,Yes,Month-to-month,No,Electronic check,83.14,2915.12,Yes
2618-FICXE,Male,0,Yes,No,16,Yes,No,DSL,No,Yes,No,No,Yes,No,Two year,Yes,Bank transfer (automatic),74.49,1166.64,No
8549-AONLZ,Male,0,Yes,No,25,Yes,Yes,No,No internet service,No internet service,No internet service,No internet service,No internet service,No internet service,Two year,Yes,Bank transfer (automatic),43.07,1137.59,No
8306-WUJQJ,Male,0,Yes,No,3,No,No phone service,Fiber optic,No,Yes,No,No,Yes,Yes,Month-to-month,Yes,Mailed check,90.45,251.43,Yes
6577-XRMRN,Female,0,No,Yes,17,Yes,No,DSL,No,Yes,Yes,No,No,Yes,Month-to-month,Yes,Mailed check,86.54,1482.63,No
6531-OOCND,Female,0,Yes,Yes,28,Yes,No,No,No internet service,No internet service,No internet service,No internet service,No internet service,No internet service,Month-to-month,Yes,Mailed check,41.02,1164.12,No
3470-TVTCV,Female,0,Yes,No,24,Yes,No,Fiber optic,Yes,No,No,No,No,No,Month-to-month,No,Mailed check,96.71,2317.58,No
6945-ITRDJ,Female,1,No,No,16,Yes,No,No,No internet service,No internet service,No internet service,No internet service,No internet service,No internet service,Two year,No,Bank transfer (automatic),38.74,604.45,No
1583-QCZQN,Female,0,Yes,No,11,Yes,No,Fiber optic,No,No,No,Yes,No,Yes,Month-to-month,Yes,Credit card (automatic),110.21,1232.16,Yes
1621-DGMEE,Female,0,Yes,No,28,Yes,Yes,No,No internet service,No internet service,No internet service,No internet service,No internet service,No internet service,Month-to-month,No,Bank transfer (automatic),39.2,1112.88,No
4705-GWCGP,Female,0,No,No,24,Yes,No,Fiber optic,No,No,Yes,No,Yes,No,Two year,Yes,Electronic check,102.51,2466.46,No
5691-KPBGL,Male,0,Yes,Yes,33,Yes,Yes,Fiber optic,Yes,Yes,Yes,No,Yes,No,Month-to-month,Yes,Credit card (automatic),117.63,3877.86,No
5817-HSIAD,Male,0,Yes,No,14,Yes,Yes,No,No internet service,No internet service,No internet service,No internet service,No internet service,No internet service,Two year,Yes,Electronic check,34.73,502.67,No
1054-VIYOX,Male,0,No,Yes,39,No,No phone service,DSL,No,Yes,Yes,No,Yes,No,Month-to-month,Yes,Credit card (automatic),72.53,2829.99,Yes
3559-TNAUH,Male,0,Yes,No,9,No,No phone service,DSL,No,No,No,Yes,Yes,No,Month-to-month,Yes,Mailed check,65.38,614.28,No
4478-AYEVV,Female,0,Yes,Yes,6,Yes,Yes,DSL,No,No,No,No,No,No,Two year,No,Bank transfer (automatic),62.25,407.44,No
1148-OBBFO,Male,0,Yes,No,59,Yes,No,DSL,No,No,No,No,No,No,Month-to-month,No,Mailed check,62.69,3726.28,No
8808-CAREY,Male,0,Yes,No,10,Yes,No,Fiber optic,No,No,No,No,No,Yes,One year,Yes,Mailed check,97.39,970.61,Yes
8798-LBBVV,Female,1,No,No,28,Yes,No,DSL,No,Yes,No,No,No,No,Month-to-month,Yes,Electronic check,70.6,2010.73,No
6860-TNPOM,Female,0,Yes,No,20,Yes,No,Fiber optic,No,No,No,No,No,No,One year,No,Electronic check,89.08,1798.2,No
7050-GYQJV,Female,1,Yes,No,60,Yes,No,No,No internet service,No internet service,No internet service,No internet service,No internet service,No internet service,Month-to-month,No,Electronic check,35.46,2113.03,No
1164-WZJLC,Male,0,Yes,No,40,Yes,No,Fiber optic,No,Yes,Yes,No,No,Yes,Two year,Yes,Electronic check,112.65,4487.36,No
5436-ZKJLM,Male,0,No,No,7,Yes,No,Fiber optic,No,Yes,No,No,No,Yes,Two year,No,Mailed check,104.44,738.51,Yes
1935-RXFCX,Female,0,Yes,Yes,72,Yes,Yes,No,No internet service,No internet service,No internet service,No internet service,No internet service,No internet service,Month-to-month,No,Credit card (automatic),33.52,2431.04,No
4524-CSDLV,Male,1,No,Yes,50,Yes,No,DSL,No,No,No,No,Yes,No,Month-to-month,Yes,Electronic check,69.6,3451.9,Yes
7547-VGLHF,Male,0,Yes,Yes,18,Yes,No,Fiber optic,Yes,No,No,No,Yes,No,One year,Yes,Bank transfer (automatic),102.99,1901.68,Yes
5868-OMCZD,Male,0,No,Yes,9,Yes,Yes,No,No internet service,No internet service,No internet service,No internet service,No internet service,No internet service,Two year,No,Electronic check,39.38,331.94,No
2683-ZPFSN,Female,0,Yes,No,30,Yes,No,DSL,Yes,Yes,No,No,Yes,No,Month-to-month,Yes,Bank transfer (automatic),79.85,2391.71,Yes
6872-EYGBI,Female,0,Yes,No,31,Yes,Yes,No,No internet service,No internet service,No internet service,No internet service,No internet service,No internet service,Two year,Yes,Bank transfer (automatic),36.2,1114.95,No
2327-CRAXW,Female,0,No,No,4,Yes,No,Fiber optic,No,Yes,No,No,Yes,No,Two year,No,Bank transfer (automatic),98.59,386.31,No
4667-VMOKL,Female,0,Yes,No,28,Yes,No,Fiber optic,Yes,Yes,No,No,No,No,One year,No,Electronic check,103.18,2896.14,No
6949-QONLZ,Female,0,No,No,47,Yes,No,No,No internet service,No internet service,No internet service,No internet service,No internet service,No internet service,Month-to-month,No,Electronic check,43.11,2020.93,No
1992-ICQCI,Male,1,No,Yes,27,Yes,Yes,No,No internet service,No internet service,No internet service,No internet service,No internet service,No internet service,Month-to-month,No,Electronic check,45.79,1253.57,No
4455-VVCGI,Female,0,No,No,24,Yes,Yes,DSL,No,No,Yes,No,Yes,No,One year,Yes,Credit card (automatic),71.56,1707.33,No
6718-CZUGQ,Male,0,Yes,No,22,Yes,No,Fiber optic,No,No,Yes,No,No,No,One year,No,Mailed check,98.79,2182.72,Yes
9883-QJNVV,Male,0,No,No,13,Yes,Yes,DSL,No,No,No,No,Yes,Yes,Month-to-month,No,Bank transfer (automatic),81.01,1051.53,No
8194-TUQKX,Female,0,Yes,Yes,54,No,No phone service,Fiber optic,No,Yes,No,No,Yes,Yes,One year,No,Electronic check,90.98,4913.55,No
8582-QNLCR,Male,0,No,No,19,No,No phone service,DSL,No,Yes,No,Yes,No,Yes,Two year,Yes,Mailed check,74.32,1423.86,No
8326-MGZCQ,Male,1,No,No,30,Yes,Yes,DSL,No,Yes,No,No,Yes,No,Month-to-month,No,Mailed check,73.26,2185.4,No
3239-XURYG,Male,0,No,No,8,Yes,Yes,Fiber optic,No,No,No,No,Yes,No,One year,No,Electronic check,95.06,750.99,No
7205-GGJYV,Female,0,No,Yes,23,Yes,Yes,No,No internet service,No internet service,No internet service,No internet service,No internet service,No internet service,Month-to-month,Yes,Mailed check,37.96,896.22,No
4576-GUXAT,Male,0,No,Yes,37,No,No phone service,No,No internet service,No internet service,No internet service,No internet service,No internet service,No internet service,Month-to-month,Yes,Electronic check,25.09,924.87,No
4336-DLAGK,Male,0,No,No,19,Yes,Yes,DSL,No,No,No,No,No,No,Month-to-month,Yes,Electronic check,64.42,1216.71,Yes
6883-TKLCZ,Female,0,Yes,No,19,Yes,No,No,No internet service,No internet service,No internet service,No internet service,No internet service,No internet service,Month-to-month,Yes,Mailed check,42.49,815.23,No
7012-CGKSS,Male,0,No,Yes,25,Yes,No,DSL,Yes,No,No,No,No,No,One year,Yes,Credit card (automatic),67.28,1680.09,No
1199-IRKDU,Female,1,Yes,No,36,Yes,Yes,No,No internet service,No internet service,No internet service,No internet service,No internet service,No internet service,Two year,Yes,Electronic check,41.7,1491.12,No
2167-IONEZ,Female,0,Yes,No,28,Yes,Yes,Fiber optic,No,Yes,No,No,No,No,Month-to-month,Yes,Electronic check,100.38,2813.11,Yes
7934-YGCJA,Female,0,No,No,72,Yes,No,Fiber optic,Yes,No,No,Yes,Yes,Yes,Month-to-month,Yes,Electronic check,111.51,8052.28,Yes
9218-QXUOY,Male,0,Yes,No,59,No,No phone service,No,No internet service,No internet service,No internet service,No internet service,No internet service,No internet service,Two year,Yes,Bank transfer (automatic),18.25,1066.43,No
3883-CPWXJ,Male,0,No,No,16,Yes,No,DSL,No,Yes,No,No,No,Yes,Month-to-month,No,Electronic check,84.17,1341.56,Yes
4270-LSKBW,Male,1,Yes,No,52,Yes,Yes,No,No internet service,No internet service,No internet service,No internet service,No internet service,No internet service,Two year,No,Credit card (automatic),39.64,2067.61,No
4211-SLGBH,Female,0,Yes,No,4,Yes,Yes,Fiber optic,No,No,No,No,No,No,One year,No,Electronic check,85.99,355.08,Yes
4606-TCKUQ,Male,1,No,Yes,20,Yes,No,DSL,No,No,No,No,Yes,No,Two year,Yes,Electronic check,68.25,1368.47,No
5356-IYVFT,Male,0,Yes,No,6,Yes,No,DSL,Yes,No,No,No,No,No,One year,No,Mailed check,71.1,426.74,No
7159-TOTBF,Male,0,No,Yes,38,Yes,No,Fiber optic,Yes,Yes,Yes,Yes,No,No,Two year,No,Mailed check,109.9,4180.52,No
5939-ICODT,Female,1,No,No,19,Yes,No,DSL,No,No,No,No,No,No,One year,No,Mailed check,63.21,1189.91,No
7403-AABES,Male,0,No,No,9,Yes,No,No,No internet service,No internet service,No internet service,No internet service,No internet service,No internet service,Month-to-month,No,Mailed check,28.91,264.0,No
3876-ZPRXI,Female,0,Yes,No,44,Yes,Yes,DSL,No,Yes,Yes,No,No,Yes,Two year,Yes,Credit card (automatic),78.52,3447.93,No
3248-ZWEGM,Male,0,No,No,10,Yes,Yes,Fiber optic,No,Yes,Yes,Yes,No,No,Month-to-month,Yes,Bank transfer (automatic),110.42,1113.09,Yes
4594-JCFYK,Male,0,Yes,No,41,Yes,Yes,Fiber optic,No,No,Yes,Yes,Yes,No,One year,No,Credit card (automatic),101.85,4196.22,Yes
1512-ZMYSZ,Male,0,Yes,Yes,31,Yes,No,Fiber optic,No,No,No,No,No,Yes,Month-to-month,Yes,Credit card (automatic),94.72,2918.36,Yes
6112-UMWAN,Female,0,Yes,Yes,22,Yes,Yes,DSL,No,Yes,Yes,No,Yes,Yes,Two year,Yes,Mailed check,92.33,2040.51,No
6927-KITJI,Male,0,Yes,No,48,Yes,No,Fiber optic,No,Yes,Yes,No,No,No,One year,Yes,Bank transfer (automatic),103.04,4952.34,No
3183-VOXGD,Male,1,No,No,12,Yes,Yes,No,No internet service,No internet service,No internet service,No internet service,No internet service,No internet service,Two year,Yes,Mailed check,39.94,474.79,No
4792-YNFCL,Female,0,Yes,No,5,Yes,Yes,DSL,No,No,No,No,No,Yes,Month-to-month,No,Bank transfer (automatic),73.84,374.31,No
6217-FMFSY,Female,0,Yes,No,9,Yes,Yes,DSL,Yes,No,No,No,No,Yes,Two year,No,Bank transfer (automatic),77.65,715.93,No
2309-QXEPX,Female,0,No,No,72,Yes,No,No,No internet service,No internet service,No internet service,No internet service,No internet service,No internet service,Two year,Yes,Bank transfer (automatic),32.3,2334.45,No
1801-INEPC,Female,0,No,No,13,Yes,No,No,No internet service,No internet service,No internet service,No internet service,No internet service,No internet service,Month-to-month,Yes,Mailed check,46.21,569.9,No
3742-IQAJB,Male,0,Yes,No,18,Yes,Yes,Fiber optic,No,Yes,Yes,No,No,No,Month-to-month,No,Electronic check,102.42,1796.78,No
4366-GMZUH,Female,0,Yes,No,68,Yes,No,No,No internet service,No internet service,No internet service,No internet service,No internet service,No internet service,Month-to-month,No,Credit card (automatic),46.67,3155.0,No
4296-IOPCF,Male,0,Yes,No,18,No,No phone service,No,No internet service,No internet service,No internet service,No internet service,No internet service,No internet service,Month-to-month,Yes,Electronic check,23.0,446.94,Yes
3564-EEWIR,Female,0,No,No,39,Yes,No,DSL,No,Yes,No,Yes,Yes,Yes,One year,Yes,Electronic check,90.36,3550.53,Yes
7220-RRRBP,Female,0,No,No,72,Yes,Yes,DSL,No,No,Yes,Yes,Yes,No,Month-to-month,No,Electronic check,89.16,6425.85,Yes
8307-HRZJF,Female,0,No,Yes,35,Yes,Yes,Fiber optic,No,No,Yes,Yes,No,Yes,Month-to-month,Yes,Bank transfer (automatic),114.84,3994.89,Yes
4217-CRKKY,Female,0,No,Yes,25,Yes,Yes,Fiber optic,Yes,No,No,Yes,Yes,Yes,One year,Yes,Electronic check,116.73,2934.25,Yes
4806-SOZEV,Female,0,Yes,No,45,Yes,No,No,No internet service,No internet service,No internet service,No internet service,No internet service,No internet service,Month-to-month,Yes,Credit card (automatic),42.05,1874.09,No
7194-QXXDE,Female,0,No,No,3,Yes,No,Fiber optic,Yes,No,No,No,No,Yes,Two year,No,Bank transfer (automatic),98.98,270.9,No
6619-EDCQP,Female,0,Yes,No,18,Yes,Yes,DSL,No,Yes,No,No,Yes,No,Month-to-month,No,Bank transfer (automatic),89.32,1608.35,Yes
7945-YDMPL,Male,0,Yes,No,60,Yes,No,DSL,Yes,Yes,No,No,Yes,No,Month-to-month,Yes,Electronic check,88.0,5281.09,No
8174-SPEWM,Male,0,Yes,No,13,Yes,No,No,No internet service,No internet service,No internet service,No internet service,No internet service,No internet service,Two year,Yes,Mailed check,36.74,485.51,No
8174-NONYQ,Male,1,Yes,No,28,Yes,Yes,Fiber optic,Yes,No,No,Yes,No,Yes,Month-to-month,No,Bank transfer (automatic),112.3,3146.14,Yes
4011-BDRLB,Female,0,No,No,40,Yes,Yes,DSL,No,No,No,Yes,No,Yes,Month-to-month,Yes,Electronic check,84.17,3371.23,No
8605-IMLXH,Male,0,Yes,No,20,Yes,Yes,Fiber optic,No,No,No,No,Yes,No,Two year,Yes,Mailed check,92.45,1841.4,No
8023-VHACK,Male,0,Yes,No,40,Yes,No,Fiber optic,Yes,No,Yes,No,No,Yes,Month-to-month,Yes,Bank transfer (automatic),116.64,4667.47,Yes
1977-ISVAV,Male,0,Yes,Yes,31,Yes,No,Fiber optic,Yes,No,No,No,No,No,Two year,Yes,Bank transfer (automatic),95.98,2985.95,No
3690-VFXHS,Female,0,No,Yes,72,Yes,Yes,No,No internet service,No internet service,No internet service,No internet service,No internet service,No internet service,Two year,No,Credit card (automatic),35.65,2588.06,No
9067-HLZRT,Female,0,No,No,46,Yes,Yes,DSL,No,Yes,Yes,No,No,No,Month-to-month,Yes,Mailed check,89.27,4111.32,No
8987-ZAYOS,Female,0,No,No,31,Yes,No,Fiber optic,No,Yes,No,No,Yes,Yes,Two year,Yes,Electronic check,107.57,3327.13,No
9937-AANAU,Male,0,No,No,3,Yes,No,DSL,No,No,Yes,Yes,Yes,No,One year,Yes,Credit card (automatic),84.83,260.87,No
3263-RDORP,Male,0,No,No,14,Yes,Yes,Fiber optic,Yes,Yes,Yes,Yes,No,Yes,Two year,Yes,Credit card (automatic),120.0,1702.73,Yes
2222-KFKLE,Male,0,Yes,No,10,Yes,Yes,No,No internet service,No internet service,No internet service,No internet service,No internet service,No internet service,One year,Yes,Mailed check,43.6,456.81,No
8412-ODGEA,Male,0,Yes,No,67,Yes,Yes,Fiber optic,Yes,Yes,No,No,No,No,Two year,No,Electronic check,97.87,6541.39,No
8402-GVWGW,Male,0,Yes,No,9,Yes,Yes,Fiber optic,Yes,Yes,Yes,Yes,No,Yes,Month-to-month,Yes,Electronic check,120.0,1101.9,Yes
5461-JKOEA,Female,0,Yes,No,20,Yes,No,Fiber optic,Yes,No,No,No,Yes,Yes,One year,Yes,Bank transfer (automatic),104.37,2087.58,No
5703-JOBFD,Female,1,No,Yes,33,Yes,No,Fiber optic,No,No,No,No,No,Yes,Two year,Yes,Electronic check,97.98,3225.63,No
2308-JRIJL,Female,0,Yes,No,16,Yes,No,No,No internet service,No internet service,No internet service,No internet service,No internet service,No internet service,Two year,No,Electronic check,40.67,641.29,No
1740-BIWYL,Male,0,Yes,No,19,Yes,No,No,No internet service,No internet service,No internet service,No internet service,No internet service,No internet service,Month-to-month,No,Mailed check,37.11,684.25,Yes
2089-MRCYU,Male,0,No,No,31,Yes,No,Fiber optic,Yes,No,No,No,No,Yes,Month-to-month,No,Bank transfer (automatic),109.22,3400.64,Yes
7578-FLMHP,Female,0,Yes,No,13,Yes,No,DSL,No,No,No,No,No,No,Two year,Yes,Mailed check,69.5,916.71,No
5292-UIVCB,Male,1,Yes,No,28,Yes,Yes,DSL,No,No,No,Yes,No,Yes,One year,No,Mailed check,75.71,2111.4,Yes
7910-SDIAT,Male,0,Yes,Yes,44,Yes,No,Fiber optic,No,No,No,No,Yes,Yes,Month-to-month,No,Bank transfer (automatic),105.6,4640.13,Yes
6688-WTDJG,Male,0,No,Yes,15,Yes,No,Fiber optic,Yes,No,Yes,No,Yes,No,Month-to-month,Yes,Bank transfer (automatic),111.7,1693.63,Yes
6430-RLWKC,Female,0,Yes,No,10,Yes,No,No,No internet service,No internet service,No internet service,No internet service,No internet service,No internet service,Two year,No,Electronic check,53.03,518.18,No
2563-KNKGR,Female,1,Yes,Yes,72,Yes,No,Fiber optic,No,Yes,No,No,No,No,Two year,No,Electronic check,98.02,7089.98,No
9614-PRGKU,Male,0,Yes,No,72,No,No phone service,Fiber optic,No,Yes,No,No,No,Yes,Month-to-month,No,Electronic check,90.74,6551.33,No
7276-BTPLV,Female,0,No,Yes,24,No,No phone service,Fiber optic,No,Yes,No,No,No,No,Two year,Yes,Electronic check,73.65,1777.29,No
8939-LVHTQ,Female,0,Yes,Yes,27,Yes,Yes,DSL,No,No,Yes,No,Yes,No,Month-to-month,Yes,Electronic check,74.49,2002.87,Yes
4885-WSZQI,Female,0,Yes,No,27,Yes,Yes,Fiber optic,Yes,No,No,No,No,No,Month-to-month,Yes,Mailed check,97.17,2590.79,Yes
7347-CLWSJ,Female,0,No,Yes,18,Yes,Yes,Fiber optic,Yes,Yes,No,No,No,No,One year,Yes,Electronic check,107.55,1955.31,Yes
3724-DNAOE,Male,0,No,No,24,Yes,No,Fiber optic,No,No,No,Yes,Yes,No,Month-to-month,Yes,Bank transfer (automatic),112.42,2717.25,Yes
4679-WBUZJ,Female,0,Yes,No,4,Yes,No,No,No internet service,No internet service,No internet service,No internet service,No internet service,No internet service,Month-to-month,No,Electronic check,44.93,211.21,Yes
4662-UTKQZ,Male,0,Yes,No,7,Yes,No,Fiber optic,Yes,Yes,No,Yes,Yes,No,Month-to-month,Yes,Credit card (automatic),113.07,778.85,Yes
3346-XCAMA,Female,1,Yes,Yes,19,Yes,No,Fiber optic,No,Yes,No,No,No,Yes,Month-to-month,Yes,Electronic check,110.57,2072.12,Yes
5923-PNFUN,Female,0,No,Yes,15,Yes,No,Fiber optic,No,No,No,No,No,No,Month-to-month,Yes,Electronic check,91.22,1381.16,No
6692-IXVHG,Female,0,Yes,No,8,Yes,Yes,No,No internet service,No internet service,No internet service,No internet service,No internet service,No internet service,Two year,Yes,Bank transfer (automatic),34.24,313.81,No
5898-JGCSM,Female,1,No,No,23,Yes,Yes,Fiber optic,Yes,No,No,No,Yes,No,Month-to-month,Yes,Credit card (automatic),107.7,2484.33,No
1980-QUZGB,Female,0,No,No,41,Yes,Yes,DSL,No,No,Yes,No,No,Yes,One year,No,Electronic check,81.45,3351.57,No
2664-NNMMJ,Female,1,No,Yes,13,Yes,Yes,Fiber optic,No,No,Yes,Yes,No,No,Month-to-month,No,Credit card (automatic),100.46,1294.54,Yes
2133-NNALD,Female,0,Yes,Yes,31,Yes,No,DSL,No,No,No,No,Yes,Yes,Two year,Yes,Bank transfer (automatic),77.62,2388.31,No
2363-UNQCG,Female,1,No,Yes,19,Yes,No,DSL,Yes,Yes,No,Yes,Yes,No,One year,Yes,Mailed check,102.22,1951.68,Yes
4281-GDYSL,Male,0,No,No,46,Yes,No,No,No internet service,No internet service,No internet service,No internet service,No internet service,No internet service,Two year,Yes,Bank transfer (automatic),40.94,1868.12,No
9618-DXSQI,Female,0,No,Yes,6,Yes,Yes,Fiber optic,No,No,No,No,Yes,No,Month-to-month,Yes,Mailed check,101.06,581.8,Yes
2599-CDMKK,Female,0,Yes,Yes,9,Yes,No,DSL,No,No,No,No,No,No,Month-to-month,No,Electronic check,72.27,681.95,Yes
8160-YDOZZ,Male,0,No,No,18,Yes,No,Fiber optic,No,No,No,No,Yes,No,Month-to-month,No,Electronic check,101.47,1816.44,Yes
3420-CCFZN,Female,1,No,No,11,Yes,No,DSL,No,No,No,Yes,No,No,Month-to-month,Yes,Electronic check,71.58,781.62,Yes
1860-ONQOY,Female,0,No,No,56,Yes,No,DSL,No,Yes,No,No,No,Yes,One year,No,Mailed check,79.21,4391.78,No
1993-GJDJC,Female,0,No,Yes,7,Yes,Yes,Fiber optic,Yes,No,Yes,No,No,No,Two year,Yes,Electronic check,109.47,769.16,No
7431-UQEDU,Female,0,No,No,18,Yes,No,DSL,No,Yes,Yes,No,No,Yes,Month-to-month,No,Electronic check,82.21,1461.32,Yes
8686-LVCVG,Male,0,Yes,Yes,72,Yes,No,DSL,No,No,Yes,No,No,Yes,One year,Yes,Electronic check,76.12,5501.34,No
1277-QEAGP,Female,0,No,No,6,Yes,Yes,Fiber optic,Yes,Yes,Yes,Yes,Yes,No,One year,Yes,Bank transfer (automatic),120.0,716.36,Yes
6673-CLQWK,Male,0,No,No,25,Yes,No,No,No internet service,No internet service,No internet service,No internet service,No internet service,No internet service,Month-to-month,No,Bank transfer (automatic),38.86,973.55,Yes
6685-TASSV,Female,0,No,Yes,20,Yes,Yes,DSL,No,No,Yes,No,No,No,Two year,No,Bank transfer (automatic),69.3,1351.12,No
1293-JQPHP,Female,1,Yes,No,34,Yes,Yes,Fiber optic,No,No,Yes,Yes,No,No,One year,No,Credit card (automatic),102.7,3495.07,No
2854-ITIDC,Male,0,Yes,No,32,Yes,No,DSL,No,No,No,No,No,No,Two year,Yes,Credit card (automatic),65.36,2110.12,No
3641-KTXOT,Male,0,No,No,30,Yes,Yes,DSL,Yes,Yes,No,No,No,Yes,Two year,No,Electronic check,85.55,2589.06,No
7099-UYWHW,Male,0,No,Yes,48,Yes,Yes,Fiber optic,No,Yes,Yes,Yes,No,No,Two year,No,Mailed check,117.67,5683.71,No
1973-WDYGQ,Male,0,Yes,No,47,No,No phone service,No,No internet service,No internet service,No internet service,No internet service,No internet service,No internet service,Month-to-month,Yes,Mailed check,18.4,876.34,No
8181-LRCHU,Male,0,Yes,Yes,15,Yes,Yes,DSL,No,No,No,No,No,Yes,Two year,Yes,Electronic check,66.06,1000.61,No
8390-XSLAU,Male,0,No,No,14,Yes,Yes,DSL,No,No,No,No,No,Yes,Two year,No,Electronic check,73.96,1054.76,No
1128-NVLEW,Male,0,No,Yes,39,Yes,Yes,Fiber optic,No,Yes,Yes,No,No,No,Month-to-month,Yes,Credit card (automatic),108.86,4229.84,No
4843-NXGZF,Male,0,Yes,No,28,Yes,No,No,No internet service,No internet service,No internet service,No internet service,No internet service,No internet service,Month-to-month,Yes,Mailed check,39.96,1127.95,No
6038-IVPGI,Female,0,Yes,No,32,No,No phone service,Fiber optic,No,Yes,Yes,No,Yes,Yes,Two year,Yes,Mailed check,103.87,3329.81,No
4448-OUCYL,Male,0,Yes,No,26,No,No phone service,Fiber optic,No,Yes,No,No,Yes,No,Month-to-month,Yes,Bank transfer (automatic),88.72,2327.25,Yes
5042-WJGPF,Male,0,Yes,No,17,Yes,Yes,DSL,Yes,No,No,No,No,Yes,Month-to-month,Yes,Credit card (automatic),85.71,1466.51,No
7861-TNHGN,Male,0,No,No,38,Yes,Yes,No,No internet service,No internet service,No internet service,No internet service,No internet service,No internet service,One year,Yes,Credit card (automatic),44.13,1659.38,No
9542-MWGYR,Female,0,No,No,13,Yes,Yes,No,No internet service,No internet service,No internet service,No internet service,No internet service,No internet service,Two year,No,Credit card (automatic),43.06,556.33,No
8610-HIFGB,Male,0,No,No,72,Yes,Yes,No,No internet service,No internet service,No internet service,No internet service,No internet service,No internet service,Month-to-month,Yes,Electronic check,36.02,2561.91,No
8529-YZCKC,Female,0,No,No,72,Yes,Yes,DSL,Yes,Yes,No,No,Yes,No,Month-to-month,Yes,Bank transfer (automatic),83.15,5984.62,No
3964-JFLUR,Male,0,Yes,Yes,72,Yes,Yes,DSL,No,No,No,No,No,No,Month-to-month,Yes,Electronic check,64.24,4613.64,No
7364-NXSMN,Male,0,Yes,No,30,Yes,No,DSL,No,No,No,No,Yes,No,Month-to-month,Yes,Credit card (automatic),75.66,2283.82,No
7524-ZRPCG,Male,0,Yes,Yes,19,Yes,Yes,DSL,No,Yes,No,No,Yes,No,Month-to-month,No,Electronic check,80.71,1590.82,No
3223-QURZL,Male,1,Yes,No,65,Yes,No,Fiber optic,Yes,Yes,No,Yes,Yes,No,One year,Yes,Mailed check,120.0,7814.01,Yes
5514-OWESL,Female,0,No,No,26,Yes,No,Fiber optic,No,No,No,Yes,No,No,Two year,No,Credit card (automatic),105.37,2728.29,No
1411-MPYQS,Male,0,Yes,Yes,46,Yes,Yes,No,No internet service,No internet service,No internet service,No internet service,No internet service,No internet service,Two year,No,Bank transfer (automatic),42.76,1982.48,No
3303-OGYZX,Male,0,No,No,45,Yes,Yes,Fiber optic,Yes,No,Yes,Yes,Yes,No,Two year,No,Electronic check,114.3,5113.81,No
1447-UIJTE,Female,0,Yes,No,13,No,No phone service,DSL,No,No,No,No,Yes,Yes,Two year,Yes,Electronic check,61.76,796.32,No
2638-YIZUP,Female,0,Yes,No,37,Yes,Yes,DSL,No,No,Yes,Yes,No,No,Month-to-month,No,Mailed check,92.85,3441.15,No
9302-BOUXQ,Female,1,Yes,No,44,Yes,No,No,No internet service,No internet service,No internet service,No internet service,No internet service,No internet service,Month-to-month,No,Bank transfer (automatic),43.03,1903.98,Yes
3116-QPFCN,Female,0,No,Yes,24,Yes,No,No,No internet service,No internet service,No internet service,No internet service,No internet service,No internet service,Month-to-month,No,Bank transfer (automatic),42.37,1039.02,No
7914-DSEXK,Female,0,No,Yes,7,No,No phone service,DSL,Yes,Yes,Yes,No,Yes,Yes,One year,No,Electronic check,74.95,551.0,Yes
8721-OXLXL,Male,0,No,Yes,66,Yes,No,No,No internet service,No internet service,No internet service,No internet service,No internet service,No internet service,Two year,No,Bank transfer (automatic),36.36,2384.77,No
6954-JXILF,Female,0,Yes,No,72,Yes,Yes,Fiber optic,No,No,No,Yes,Yes,No,Month-to-month,No,Mailed check,108.77,7810.28,No
5692-SZVDR,Male,0,No,Yes,27,Yes,No,Fiber optic,No,No,Yes,No,Yes,No,Month-to-month,No,Credit card (automatic),103.8,2808.54,Yes
4766-ANREK,Male,0,No,No,20,Yes,Yes,Fiber optic,No,No,No,No,No,Yes,Month-to-month,Yes,Bank transfer (automatic),89.9,1762.94,Yes
3734-EAMYR,Female,0,Yes,No,6,Yes,No,Fiber optic,Yes,No,Yes,Yes,No,No,Month-to-month,Yes,Credit card (automatic),110.26,667.33,Yes
1643-GZBXT,Female,1,Yes,No,28,Yes,No,DSL,Yes,No,No,Yes,No,No,Two year,Yes,Electronic check,76.81,2113.53,No
4924-KHPWE,Female,0,Yes,No,18,Yes,Yes,Fiber optic,No,Yes,No,No,Yes,No,Month-to-month,No,Credit card (automatic),112.07,2021.16,Yes
4018-FAKMC,Male,1,Yes,No,6,Yes,Yes,DSL,No,Yes,No,No,Yes,No,Month-to-month,No,Credit card (automatic),78.45,468.83,No
8808-PUUTG,Female,0,No,No,48,Yes,No,Fiber optic,No,No,Yes,No,No,No,Two year,No,Mailed check,92.54,4449.04,No
3410-QDQME,Male,0,Yes,No,39,Yes,Yes,DSL,Yes,No,No,Yes,Yes,No,Month-to-month,Yes,Credit card (automatic),88.31,3452.05,No
4723-FGJRB,Female,0,No,No,16,Yes,No,Fiber optic,No,Yes,Yes,Yes,No,Yes,Month-to-month,No,Bank transfer (automatic),118.11,1899.7,Yes
6804-OKEOO,Female,0,No,No,72,Yes,No,DSL,Yes,No,No,No,No,Yes,Two year,Yes,Credit card (automatic),78.73,5688.4,No
6431-JTCLA,Female,1,Yes,No,25,Yes,Yes,DSL,No,No,No,No,Yes,No,Month-to-month,No,Bank transfer (automatic),76.15,1936.75,No
7184-PKFXX,Female,0,No,No,28,Yes,Yes,DSL,No,No,No,No,Yes,No,One year,Yes,Credit card (automatic),65.14,1838.08,No
5238-ZXDVC,Female,1,Yes,No,22,Yes,Yes,Fiber optic,No,No,No,No,Yes,No,Month-to-month,Yes,Electronic check,104.11,2262.0,No
6329-VQANR,Male,0,No,No,53,Yes,Yes,Fiber optic,No,No,No,No,Yes,No,Month-to-month,Yes,Electronic check,92.79,4954.63,No
4845-UTWCF,Male,0,Yes,No,38,Yes,Yes,Fiber optic,No,Yes,Yes,No,Yes,No,Month-to-month,Yes,Mailed check,111.86,4262.0,No
6344-PPGTC,Male,0,Yes,Yes,3,Yes,Yes,Fiber optic,No,No,Yes,Yes,No,No,Two year,Yes,Bank transfer (automatic),96.32,286.63,Yes
1644-NONCI,Female,0,Yes,No,26,Yes,No,DSL,No,Yes,No,No,No,Yes,Month-to-month,No,Electronic check,88.12,2259.84,Yes
4201-KJOKS,Male,1,No,Yes,45,No,No phone service,No,No internet service,No internet service,No internet service,No internet service,No internet service,No internet service,Two year,Yes,Mailed check,23.57,1006.88,No
4253-EMUAR,Male,0,No,No,6,Yes,Yes,Fiber optic,No,No,No,Yes,No,Yes,Month-to-month,No,Electronic check,103.46,626.91,Yes
9955-CDBCX,Female,0,No,Yes,45,Yes,No,Fiber optic,Yes,No,Yes,Yes,No,No,Two year,Yes,Credit card (automatic),112.52,5071.83,No
8835-AKSYA,Female,0,Yes,No,38,Yes,No,No,No internet service,No internet service,No internet service,No internet service,No internet service,No internet service,Two year,Yes,Bank transfer (automatic),44.47,1698.38,No
3481-YQMHA,Female,0,No,Yes,11,Yes,No,DSL,No,No,Yes,No,No,No,Month-to-month,Yes,Electronic check,76.16,848.89,No
8535-EXBXY,Female,0,Yes,Yes,21,Yes,No,Fiber optic,Yes,No,Yes,No,Yes,No,One year,Yes,Electronic check,112.42,2379.83,No
2419-RLYLQ,Female,0,No,No,8,Yes,No,DSL,No,No,No,Yes,No,Yes,Two year,No,Credit card (automatic),73.85,590.38,No
9048-HWVWS,Male,0,No,No,16,Yes,No,No,No internet service,No internet service,No internet service,No internet service,No internet service,No internet service,One year,No,Mailed check,48.48,750.64,No
2396-JOXGQ,Female,0,No,Yes,21,Yes,Yes,DSL,No,No,No,Yes,No,No,Two year,No,Bank transfer (automatic),67.66,1394.54,No
2995-JKBMD,Female,0,Yes,Yes,41,Yes,Yes,DSL,No,Yes,Yes,No,No,No,Month-to-month,No,Credit card (automatic),75.74,3103.73,Yes
1527-PDPUX,Female,0,No,Yes,47,Yes,Yes,DSL,No,Yes,No,Yes,No,Yes,Two year,No,Credit card (automatic),89.21,4192.29,Yes
3337-WVBDW,Male,0,No,No,31,Yes,Yes,No,No internet service,No internet service,No internet service,No internet service,No internet service,No internet service,One year,No,Electronic check,40.19,1230.95,No
7442-HJKJL,Female,0,Yes,No,20,Yes,No,DSL,No,No,No,No,Yes,Yes,Month-to-month,Yes,Bank transfer (automatic),86.4,1714.58,No
9995-CIFLR,Female,1,No,No,44,Yes,No,No,No internet service,No internet service,No internet service,No internet service,No internet service,No internet service,Month-to-month,Yes,Credit card (automatic),39.86,1782.87,No
9291-QHFYR,Female,0,Yes,No,28,Yes,Yes,No,No internet service,No internet service,No internet service,No internet service,No internet service,No internet service,Month-to-month,No,Electronic check,38.61,1094.49,No
4760-PHMDO,Male,0,No,No,33,Yes,No,No,No internet service,No internet service,No internet service,No internet service,No internet service,No internet service,Month-to-month,Yes,Bank transfer (automatic),35.24,1170.09,Yes
5186-FISMN,Female,0,No,No,49,Yes,Yes,DSL,No,No,No,No,No,Yes,Month-to-month,No,Bank transfer (automatic),66.71,3278.89,No
8780-YZYLO,Female,0,No,No,42,Yes,Yes,Fiber optic,No,No,No,No,No,Yes,Two year,No,Electronic check,97.69,4103.2,No
4025-NYOAB,Female,0,Yes,Yes,33,Yes,No,Fiber optic,No,No,Yes,Yes,No,No,Month-to-month,Yes,Mailed check,103.75,3429.29,No
4604-QLWQO,Male,0,Yes,No,38,Yes,Yes,Fiber optic,Yes,Yes,No,No,No,No,Month-to-month,No,Electronic check,102.5,3886.46,No
8933-SPESJ,Female,0,No,No,16,Yes,No,DSL,No,No,Yes,No,No,No,Two year,Yes,Electronic check,63.93,1048.7,No
8846-NCBXO,Female,0,Yes,No,14,Yes,No,No,No internet service,No internet service,No internet service,No internet service,No internet service,No internet service,Two year,No,Electronic check,37.85,518.52,No
9919-PMSED,Male,0,No,No,72,Yes,Yes,DSL,No,No,No,No,Yes,Yes,Two year,No,Mailed check,84.2,6074.57,No
8130-CMDBO,Female,0,Yes,No,13,Yes,Yes,No,No internet service,No internet service,No internet service,No internet service,No internet service,No internet service,Month-to-month,No,Bank transfer (automatic),37.74,531.7,No
2850-LYEHH,Male,0,No,No,49,Yes,Yes,DSL,No,No,No,Yes,No,No,Two year,Yes,Credit card (automatic),70.16,3484.4,No
8152-MIXDY,Female,0,Yes,No,20,Yes,No,No,No internet service,No internet service,No internet service,No internet service,No internet service,No internet service,Month-to-month,Yes,Credit card (automatic),41.25,848.44,No
4699-VKDOI,Male,0,Yes,Yes,41,Yes,No,No,No internet service,No internet service,No internet service,No internet service,No internet service,No internet service,Month-to-month,Yes,Credit card (automatic),37.28,1582.46,No
3667-DQBSN,Female,0,Yes,No,3,Yes,Yes,DSL,No,Yes,Yes,Yes,No,Yes,Two year,Yes,Bank transfer (automatic),84.63,250.95,No
4173-MONZW,Female,0,Yes,No,7,Yes,No,Fiber optic,Yes,No,No,No,No,No,Month-to-month,Yes,Electronic check,92.37,670.01,Yes
3667-TYYGR,Female,0,Yes,Yes,51,Yes,Yes,DSL,No,Yes,Yes,Yes,Yes,No,Month-to-month,Yes,Mailed check,82.95,4228.94,No
5483-SVLEE,Female,0,Yes,No,5,Yes,Yes,DSL,No,No,Yes,Yes,No,No,One year,No,Bank transfer (automatic),75.67,420.29,No
3501-ANWDM,Female,0,No,Yes,16,Yes,Yes,Fiber optic,No,Yes,Yes,Yes,No,No,Month-to-month,Yes,Credit card (automatic),120.0,1941.31,No
8300-UFMMW,Male,0,Yes,Yes,67,Yes,Yes,Fiber optic,No,Yes,No,No,No,Yes,Month-to-month,Yes,Mailed check,99.3,6664.05,No
3878-MQIQP,Male,0,No,No,47,Yes,No,Fiber optic,No,No,No,Yes,No,Yes,Two year,Yes,Bank transfer (automatic),110.9,5255.01,No
3637-EGRBB,Female,1,No,No,19,Yes,No,No,No internet service,No internet service,No internet service,No internet service,No internet service,No internet service,Two year,No,Credit card (automatic),40.78,721.19,No
5547-AMUYD,Female,0,No,No,13,Yes,No,Fiber optic,Yes,No,Yes,No,Yes,No,Two year,No,Bank transfer (automatic),103.95,1366.6,No
5609-HIJGU,Male,0,Yes,No,72,Yes,No,Fiber optic,Yes,Yes,No,No,Yes,No,Month-to-month,Yes,Bank transfer (automatic),107.69,7753.28,Yes
4440-PLCHK,Male,0,Yes,Yes,14,Yes,Yes,No,No internet service,No internet service,No internet service,No internet service,No internet service,No internet service,One year,Yes,Credit card (automatic),49.13,679.91,No
2917-LWLGW,Female,0,Yes,No,32,Yes,Yes,No,No internet service,No internet service,No internet service,No internet service,No internet service,No internet service,Two year,Yes,Bank transfer (automatic),37.85,1202.73,No
6417-KZRTO,Female,0,No,Yes,63,Yes,No,Fiber optic,Yes,No,Yes,No,Yes,No,Month-to-month,Yes,Electronic check,110.81,6935.65,Yes
6646-AAJYY,Male,0,No,Yes,36,Yes,Yes,No,No internet service,No internet service,No internet service,No internet service,No internet service,No internet service,Month-to-month,No,Credit card (automatic),48.33,1743.86,No
1180-CNQZZ,Male,1,Yes,No,63,Yes,No,No,No internet service,No internet service,No internet service,No internet service,No internet service,No internet service,Month-to-month,Yes,Credit card (automatic),38.8,2428.57,No
9269-MIJSZ,Male,0,Yes,No,19,Yes,No,Fiber optic,Yes,No,No,Yes,No,Yes,Month-to-month,Yes,Electronic check,118.62,2266.03,No
7404-REBYG,Female,0,Yes,Yes,10,Yes,Yes,No,No internet service,No internet service,No internet service,No internet service,No internet service,No internet service,Month-to-month,Yes,Credit card (automatic),41.61,402.28,Yes
3816-JHDCU,Male,0,Yes,Yes,42,Yes,No,DSL,No,No,No,Yes,No,No,One year,No,Electronic check,68.17,2885.99,No
8386-KLYZD,Female,0,No,No,58,Yes,No,DSL,No,No,No,No,No,Yes,One year,Yes,Credit card (automatic),73.47,4234.59,No
8557-QJETW,Male,1,Yes,Yes,38,Yes,Yes,DSL,No,No,No,No,Yes,No,Month-to-month,No,Credit card (automatic),71.59,2751.44,Yes
1858-RVZUC,Male,0,Yes,No,12,Yes,No,DSL,Yes,Yes,No,No,No,Yes,One year,No,Electronic check,92.19,1109.93,No
3988-QJRDC,Female,0,Yes,No,72,Yes,Yes,Fiber optic,No,Yes,No,No,Yes,Yes,Month-to-month,No,Credit card (automatic),109.64,7877.62,Yes
5183-MDGJR,Female,0,Yes,Yes,8,No,No phone service,DSL,No,No,No,No,No,No,Month-to-month,Yes,Electronic check,43.78,371.14,No
6237-GROOC,Female,0,Yes,No,30,Yes,Yes,Fiber optic,No,No,No,No,No,Yes,Two year,Yes,Credit card (automatic),98.79,2959.3,No
2785-QZWLO,Female,0,Yes,No,63,Yes,Yes,Fiber optic,No,No,No,No,Yes,Yes,Month-to-month,Yes,Bank transfer (automatic),105.28,6640.16,No
9837-RVPVR,Female,0,Yes,No,27,Yes,No,DSL,No,Yes,No,No,No,Yes,Two year,No,Mailed check,83.65,2259.47,No
8547-QHKCF,Female,1,Yes,No,42,Yes,No,No,No internet service,No internet service,No internet service,No internet service,No internet service,No internet service,Month-to-month,No,Credit card (automatic),38.05,1562.06,No
5164-WEMQJ,Female,0,No,No,5,Yes,Yes,No,No internet service,No internet service,No internet service,No internet service,No internet service,No internet service,Month-to-month,No,Electronic check,36.31,201.0,No
7105-HDFTG,Male,0,No,No,41,Yes,Yes,DSL,Yes,No,No,Yes,No,No,Two year,Yes,Mailed check,79.95,3276.25,No
2313-EKYBO,Male,0,Yes,No,11,Yes,No,Fiber optic,Yes,No,No,No,Yes,No,Month-to-month,Yes,Bank transfer (automatic),111.68,1228.38,Yes
2013-YDEGZ,Female,0,No,No,30,Yes,No,Fiber optic,Yes,No,No,No,No,No,Month-to-month,Yes,Electronic check,96.02,2888.73,Yes
9882-BQFRR,Male,0,Yes,Yes,8,Yes,Yes,Fiber optic,No,Yes,No,No,No,No,One year,No,Electronic check,94.67,734.8,No
3246-UEJVN,Female,0,No,No,44,Yes,No,DSL,No,No,Yes,No,Yes,No,One year,Yes,Bank transfer (automatic),80.19,3506.78,No
4090-OZGJK,Female,0,No,Yes,37,Yes,No,DSL,No,No,No,No,No,No,Two year,No,Electronic check,70.33,2607.33,No
1923-YZSXY,Male,0,Yes,No,30,Yes,Yes,DSL,Yes,No,No,Yes,No,Yes,Two year,Yes,Mailed check,78.02,2345.97,No
3656-DBWON,Female,1,Yes,No,52,Yes,No,Fiber optic,No,No,No,No,No,No,Month-to-month,Yes,Bank transfer (automatic),91.04,4732.86,No
8681-WVCHN,Male,0,No,No,40,Yes,Yes,Fiber optic,No,No,No,No,No,No,Month-to-month,Yes,Mailed check,94.46,3769.17,Yes
4547-DEGXW,Female,0,Yes,Yes,8,Yes,Yes,Fiber optic,No,No,No,Yes,Yes,No,One year,Yes,Electronic check,105.8,810.9,Yes
1622-YULLL,Male,0,Yes,No,51,Yes,Yes,Fiber optic,Yes,No,No,No,No,No,Month-to-month,No,Electronic check,100.09,5123.71,Yes
2874-XDNXS,Male,0,No,No,41,Yes,Yes,Fiber optic,Yes,Yes,Yes,Yes,Yes,Yes,Month-to-month,Yes,Electronic check,120.0,4927.62,Yes
1788-QNLLP,Female,0,No,No,13,Yes,No,Fiber optic,No,No,No,Yes,No,No,Month-to-month,No,Bank transfer (automatic),96.1,1250.66,Yes
1079-YEKKI,Female,0,No,No,27,Yes,No,DSL,Yes,No,No,Yes,No,No,Two year,Yes,Electronic check,82.81,2255.49,No
4512-VQOWG,Male,0,No,No,18,No,No phone service,Fiber optic,No,No,Yes,Yes,No,No,Two year,Yes,Credit card (automatic),84.74,1511.49,No
8586-UKWXE,Female,1,No,No,72,No,No phone service,DSL,No,No,No,No,No,No,Month-to-month,Yes,Electronic check,42.41,3064.44,No
9707-DZZPS,Female,0,No,No,10,Yes,No,DSL,No,Yes,Yes,Yes,No,Yes,Month-to-month,Yes,Electronic check,89.14,916.41,No
7865-XDONE,Male,0,No,Yes,19,Yes,No,No,No internet service,No internet service,No internet service,No internet service,No internet service,No internet service,Two year,Yes,Credit card (automatic),35.51,676.32,No
1765-JERQP,Female,0,No,No,25,Yes,Yes,Fiber optic,Yes,No,Yes,Yes,No,Yes,Month-to-month,Yes,Electronic check,118.31,2960.6,Yes
4777-WFKMA,Female,1,No,No,29,No,No phone service,Fiber optic,No,Yes,No,Yes,Yes,No,Month-to-month,Yes,Bank transfer (automatic),97.66,2840.98,Yes
8184-DWHYJ,Male,0,No,Yes,19,Yes,Yes,Fiber optic,No,No,Yes,No,No,Yes,Month-to-month,No,Electronic check,107.59,2068.16,Yes
4698-AANIB,Female,1,No,No,28,Yes,No,Fiber optic,No,No,No,No,Yes,Yes,Month-to-month,No,Credit card (automatic),102.44,2874.18,Yes
7900-UKYST,Female,1,No,No,38,Yes,No,DSL,No,Yes,No,No,Yes,No,Month-to-month,No,Electronic check,77.56,2983.37,Yes
7341-MCEMK,Female,0,No,Yes,14,No,No phone service,DSL,Yes,Yes,Yes,No,No,Yes,Month-to-month,No,Electronic check,72.66,1018.01,No
4600-XKNWP,Female,0,Yes,No,19,Yes,Yes,Fiber optic,No,No,Yes,No,No,No,Month-to-month,Yes,Bank transfer (automatic),101.16,1894.86,No
6941-FSNIU,Female,0,No,No,72,No,No phone service,Fiber optic,No,No,No,No,No,Yes,Two year,Yes,Mailed check,81.71,5892.88,No
3699-FENAX,Male,0,Yes,No,52,Yes,Yes,DSL,No,Yes,Yes,No,Yes,No,Month-to-month,No,Credit card (automatic),96.77,5045.1,No
8769-OEFIW,Female,0,Yes,No,51,No,No phone service,DSL,Yes,No,No,Yes,No,No,Two year,Yes,Credit card (automatic),61.13,3132.08,No
4022-LGQST,Male,0,Yes,No,7,Yes,Yes,DSL,No,No,Yes,Yes,Yes,No,One year,Yes,Credit card (automatic),84.58,590.29,No
8238-IFFKJ,Female,0,No,No,72,No,No phone service,Fiber optic,Yes,Yes,No,No,No,No,Month-to-month,Yes,Electronic check,78.24,5612.2,Yes
1890-YIOSP,Male,0,No,Yes,24,Yes,Yes,DSL,Yes,No,Yes,No,No,No,Two year,Yes,Bank transfer (automatic),77.5,1836.16,No
5632-NYKWF,Male,1,Yes,Yes,55,Yes,No,Fiber optic,Yes,No,No,Yes,Yes,Yes,Month-to-month,No,Electronic check,120.0,6589.42,No
2087-RNELP,Male,0,Yes,Yes,30,Yes,Yes,DSL,Yes,No,Yes,No,No,No,Month-to-month,Yes,Electronic check,82.16,2425.52,Yes
6461-TUNQQ,Female,0,Yes,Yes,5,Yes,No,Fiber optic,No,Yes,No,No,No,Yes,One year,Yes,Electronic check,104.46,544.3,Yes
5105-OCQVA,Male,1,Yes,Yes,20,Yes,No,DSL,No,No,No,No,No,Yes,Month-to-month,No,Mailed check,64.07,1277.31,No
7255-EYXMO,Male,0,Yes,No,52,Yes,Yes,DSL,Yes,No,No,No,No,No,Month-to-month,No,Mailed check,67.29,3530.8,No
5381-SCJPU,Female,0,No,No,53,Yes,No,DSL,Yes,No,No,No,Yes,Yes,Two year,No,Bank transfer (automatic),85.52,4560.09,No
7599-BERRK,Female,0,Yes,Yes,31,Yes,No,DSL,No,No,No,No,Yes,Yes,Two year,No,Mailed check,67.3,2091.98,No
1787-YQRIL,Male,1,Yes,No,10,Yes,No,No,No internet service,No internet service,No internet service,No internet service,No internet service,No internet service,Month-to-month,Yes,Electronic check,38.42,424.99,Yes
6228-UBOCE,Female,0,Yes,Yes,56,Yes,Yes,DSL,No,Yes,No,No,No,Yes,Month-to-month,Yes,Electronic check,86.79,4865.28,No
6141-YBRCQ,Male,0,No,No,14,Yes,No,No,No internet service,No internet service,No internet service,No internet service,No internet service,No internet service,One year,Yes,Mailed check,38.44,558.66,No
6968-CJZLI,Male,0,No,No,30,No,No phone service,DSL,No,Yes,No,Yes,No,Yes,Month-to-month,Yes,Bank transfer (automatic),67.38,2045.04,No
9380-RQPLF,Female,0,Yes,No,40,Yes,Yes,DSL,Yes,No,No,No,Yes,No,Month-to-month,No,Electronic check,79.35,3172.86,No
7774-AZYQC,Male,0,Yes,Yes,42,No,No phone service,DSL,No,No,No,No,Yes,Yes,One year,No,Bank transfer (automatic),64.2,2687.34,No
8490-IYLBI,Female,0,No,No,39,Yes,No,Fiber optic,No,No,No,Yes,No,Yes,Month-to-month,Yes,Credit card (automatic),111.3,4334.21,Yes
6533-ULVVX,Female,1,Yes,No,13,Yes,Yes,No,No internet service,No internet service,No internet service,No internet service,No internet service,No internet service,Month-to-month,Yes,Electronic check,36.52,521.73,No
9044-MFARC,Female,0,No,Yes,19,Yes,No,Fiber optic,Yes,Yes,Yes,Yes,No,Yes,One year,No,Credit card (automatic),120.0,2282.99,Yes
7115-KSLEX,Male,1,No,No,12,Yes,No,Fiber optic,No,No,Yes,No,Yes,No,One year,Yes,Credit card (automatic),100.72,1222.21,Yes
4207-HTXVE,Female,0,No,No,45,Yes,No,Fiber optic,No,Yes,No,No,No,Yes,Month-to-month,Yes,Credit card (automatic),108.34,4844.1,Yes
8607-CGBSC,Female,1,No,Yes,41,Yes,No,DSL,Yes,No,No,Yes,Yes,No,Two year,Yes,Electronic check,89.05,3664.76,No
1571-PSJHH,Male,0,Yes,No,14,Yes,Yes,Fiber optic,No,No,Yes,No,No,No,Two year,Yes,Electronic check,94.95,1348.59,No
8240-UVGHI,Male,0,Yes,No,50,Yes,No,Fiber optic,Yes,Yes,Yes,Yes,No,Yes,One year,Yes,Bank transfer (automatic),120.0,6001.2,No
8451-UJZLP,Male,0,Yes,No,49,Yes,No,DSL,No,No,Yes,No,Yes,No,Month-to-month,No,Mailed check,73.4,3576.19,Yes
9424-LWJWT,Female,0,Yes,No,61,No,No phone service,Fiber optic,No,No,No,No,No,No,One year,Yes,Electronic check,73.57,4482.45,No
6294-IGZPN,Female,0,Yes,No,40,Yes,Yes,Fiber optic,No,No,Yes,Yes,Yes,Yes,One year,Yes,Mailed check,111.64,4459.24,Yes
4676-MOMJB,Male,0,Yes,Yes,41,Yes,Yes,Fiber optic,Yes,No,No,No,No,No,One year,Yes,Mailed check,93.79,3817.53,No
8767-PEDWW,Female,0,No,Yes,20,Yes,No,Fiber optic,No,No,Yes,Yes,No,Yes,One year,Yes,Electronic check,107.42,2147.07,Yes
7275-IKKXN,Female,0,Yes,No,24,Yes,Yes,No,No internet service,No internet service,No internet service,No internet service,No internet service,No internet service,Month-to-month,Yes,Electronic check,42.35,1020.14,No
2267-RGQJJ,Female,0,No,No,57,Yes,Yes,Fiber optic,No,No,No,No,No,Yes,Month-to-month,Yes,Bank transfer (automatic),100.32,5696.36,No
9226-JYSAB,Male,0,Yes,No,16,Yes,No,DSL,No,Yes,No,No,No,No,Two year,Yes,Mailed check,62.42,1009.46,No
7569-GUWFU,Male,0,Yes,Yes,13,No,No phone service,No,No internet service,No internet service,No internet service,No internet service,No internet service,No internet service,Month-to-month,Yes,Electronic check,26.81,355.69,No
7694-VHGOV,Male,0,Yes,No,42,No,No phone service,No,No internet service,No internet service,No internet service,No internet service,No internet service,No internet service,One year,No,Credit card (automatic),21.45,929.4,No
3581-LQQQT,Female,0,No,No,4,No,No phone service,DSL,Yes,Yes,Yes,No,No,No,Two year,Yes,Bank transfer (automatic),66.54,241.44,No
1275-CXYFM,Female,1,No,No,16,Yes,No,Fiber optic,Yes,No,No,No,Yes,No,Month-to-month,No,Mailed check,101.62,1633.84,Yes
1471-SHZFV,Female,0,No,No,63,Yes,No,DSL,Yes,Yes,No,Yes,No,No,Two year,No,Electronic check,87.95,5549.29,No
3990-FYMGR,Male,0,Yes,Yes,72,No,No phone service,Fiber optic,No,No,No,No,Yes,Yes,Two year,Yes,Bank transfer (automatic),82.23,5918.69,No
3768-YYWLT,Male,0,Yes,Yes,53,Yes,No,DSL,No,Yes,No,No,Yes,Yes,One year,Yes,Bank transfer (automatic),84.38,4490.31,No
9402-UEMJO,Male,0,No,Yes,29,Yes,Yes,No,No internet service,No internet service,No internet service,No internet service,No internet service,No internet service,One year,Yes,Credit card (automatic),49.34,1410.71,No
2582-GHZAU,Female,0,Yes,No,13,Yes,Yes,No,No internet service,No internet service,No internet service,No internet service,No internet service,No internet service,Two year,No,Electronic check,39.49,556.35,No
1400-BCQLR,Male,1,Yes,No,8,Yes,No,DSL,No,Yes,No,No,No,Yes,Month-to-month,Yes,Bank transfer (automatic),69.22,542.91,Yes
1594-DXVOE,Female,0,Yes,No,21,Yes,No,No,No internet service,No internet service,No internet service,No internet service,No internet service,No internet service,One year,Yes,Electronic check,33.47,723.66,No
2028-PETWG,Female,0,Yes,No,8,Yes,No,DSL,No,No,Yes,No,No,Yes,Month-to-month,Yes,Credit card (automatic),77.45,627.56,No
1260-SGIDB,Male,0,Yes,No,72,Yes,Yes,DSL,No,Yes,Yes,Yes,Yes,No,Two year,Yes,Electronic check,87.67,6292.13,No
1365-QRYGZ,Male,0,Yes,No,20,Yes,No,No,No internet service,No internet service,No internet service,No internet service,No internet service,No internet service,Month-to-month,Yes,Mailed check,38.43,795.38,No
3926-MIETC,Male,0,No,No,22,Yes,No,Fiber optic,No,No,Yes,Yes,Yes,No,Two year,No,Bank transfer (automatic),108.27,2377.83,No
5121-YYRQR,Female,0,No,No,47,Yes,No,DSL,Yes,No,No,Yes,Yes,Yes,Month-to-month,Yes,Bank transfer (automatic),93.2,4388.14,Yes
6629-KJFXQ,Female,0,Yes,No,6,Yes,No,DSL,No,Yes,Yes,No,No,No,Month-to-month,Yes,Bank transfer (automatic),74.6,424.61,Yes
3234-BOPZW,Male,1,Yes,Yes,23,Yes,No,DSL,No,Yes,No,No,Yes,No,Two year,No,Mailed check,84.2,1934.39,No
3259-GKYGY,Male,0,No,Yes,27,Yes,No,No,No internet service,No internet service,No internet service,No internet service,No internet service,No internet service,Month-to-month,No,Credit card (automatic),38.22,1037.04,No
8059-PNBTX,Female,1,Yes,Yes,8,No,No phone service,DSL,No,Yes,Yes,No,Yes,No,Month-to-month,Yes,Bank transfer (automatic),67.0,516.2,Yes
5186-JNKGH,Male,0,No,No,12,Yes,No,DSL,No,No,No,No,No,No,One year,No,Mailed check,63.62,761.49,No
4347-HWNNO,Male,0,Yes,No,17,Yes,Yes,No,No internet service,No internet service,No internet service,No internet service,No internet service,No internet service,Month-to-month,No,Credit card (automatic),38.68,645.14,No
2852-LBYMT,Male,0,No,No,55,Yes,No,Fiber optic,Yes,Yes,No,Yes,No,No,Month-to-month,Yes,Mailed check,116.88,6420.5,Yes
7284-VKKBB,Male,0,No,Yes,70,Yes,No,No,No internet service,No internet service,No internet service,No internet service,No internet service,No internet service,Month-to-month,Yes,Bank transfer (automatic),40.78,2869.85,No
5839-ZUZIS,Male,0,Yes,No,38,Yes,No,Fiber optic,No,No,No,No,No,No,Two year,Yes,Electronic check,88.63,3363.28,No
9126-ZNWIZ,Female,0,No,No,26,Yes,No,Fiber optic,No,No,Yes,No,Yes,Yes,Month-to-month,Yes,Electronic check,117.73,3069.22,Yes
4985-LSLCW,Female,0,No,No,63,Yes,No,No,No internet service,No internet service,No internet service,No internet service,No internet service,No internet service,Month-to-month,Yes,Mailed check,38.88,2450.88,No
5203-PRQOW,Female,0,No,No,50,Yes,No,No,No internet service,No internet service,No internet service,No internet service,No internet service,No internet service,Two year,No,Electronic check,45.62,2283.11,No
5476-IDPZM,Female,0,Yes,Yes,72,Yes,No,DSL,No,No,No,Yes,Yes,Yes,Two year,No,Electronic check,82.51,5940.53,No
2275-DFCFC,Female,1,Yes,Yes,5,Yes,No,Fiber optic,No,No,No,Yes,No,Yes,One year,No,Mailed check,103.0,539.57,No
7154-DOITS,Male,1,Yes,No,28,Yes,Yes,Fiber optic,No,Yes,Yes,No,Yes,Yes,Month-to-month,No,Bank transfer (automatic),112.87,3181.94,Yes
4374-GCZJV,Male,0,No,Yes,17,Yes,No,DSL,No,No,No,No,Yes,No,Two year,No,Electronic check,77.51,1341.11,Yes
1281-GFCUT,Female,1,Yes,No,6,Yes,No,DSL,No,No,Yes,No,No,No,Two year,No,Mailed check,63.99,391.54,No
5675-AGSEO,Male,0,Yes,No,28,Yes,No,Fiber optic,No,No,No,No,No,No,Two year,No,Electronic check,86.89,2410.66,Yes
4896-TPWXW,Female,0,No,Yes,72,Yes,Yes,DSL,No,Yes,No,No,No,No,One year,No,Electronic check,74.43,5363.16,No
5979-ETPCW,Female,1,Yes,No,10,Yes,No,No,No internet service,No internet service,No internet service,No internet service,No internet service,No internet service,One year,Yes,Electronic check,37.24,393.32,No
4314-CDQBU,Male,0,No,Yes,72,Yes,Yes,DSL,Yes,No,No,No,No,No,Two year,No,Bank transfer (automatic),67.47,4861.24,No
9877-CLVDN,Female,0,Yes,No,51,No,No phone service,Fiber optic,No,Yes,No,Yes,Yes,No,Two year,No,Mailed check,97.71,4995.47,No
5022-QCLIU,Female,0,No,No,65,Yes,Yes,Fiber optic,No,Yes,Yes,No,No,Yes,One year,Yes,Credit card (automatic),111.54,7261.89,No
5098-EBKNU,Male,0,Yes,No,64,Yes,Yes,Fiber optic,No,Yes,No,Yes,No,No,Month-to-month,No,Bank transfer (automatic),108.98,6968.04,Yes
5711-INWHK,Male,0,Yes,Yes,38,Yes,Yes,Fiber optic,Yes,Yes,Yes,No,No,No,One year,Yes,Credit card (automatic),114.7,4365.22,No
6600-MURAA,Female,0,No,No,20,Yes,No,Fiber optic,Yes,No,No,No,Yes,No,Month-to-month,Yes,Electronic check,105.44,2096.39,Yes
4703-KHTGQ,Female,0,Yes,No,8,Yes,No,DSL,Yes,No,Yes,No,Yes,Yes,Month-to-month,No,Bank transfer (automatic),100.36,831.28,Yes
7898-DOSBC,Male,0,Yes,No,11,Yes,No,Fiber optic,No,No,No,No,Yes,No,Month-to-month,Yes,Mailed check,100.15,1097.13,Yes
7235-NGVGB,Female,0,Yes,No,42,Yes,No,No,No internet service,No internet service,No internet service,No internet service,No internet service,No internet service,Month-to-month,No,Mailed check,45.51,1903.7,Yes
2185-EHDIN,Male,0,No,No,21,Yes,No,No,No internet service,No internet service,No internet service,No internet service,No internet service,No internet service,Month-to-month,Yes,Credit card (automatic),37.71,832.16,No
9087-AEZWM,Female,1,Yes,No,12,Yes,No,DSL,No,No,No,No,No,Yes,Month-to-month,Yes,Mailed check,78.61,896.18,Yes
3888-MHUYJ,Female,0,Yes,No,34,Yes,No,No,No internet service,No internet service,No internet service,No internet service,No internet service,No internet service,One year,No,Electronic check,42.67,1421.75,No
8312-INKHU,Male,1,Yes,No,36,Yes,No,No,No internet service,No internet service,No internet service,No internet service,No internet service,No internet service,Two year,No,Bank transfer (automatic),38.36,1360.41,No
4148-EIMOA,Female,0,Yes,No,48,Yes,Yes,DSL,No,No,No,No,No,Yes,Month-to-month,Yes,Electronic check,73.45,3533.1,Yes
7105-VWLJI,Female,0,No,No,14,Yes,No,No,No internet service,No internet service,No internet service,No internet service,No internet service,No internet service,Month-to-month,Yes,Electronic check,42.97,593.23,No
3298-BNZDN,Female,0,Yes,Yes,26,Yes,Yes,Fiber optic,No,No,No,No,Yes,No,Month-to-month,Yes,Bank transfer (automatic),100.6,2617.74,No
4756-WTCLV,Male,0,No,No,15,Yes,Yes,No,No internet service,No internet service,No internet service,No internet service,No internet service,No internet service,Two year,Yes,Electronic check,41.67,624.0,No
3493-SEPGR,Male,0,No,Yes,9,Yes,Yes,Fiber optic,Yes,No,Yes,No,No,No,Month-to-month,Yes,Bank transfer (automatic),98.87,898.19,Yes
1265-NMFSW,Male,0,No,Yes,57,Yes,No,DSL,No,No,No,No,No,Yes,Month-to-month,Yes,Mailed check,75.62,4299.37,No
1871-PGAZZ,Male,1,No,No,55,Yes,No,DSL,No,Yes,Yes,Yes,No,No,Month-to-month,No,Credit card (automatic),94.43,5200.11,No
5091-EHJEW,Male,0,Yes,Yes,5,Yes,No,Fiber optic,No,Yes,Yes,Yes,No,No,Month-to-month,Yes,Mailed check,105.79,524.7,Yes
9537-VGWQN,Female,1,No,Yes,29,Yes,No,DSL,No,No,Yes,Yes,No,No,One year,No,Mailed check,71.68,2088.24,Yes
7109-SZHNH,Female,0,No,No,63,Yes,Yes,Fiber optic,No,No,No,Yes,No,Yes,One year,Yes,Mailed check,102.69,6484.24,Yes
5472-JBZUR,Female,0,No,No,49,Yes,Yes,DSL,No,No,Yes,No,No,Yes,Month-to-month,No,Bank transfer (automatic),70.71,3458.07,No
1142-PSEEH,Male,0,Yes,Yes,13,Yes,No,DSL,No,No,Yes,No,No,No,Month-to-month,Yes,Electronic check,75.85,995.15,No
4513-PRORS,Male,0,Yes,No,68,No,No phone service,Fiber optic,No,No,No,Yes,No,No,One year,Yes,Mailed check,83.79,5714.19,Yes
5286-CJVSB,Female,0,No,Yes,63,Yes,No,Fiber optic,No,Yes,Yes,Yes,Yes,Yes,Two year,Yes,Electronic check,120.0,7552.63,No
7361-YYDKB,Male,0,Yes,No,36,Yes,Yes,DSL,No,No,Yes,No,Yes,Yes,One year,Yes,Mailed check,74.47,2702.47,Yes
3582-QSDSB,Female,1,No,No,23,Yes,Yes,DSL,No,Yes,No,Yes,Yes,Yes,Two year,No,Credit card (automatic),91.6,2123.9,No
1695-BYQQB,Female,0,Yes,Yes,13,Yes,No,Fiber optic,No,No,No,No,No,No,Two year,Yes,Bank transfer (automatic),94.24,1234.36,No
6992-SAVBN,Male,0,No,No,28,Yes,No,DSL,No,No,No,No,No,Yes,Month-to-month,Yes,Mailed check,65.95,1853.74,Yes
3325-FPNLY,Male,0,Yes,No,72,Yes,Yes,DSL,No,No,No,No,Yes,No,Month-to-month,No,Electronic check,78.24,5654.65,No
3344-IRJDX,Male,0,Yes,No,13,Yes,No,No,No internet service,No internet service,No internet service,No internet service,No internet service,No internet service,One year,Yes,Bank transfer (automatic),36.22,463.28,No
1336-WFZNK,Male,0,Yes,No,72,Yes,Yes,DSL,Yes,No,No,No,Yes,No,Month-to-month,No,Credit card (automatic),80.94,5831.16,No
9070-MVVNH,Male,0,No,No,47,Yes,No,No,No internet service,No internet service,No internet service,No internet service,No internet service,No internet service,Month-to-month,Yes,Mailed check,41.95,1979.68,No
8331-BLDZI,Female,0,No,No,28,Yes,No,Fiber optic,Yes,No,No,No,No,No,One year,No,Credit card (automatic),97.27,2707.83,No
8962-IYISD,Female,0,No,No,64,Yes,No,No,No internet service,No internet service,No internet service,No internet service,No internet service,No internet service,One year,No,Mailed check,41.97,2698.15,No
6796-DJWEU,Female,0,No,No,27,Yes,No,Fiber optic,No,Yes,No,No,No,No,Month-to-month,Yes,Electronic check,99.68,2685.92,Yes
9739-NDJEP,Female,0,No,No,24,Yes,Yes,Fiber optic,No,No,No,No,No,No,Month-to-month,Yes,Credit card (automatic),87.59,2081.23,Yes
9208-HEVCN,Female,0,No,Yes,56,Yes,No,No,No internet service,No internet service,No internet service,No internet service,No internet service,No internet service,Month-to-month,No,Mailed check,43.22,2395.6,No
6280-NRTRT,Male,0,No,No,29,Yes,Yes,DSL,No,No,Yes,Yes,Yes,No,Month-to-month,No,Mailed check,82.82,2372.01,Yes
5667-WEOJF,Male,0,No,No,27,Yes,Yes,DSL,No,No,No,No,No,No,Month-to-month,No,Credit card (automatic),64.63,1730.63,No
7401-ZHTDB,Female,0,No,No,17,Yes,Yes,Fiber optic,Yes,No,Yes,Yes,Yes,Yes,Month-to-month,Yes,Credit card (automatic),120.0,2002.67,No
3799-QCIGR,Male,1,Yes,No,24,Yes,No,Fiber optic,No,Yes,No,No,No,Yes,Two year,Yes,Credit card (automatic),103.65,2481.29,No
4893-VPLSY,Male,0,No,No,72,Yes,No,Fiber optic,No,No,No,No,No,Yes,Month-to-month,No,Bank transfer (automatic),107.36,7715.06,No
7020-CDWMP,Female,0,Yes,Yes,2,Yes,Yes,No,No internet service,No internet service,No internet service,No internet service,No internet service,No internet service,Two year,Yes,Bank transfer (automatic),38.8,52.45,No
2218-FHPTN,Female,0,Yes,Yes,13,Yes,No,DSL,No,No,Yes,Yes,Yes,Yes,Two year,Yes,Mailed check,101.54,1344.61,No
4509-IZGXA,Female,0,No,No,15,Yes,No,DSL,Yes,No,No,No,No,No,Month-to-month,Yes,Mailed check,67.38,996.52,Yes
4001-IRSKA,Female,0,No,No,26,Yes,Yes,DSL,No,No,No,No,Yes,Yes,Month-to-month,Yes,Electronic check,84.2,2229.22,No
6851-HEPAX,Male,1,Yes,No,22,No,No phone service,DSL,No,No,No,No,Yes,Yes,Two year,No,Credit card (automatic),55.2,1183.63,No
7100-DGKEU,Female,1,Yes,No,32,Yes,No,DSL,Yes,No,No,No,No,Yes,Month-to-month,Yes,Electronic check,84.09,2716.59,No
5283-CTIEL,Female,0,No,No,3,Yes,No,DSL,No,No,No,No,Yes,No,Month-to-month,Yes,Credit card (automatic),69.95,212.32,Yes
3565-NDFBP,Female,0,Yes,No,32,Yes,No,DSL,Yes,No,No,Yes,Yes,No,Month-to-month,No,Electronic check,90.81,2923.93,Yes
4446-WMPHJ,Female,0,Yes,No,72,Yes,No,DSL,Yes,No,No,Yes,No,No,One year,Yes,Electronic check,83.08,5957.32,No
8104-GHNLQ,Female,0,No,Yes,29,No,No phone service,Fiber optic,Yes,No,No,No,No,Yes,Two year,No,Electronic check,88.26,2556.73,No
2702-XMQBM,Male,0,No,No,23,Yes,Yes,Fiber optic,Yes,No,Yes,No,No,Yes,One year,No,Mailed check,109.82,2557.29,No
7813-PUUBJ,Male,0,No,No,26,Yes,No,No,No internet service,No internet service,No internet service,No internet service,No internet service,No internet service,Month-to-month,No,Electronic check,37.64,1011.04,No
6485-DHJJW,Male,0,No,No,21,Yes,Yes,DSL,No,Yes,Yes,Yes,Yes,No,One year,Yes,Electronic check,98.77,2089.32,No
7381-BJQPD,Male,0,Yes,Yes,47,Yes,No,Fiber optic,No,No,No,No,Yes,No,One year,Yes,Bank transfer (automatic),98.55,4620.56,No
8488-NNTWD,Male,0,Yes,No,36,Yes,Yes,Fiber optic,No,No,Yes,No,No,No,One year,Yes,Mailed check,94.24,3380.36,No
4836-ELIVF,Male,0,No,No,34,Yes,No,No,No internet service,No internet service,No internet service,No internet service,No internet service,No internet service,Two year,Yes,Electronic check,41.36,1412.65,No
9757-WUSJM,Female,0,No,No,64,Yes,No,Fiber optic,Yes,No,No,No,Yes,Yes,Month-to-month,Yes,Electronic check,114.11,7283.1,Yes
8464-NIDUG,Female,0,Yes,No,47,Yes,No,DSL,Yes,Yes,No,No,No,Yes,Month-to-month,Yes,Electronic check,85.71,4007.91,No
7405-HEYVW,Female,0,Yes,No,2,Yes,Yes,DSL,Yes,Yes,No,Yes,Yes,Yes,Month-to-month,Yes,Credit card (automatic),98.35,199.69,No
9756-WKFSR,Female,0,Yes,No,20,No,No phone service,Fiber optic,No,No,Yes,Yes,Yes,No,One year,Yes,Credit card (automatic),88.26,1754.75,No
4707-FRXNL,Female,0,Yes,No,9,Yes,No,Fiber optic,Yes,Yes,No,No,Yes,Yes,Two year,Yes,Mailed check,115.29,1055.12,Yes
4372-DEWCI,Female,0,Yes,Yes,14,Yes,No,DSL,Yes,No,Yes,No,Yes,No,Month-to-month,Yes,Electronic check,82.41,1167.71,Yes
9643-IQQOT,Male,0,Yes,No,17,Yes,No,Fiber optic,No,No,Yes,Yes,No,No,Month-to-month,No,Electronic check,104.35,1749.74,Yes
3746-IQIKU,Female,0,No,Yes,14,Yes,Yes,DSL,Yes,No,No,No,No,No,Two year,No,Bank transfer (automatic),71.6,987.3,No
1962-HMBPN,Male,0,Yes,Yes,49,Yes,Yes,No,No internet service,No internet service,No internet service,No internet service,No internet service,No internet service,Month-to-month,No,Electronic check,40.45,1972.14,No
2575-RGOXO,Male,0,No,No,43,Yes,No,No,No internet service,No internet service,No internet service,No internet service,No internet service,No internet service,Two year,No,Bank transfer (automatic),35.97,1524.93,No
4048-SRAUQ,Female,1,No,Yes,20,Yes,No,No,No internet service,No internet service,No internet service,No internet service,No internet service,No internet service,Two year,Yes,Electronic check,42.49,832.82,No
5694-XIGVA,Female,0,No,No,42,Yes,No,No,No internet service,No internet service,No internet service,No internet service,No internet service,No internet service,Two year,No,Bank transfer (automatic),40.26,1674.37,No
7632-YEFTN,Male,1,No,No,38,Yes,Yes,No,No internet service,No internet service,No internet service,No internet service,No internet service,No internet service,Month-to-month,Yes,Mailed check,44.03,1662.28,No
7541-BMRTM,Male,0,Yes,No,31,Yes,Yes,DSL,No,Yes,No,Yes,Yes,Yes,One year,Yes,Electronic check,95.57,2968.44,No
6912-FGRTC,Male,0,Yes,Yes,25,Yes,No,Fiber optic,No,Yes,No,Yes,No,Yes,Month-to-month,No,Electronic check,114.82,2820.78,Yes
8072-VGMIU,Male,0,No,No,53,Yes,No,DSL,No,No,Yes,Yes,Yes,No,Month-to-month,No,Bank transfer (automatic),84.61,4488.08,No
7431-LNUFB,Male,0,Yes,No,27,Yes,Yes,Fiber optic,No,Yes,No,No,No,No,Month-to-month,Yes,Bank transfer (automatic),92.63,2511.76,Yes
8888-HWQGC,Female,0,Yes,No,33,Yes,No,DSL,No,No,No,No,No,Yes,Month-to-month,Yes,Bank transfer (automatic),74.59,2486.48,No
9854-LQRKT,Female,0,Yes,No,32,No,No phone service,Fiber optic,No,No,No,No,No,No,Two year,No,Electronic check,71.36,2300.11,No
2435-YYANL,Female,0,No,No,18,Yes,No,DSL,No,Yes,Yes,No,No,Yes,One year,Yes,Bank transfer (automatic),86.1,1520.68,No
8379-VLSBO,Female,0,Yes,No,17,Yes,Yes,No,No internet service,No internet service,No internet service,No internet service,No internet service,No internet service,Month-to-month,Yes,Electronic check,39.18,654.78,No
7804-VEPGX,Female,0,No,Yes,24,Yes,No,No,No internet service,No internet service,No internet service,No internet service,No internet service,No internet service,One year,Yes,Bank transfer (automatic),47.11,1114.9,No
9815-CXFIM,Female,0,Yes,No,48,Yes,No,No,No internet service,No internet service,No internet service,No internet service,No internet service,No internet service,One year,Yes,Bank transfer (automatic),36.84,1782.64,No
1481-LDTGG,Male,0,No,No,26,Yes,Yes,DSL,No,No,No,Yes,Yes,No,Month-to-month,Yes,Electronic check,78.76,2059.21,No
8605-BYWOK,Male,0,Yes,No,4,Yes,No,No,No internet service,No internet service,No internet service,No internet service,No internet service,No internet service,Month-to-month,Yes,Credit card (automatic),42.35,151.75,Yes
6356-SDOCW,Female,0,No,No,36,Yes,No,DSL,No,Yes,No,No,Yes,No,Month-to-month,Yes,Credit card (automatic),74.29,2661.54,Yes
1899-IFUKA,Male,0,No,No,19,Yes,No,DSL,Yes,No,No,No,No,Yes,Two year,No,Credit card (automatic),81.63,1548.55,No
3047-QTURQ,Male,0,Yes,No,14,No,No phone service,Fiber optic,No,No,No,No,No,No,Month-to-month,No,Electronic check,67.74,943.39,Yes
9517-VUNUF,Male,0,Yes,No,45,Yes,No,DSL,No,Yes,No,No,No,No,Two year,Yes,Credit card (automatic),76.61,3429.18,No
6830-FBERN,Female,0,No,No,45,Yes,Yes,No,No internet service,No internet service,No internet service,No internet service,No internet service,No internet service,One year,Yes,Electronic check,41.11,1849.83,No
7595-QACVV,Male,0,No,No,31,No,No phone service,No,No internet service,No internet service,No internet service,No internet service,No internet service,No internet service,Month-to-month,No,Mailed check,18.25,567.66,No
2450-CRUJQ,Female,0,Yes,Yes,22,Yes,No,Fiber optic,No,Yes,No,Yes,Yes,No,Month-to-month,No,Mailed check,107.0,2381.32,Yes
9785-SSRUN,Male,0,Yes,No,19,Yes,Yes,Fiber optic,No,No,Yes,Yes,No,Yes,Month-to-month,No,Electronic check,111.3,2149.53,Yes
3736-VLYON,Male,0,Yes,No,9,Yes,No,No,No internet service,No internet service,No internet service,No internet service,No internet service,No internet service,Month-to-month,No,Mailed check,41.51,345.18,Yes
4952-EYGQF,Male,0,Yes,No,2,Yes,No,Fiber optic,No,Yes,No,No,No,No,Month-to-month,No,Credit card (automatic),99.8,213.05,Yes
7888-KTGYW,Male,1,Yes,No,20,Yes,No,DSL,No,No,Yes,No,Yes,No,Two year,Yes,Electronic check,80.73,1641.61,No
1788-PIQDB,Female,0,Yes,No,21,Yes,No,Fiber optic,Yes,Yes,No,No,No,No,Month-to-month,Yes,Mailed check,108.06,2235.81,No
2810-NIHER,Male,0,Yes,No,13,No,No phone service,Fiber optic,No,No,No,No,Yes,No,Month-to-month,Yes,Credit card (automatic),76.76,984.43,No
9532-CHIMC,Male,0,No,No,64,Yes,Yes,No,No internet service,No internet service,No internet service,No internet service,No internet service,No internet service,Month-to-month,Yes,Electronic check,45.59,2881.07,No
8522-UDWDP,Female,0,No,Yes,18,Yes,Yes,No,No internet service,No internet service,No internet service,No internet service,No internet service,No internet service,Month-to-month,Yes,Credit card (automatic),49.08,891.82,No
2815-UBMQC,Female,0,No,No,31,Yes,No,Fiber optic,No,No,Yes,No,No,Yes,Two year,Yes,Credit card (automatic),106.19,3291.02,No
8969-ARMLB,Male,0,No,Yes,35,Yes,No,DSL,No,Yes,No,No,Yes,No,Month-to-month,Yes,Electronic check,78.64,2777.8,No
9461-TRMTH,Female,0,No,No,39,Yes,No,Fiber optic,No,No,No,No,No,No,Month-to-month,Yes,Mailed check,85.42,3333.41,Yes
6450-EDFKV,Female,0,Yes,No,16,Yes,Yes,Fiber optic,No,No,No,No,No,No,One year,No,Electronic check,91.56,1462.39,Yes
4923-MFNCP,Male,0,No,Yes,22,Yes,Yes,Fiber optic,Yes,No,No,No,No,Yes,Month-to-month,No,Credit card (automatic),107.13,2382.68,Yes
3901-GNKOC,Female,0,Yes,Yes,28,Yes,No,No,No internet service,No internet service,No internet service,No internet service,No internet service,No internet service,Month-to-month,Yes,Electronic check,38.15,1089.69,No
9569-RVRKH,Female,1,No,No,16,Yes,Yes,No,No internet service,No internet service,No internet service,No internet service,No internet service,No internet service,One year,Yes,Mailed check,40.84,670.84,No
7277-XJOSQ,Female,1,No,Yes,59,No,No phone service,Fiber optic,No,No,No,No,No,No,Two year,Yes,Bank transfer (automatic),67.18,3964.67,No
8291-FJJQM,Male,0,No,No,72,Yes,No,No,No internet service,No internet service,No internet service,No internet service,No internet service,No internet service,One year,Yes,Bank transfer (automatic),32.65,2341.22,No
5991-UJKWK,Male,0,Yes,No,35,Yes,No,DSL,No,No,No,No,No,No,Month-to-month,Yes,Bank transfer (automatic),58.99,2097.4,No
5850-PPJJT,Male,0,No,Yes,34,Yes,No,DSL,Yes,Yes,No,No,No,Yes,Month-to-month,No,Electronic check,89.54,3036.0,Yes
2606-LVYMJ,Female,0,Yes,No,57,Yes,Yes,Fiber optic,No,No,Yes,No,No,No,Month-to-month,No,Bank transfer (automatic),101.95,5825.93,Yes
5016-YORWI,Female,0,Yes,No,49,Yes,Yes,Fiber optic,No,No,Yes,No,No,Yes,Month-to-month,Yes,Bank transfer (automatic),113.65,5536.81,Yes
5855-GDQZW,Male,0,Yes,Yes,27,No,No phone service,Fiber optic,No,Yes,No,No,Yes,Yes,Two year,Yes,Mailed check,94.17,2543.48,Yes
1719-HILVV,Male,1,Yes,No,72,Yes,No,DSL,No,Yes,No,No,No,Yes,Month-to-month,Yes,Bank transfer (automatic),80.04,5764.76,No
1602-EKOYP,Female,1,No,No,17,Yes,No,Fiber optic,Yes,Yes,Yes,Yes,No,No,Month-to-month,No,Electronic check,117.42,1976.19,No
4782-KHWCV,Female,0,Yes,No,45,Yes,No,Fiber optic,Yes,No,No,No,Yes,No,Month-to-month,Yes,Electronic check,100.65,4534.66,No
9693-HOCBM,Female,0,Yes,Yes,22,Yes,Yes,Fiber optic,Yes,No,No,Yes,No,No,Month-to-month,No,Electronic check,106.2,2344.67,Yes
7475-SRZSQ,Male,0,No,No,38,Yes,Yes,DSL,Yes,No,No,No,No,No,Month-to-month,Yes,Electronic check,70.66,2692.06,No
3745-TLETL,Female,0,No,No,20,No,No phone service,Fiber optic,No,Yes,No,No,Yes,No,Month-to-month,Yes,Electronic check,82.92,1641.1,Yes
5660-ARYSO,Male,0,Yes,No,72,Yes,Yes,Fiber optic,No,Yes,Yes,No,Yes,No,Two year,No,Electronic check,108.28,7802.09,No
6466-HVTDN,Female,0,No,No,59,Yes,No,Fiber optic,No,Yes,No,No,No,No,Month-to-month,Yes,Mailed check,102.72,6082.93,No
7185-RZJKK,Male,0,No,No,36,Yes,Yes,Fiber optic,No,No,Yes,Yes,Yes,Yes,Month-to-month,No,Bank transfer (automatic),118.61,4234.79,Yes
5589-VTJJN,Male,0,Yes,No,49,Yes,No,Fiber optic,No,No,No,No,No,No,One year,Yes,Mailed check,94.31,4633.69,Yes
8730-DXDKW,Male,0,No,Yes,13,Yes,No,DSL,No,No,No,No,No,No,Month-to-month,No,Credit card (automatic),65.74,857.88,Yes
7462-ZOBFH,Female,0,No,No,7,Yes,Yes,DSL,No,No,Yes,No,Yes,Yes,Month-to-month,No,Mailed check,90.54,620.58,No
9668-WHIIR,Female,0,Yes,No,16,No,No phone service,DSL,No,No,No,No,No,No,Month-to-month,Yes,Mailed check,46.99,735.63,No
8622-CVAGQ,Male,1,No,No,72,Yes,No,Fiber optic,No,No,No,No,Yes,Yes,Two year,Yes,Electronic check,95.8,6948.76,No
5652-RXKTF,Female,0,Yes,No,20,Yes,No,No,No internet service,No internet service,No internet service,No internet service,No internet service,No internet service,Month-to-month,No,Bank transfer (automatic),36.6,734.0,No
6144-SGXDS,Male,0,No,No,51,Yes,Yes,No,No internet service,No internet service,No internet service,No internet service,No internet service,No internet service,Month-to-month,Yes,Bank transfer (automatic),35.13,1808.3,Yes
1861-FLLNB,Male,0,Yes,Yes,23,Yes,No,Fiber optic,No,No,No,Yes,No,Yes,One year,Yes,Electronic check,95.2,2191.92,No
5736-MGNMA,Male,0,Yes,No,24,Yes,Yes,Fiber optic,No,Yes,No,Yes,No,Yes,Month-to-month,Yes,Electronic check,114.15,2744.22,Yes
8365-ZKOPT,Female,1,No,No,20,Yes,No,No,No internet service,No internet service,No internet service,No internet service,No internet service,No internet service,One year,No,Electronic check,37.42,767.71,No
5044-ERSJS,Male,0,No,No,19,Yes,No,No,No internet service,No internet service,No internet service,No internet service,No internet service,No internet service,Month-to-month,Yes,Mailed check,38.12,749.85,No
9219-LBLDD,Female,1,Yes,No,49,Yes,No,No,No internet service,No internet service,No internet service,No internet service,No internet service,No internet service,Month-to-month,Yes,Electronic check,33.91,1683.17,No
5024-VGIBR,Male,0,Yes,Yes,19,Yes,Yes,DSL,No,No,No,No,No,Yes,Two year,No,Bank transfer (automatic),72.44,1334.7,No
9856-RSFIB,Male,0,Yes,No,19,Yes,Yes,Fiber optic,No,Yes,Yes,Yes,No,No,One year,No,Electronic check,112.58,2154.58,No
9312-HAAFA,Male,0,No,No,28,Yes,No,Fiber optic,No,No,No,No,Yes,Yes,Month-to-month,Yes,Credit card (automatic),94.44,2623.79,Yes
8606-RVDDZ,Female,0,Yes,No,22,No,No phone service,DSL,No,Yes,No,No,No,No,Two year,Yes,Electronic check,53.45,1157.01,No
6778-HADDU,Male,0,Yes,No,14,Yes,Yes,Fiber optic,No,No,No,No,No,No,Month-to-month,Yes,Mailed check,87.03,1245.38,Yes
5140-BEGFL,Female,0,No,No,45,Yes,Yes,DSL,Yes,No,No,No,Yes,Yes,Month-to-month,No,Credit card (automatic),84.24,3792.71,No
4779-QDXEN,Female,0,Yes,Yes,33,Yes,Yes,Fiber optic,No,No,No,No,Yes,No,Month-to-month,Yes,Electronic check,98.17,3211.01,Yes
7116-EMVKR,Male,0,Yes,No,18,Yes,Yes,Fiber optic,No,Yes,No,No,Yes,Yes,Month-to-month,Yes,Credit card (automatic),110.71,1998.09,Yes
7282-CFBKF,Female,1,No,No,14,Yes,Yes,DSL,No,No,No,Yes,No,Yes,Month-to-month,Yes,Electronic check,77.69,1104.21,No
5367-FEPER,Female,0,Yes,No,57,Yes,No,Fiber optic,No,Yes,No,No,Yes,No,One year,Yes,Mailed check,109.09,6241.33,No
6222-OSBNX,Male,0,No,Yes,10,Yes,No,DSL,No,Yes,No,No,No,Yes,Month-to-month,Yes,Credit card (automatic),83.32,813.54,Yes
4109-PEKRM,Male,0,No,No,41,Yes,No,No,No internet service,No internet service,No internet service,No internet service,No internet service,No internet service,Two year,Yes,Electronic check,40.66,1647.63,No
1839-PWBSY,Male,0,Yes,No,4,Yes,Yes,DSL,Yes,Yes,Yes,No,No,Yes,Month-to-month,Yes,Electronic check,90.54,415.56,Yes
5761-YHIFQ,Female,1,No,No,30,Yes,Yes,Fiber optic,No,No,No,Yes,No,No,Month-to-month,Yes,Electronic check,101.68,3007.98,No
4257-ENCPX,Male,0,No,No,30,Yes,Yes,Fiber optic,No,Yes,Yes,No,No,No,One year,No,Electronic check,97.09,2940.16,No
4655-VNNXR,Female,0,No,No,8,Yes,Yes,Fiber optic,No,Yes,Yes,No,Yes,Yes,Month-to-month,No,Mailed check,120.0,951.8,Yes
1679-QZNJU,Female,0,No,No,9,Yes,Yes,Fiber optic,No,Yes,No,No,Yes,Yes,Month-to-month,No,Bank transfer (automatic),100.31,886.01,Yes
3667-DKMZM,Female,0,Yes,No,31,Yes,Yes,No,No internet service,No internet service,No internet service,No internet service,No internet service,No internet service,Month-to-month,Yes,Electronic check,44.08,1360.09,No
9459-GVRAO,Male,0,Yes,No,8,Yes,No,Fiber optic,No,Yes,No,No,Yes,No,Month-to-month,No,Bank transfer (automatic),108.09,861.51,Yes
5252-TLEMC,Female,0,No,No,66,Yes,No,DSL,No,Yes,No,Yes,No,No,Month-to-month,Yes,Bank transfer (automatic),72.26,4759.57,Yes
8984-QSOEA,Male,1,Yes,Yes,19,Yes,Yes,No,No internet service,No internet service,No internet service,No internet service,No internet service,No internet service,One year,No,Credit card (automatic),41.92,790.54,No
2593-EGWFD,Male,1,Yes,No,72,No,No phone service,Fiber optic,No,No,No,No,No,Yes,Month-to-month,No,Credit card (automatic),74.77,5383.58,No
2254-QARPK,Male,0,No,No,63,Yes,Yes,DSL,No,Yes,Yes,No,No,Yes,Month-to-month,Yes,Credit card (automatic),82.25,5176.07,No
4684-AAPNN,Male,0,Yes,Yes,25,Yes,Yes,Fiber optic,Yes,Yes,Yes,No,No,Yes,Month-to-month,Yes,Electronic check,120.0,3024.69,No
8569-MIJWW,Male,0,No,No,32,Yes,No,DSL,Yes,No,No,No,Yes,Yes,Month-to-month,No,Electronic check,86.7,2771.78,Yes
4359-VQLIQ,Male,0,No,Yes,55,Yes,No,Fiber optic,Yes,No,No,Yes,Yes,No,Two year,Yes,Bank transfer (automatic),103.39,5685.17,No
4795-GGPHD,Male,0,No,No,11,Yes,Yes,Fiber optic,No,Yes,Yes,No,No,Yes,One year,No,Electronic check,110.22,1183.49,No
4226-MTYWC,Male,1,Yes,No,20,Yes,Yes,DSL,No,No,No,No,Yes,Yes,Month-to-month,No,Electronic check,72.0,1488.35,No
1899-LBMXQ,Female,0,Yes,Yes,72,Yes,Yes,Fiber optic,Yes,No,No,No,Yes,No,Month-to-month,No,Credit card (automatic),110.21,7928.64,No
6739-ELVCJ,Male,0,No,Yes,51,Yes,No,DSL,No,No,No,No,No,Yes,Month-to-month,No,Mailed check,68.6,3510.69,No
9128-PFTPJ,Female,0,Yes,Yes,23,Yes,Yes,Fiber optic,No,Yes,No,Yes,No,No,Month-to-month,Yes,Mailed check,103.74,2367.06,Yes
2418-RXJJX,Female,0,No,Yes,32,No,No phone service,No,No internet service,No internet service,No internet service,No internet service,No internet service,No internet service,Two year,No,Mailed check,19.16,587.19,No
7207-ALJBS,Female,0,No,Yes,16,Yes,No,DSL,No,No,No,Yes,Yes,No,Month-to-month,No,Electronic check,80.35,1254.94,No
6116-XMZHD,Female,0,Yes,No,21,Yes,Yes,DSL,Yes,No,Yes,Yes,No,No,Two year,Yes,Electronic check,89.79,1872.99,No
6117-KPAMS,Female,0,Yes,No,41,Yes,No,DSL,No,No,No,Yes,No,Yes,Two year,Yes,Credit card (automatic),83.76,3444.72,No
5011-OCBMR,Female,0,No,No,21,Yes,No,Fiber optic,Yes,No,No,Yes,No,No,One year,Yes,Electronic check,103.99,2194.72,No
5577-HLGYB,Female,0,Yes,Yes,45,Yes,Yes,No,No internet service,No internet service,No internet service,No internet service,No internet service,No internet service,Month-to-month,No,Mailed check,40.79,1852.37,No
9545-YQQFP,Female,0,No,Yes,8,Yes,Yes,DSL,No,No,Yes,No,No,Yes,Month-to-month,No,Electronic check,79.95,647.76,Yes
9948-EWIVL,Male,0,No,Yes,40,Yes,No,DSL,No,No,No,No,No,Yes,Two year,Yes,Electronic check,75.2,3006.73,No
9520-EPOBT,Male,0,Yes,Yes,12,Yes,No,Fiber optic,No,No,No,Yes,Yes,No,Two year,No,Electronic check,101.58,1228.18,Yes
4147-QIQDT,Female,0,No,No,25,Yes,No,Fiber optic,No,No,No,No,Yes,No,Month-to-month,Yes,Electronic check,104.07,2609.29,Yes
7041-VLZWV,Male,1,Yes,Yes,15,Yes,Yes,DSL,No,No,Yes,No,Yes,No,Month-to-month,Yes,Bank transfer (automatic),78.2,1128.6,Yes
5946-XKWRO,Female,0,Yes,No,40,Yes,Yes,DSL,Yes,No,Yes,No,No,Yes,Month-to-month,Yes,Electronic check,87.53,3500.25,No
6221-XMZDC,Male,0,No,No,9,Yes,No,DSL,No,No,No,No,No,No,Month-to-month,Yes,Mailed check,65.29,608.81,No
5485-VLIQV,Male,0,No,Yes,46,Yes,Yes,DSL,No,Yes,Yes,No,No,Yes,Month-to-month,Yes,Bank transfer (automatic),83.82,3868.5,No
7470-EINGZ,Female,0,No,Yes,27,Yes,Yes,Fiber optic,No,No,Yes,No,Yes,No,Month-to-month,No,Mailed check,105.15,2805.79,No
2375-ROIDS,Female,0,No,No,23,Yes,Yes,DSL,Yes,No,No,No,No,No,Two year,Yes,Electronic check,73.04,1677.45,No
3737-KREOY,Female,0,No,No,17,Yes,No,DSL,No,No,Yes,Yes,No,No,One year,No,Electronic check,80.68,1398.69,No
3250-CNBYW,Male,0,Yes,Yes,20,Yes,No,No,No internet service,No internet service,No internet service,No internet service,No internet service,No internet service,One year,Yes,Electronic check,35.7,715.52,No
1666-ZCGIE,Female,0,Yes,No,62,Yes,No,DSL,Yes,Yes,No,No,No,No,One year,Yes,Electronic check,81.8,5066.55,No
2141-TBRJW,Female,0,Yes,No,17,Yes,Yes,No,No internet service,No internet service,No internet service,No internet service,No internet service,No internet service,One year,Yes,Mailed check,39.31,672.59,No
9620-YFKOI,Female,0,Yes,No,62,Yes,No,Fiber optic,No,No,No,Yes,No,No,Month-to-month,Yes,Mailed check,95.24,5897.17,No
6886-DLQTA,Female,1,Yes,No,72,Yes,Yes,Fiber optic,Yes,No,No,Yes,Yes,No,Two year,No,Electronic check,119.99,8638.91,No
8657-ZNRZB,Female,0,No,No,23,Yes,No,No,No internet service,No internet service,No internet service,No internet service,No internet service,No internet service,Month-to-month,No,Electronic check,45.82,1050.54,No
6735-CCBIE,Female,0,Yes,No,7,Yes,No,Fiber optic,No,Yes,No,Yes,Yes,Yes,Two year,Yes,Bank transfer (automatic),118.76,819.22,No
6302-LBEUD,Male,0,No,No,52,Yes,Yes,DSL,No,Yes,No,No,No,No,Month-to-month,Yes,Electronic check,69.32,3586.5,No
9893-LDKHM,Female,0,No,No,52,Yes,No,No,No internet service,No internet service,No internet service,No internet service,No internet service,No internet service,One year,Yes,Mailed check,41.81,2164.15,No
6733-KKPAF,Female,0,No,No,63,No,No phone service,Fiber optic,No,Yes,No,Yes,Yes,No,Month-to-month,Yes,Credit card (automatic),97.82,6179.81,No
7571-NOSEV,Female,0,Yes,No,26,Yes,No,Fiber optic,Yes,No,No,Yes,Yes,Yes,Month-to-month,Yes,Bank transfer (automatic),120.0,3106.99,Yes
6819-TRVYF,Female,0,No,Yes,34,Yes,No,DSL,No,Yes,No,No,No,No,Month-to-month,Yes,Electronic check,68.38,2373.8,No
2072-ZLEJW,Female,0,No,No,19,Yes,No,DSL,No,No,No,No,Yes,Yes,Month-to-month,No,Mailed check,76.31,1458.8,Yes
2079-BCGBP,Male,0,Yes,No,19,Yes,Yes,No,No internet service,No internet service,No internet service,No internet service,No internet service,No internet service,One year,No,Credit card (automatic),38.61,743.52,No
2038-UJMES,Female,0,Yes,No,33,Yes,Yes,Fiber optic,Yes,Yes,Yes,No,No,Yes,Month-to-month,Yes,Bank transfer (automatic),113.26,3728.45,Yes
7915-XCIVS,Male,0,Yes,Yes,55,Yes,Yes,Fiber optic,No,No,Yes,Yes,Yes,Yes,Month-to-month,Yes,Bank transfer (automatic),120.0,6637.51,No
6615-LDFAF,Male,0,No,No,47,Yes,No,Fiber optic,No,No,No,No,Yes,Yes,Two year,No,Mailed check,99.15,4652.41,No
4182-JDHQW,Female,0,No,Yes,28,Yes,No,Fiber optic,No,Yes,No,No,No,No,One year,Yes,Credit card (automatic),88.77,2497.53,No
7184-BMOIQ,Female,1,No,No,59,Yes,No,Fiber optic,Yes,No,No,Yes,No,No,Two year,No,Electronic check,97.45,5737.02,No
3644-UTMBN,Male,0,No,No,9,No,No phone service,DSL,Yes,No,Yes,No,No,No,Month-to-month,Yes,Bank transfer (automatic),57.4,514.65,Yes
2839-FRKXC,Male,0,Yes,No,72,Yes,Yes,No,No internet service,No internet service,No internet service,No internet service,No internet service,No internet service,Month-to-month,Yes,Mailed check,52.06,3739.34,No
2015-GRNXR,Male,0,Yes,No,10,Yes,No,DSL,No,No,Yes,No,No,Yes,Month-to-month,Yes,Mailed check,74.98,751.92,Yes
4392-ZEOLS,Male,0,No,Yes,27,Yes,Yes,Fiber optic,No,No,No,No,No,Yes,Two year,No,Electronic check,98.29,2633.68,Yes
7319-CMMHZ,Male,1,No,Yes,33,Yes,No,No,No internet service,No internet service,No internet service,No internet service,No internet service,No internet service,Two year,Yes,Credit card (automatic),38.27,1263.44,No
6692-PORMK,Male,0,No,No,34,Yes,No,Fiber optic,Yes,Yes,No,No,No,No,Two year,No,Electronic check,98.83,3392.8,No
2401-UXJMR,Female,0,Yes,Yes,55,No,No phone service,Fiber optic,No,No,Yes,No,No,Yes,One year,Yes,Mailed check,87.25,4808.35,No
8501-GXATT,Female,0,Yes,No,14,Yes,No,No,No internet service,No internet service,No internet service,No internet service,No internet service,No internet service,Month-to-month,Yes,Credit card (automatic),34.84,485.91,No
7356-SQAOB,Female,1,Yes,No,35,Yes,No,DSL,Yes,No,No,No,No,No,Month-to-month,No,Electronic check,70.93,2492.76,Yes
2213-LWHTQ,Male,0,Yes,Yes,45,No,No phone service,Fiber optic,No,No,No,No,No,Yes,One year,Yes,Electronic check,81.07,3660.35,No
5710-PODLX,Male,0,Yes,No,60,Yes,Yes,No,No internet service,No internet service,No internet service,No internet service,No internet service,No internet service,Month-to-month,Yes,Mailed check,46.87,2812.56,No
3065-JOYOE,Male,0,No,No,22,Yes,No,Fiber optic,No,Yes,No,No,No,Yes,One year,No,Mailed check,104.19,2290.15,No
3525-JTYZU,Female,0,No,No,31,Yes,No,Fiber optic,No,No,No,No,No,Yes,Two year,No,Electronic check,94.04,2931.33,No
3195-ZOVZP,Male,0,Yes,No,28,Yes,No,No,No internet service,No internet service,No internet service,No internet service,No internet service,No internet service,Month-to-month,No,Bank transfer (automatic),36.26,1026.61,No
1478-LXWCJ,Male,0,Yes,No,43,Yes,No,Fiber optic,No,No,No,No,No,No,One year,No,Bank transfer (automatic),87.11,3778.87,No
5018-WYLSV,Male,0,Yes,No,43,Yes,Yes,No,No internet service,No internet service,No internet service,No internet service,No internet service,No internet service,Month-to-month,No,Electronic check,33.43,1416.29,No
3903-VKATZ,Female,0,Yes,Yes,22,Yes,No,Fiber optic,No,Yes,Yes,No,No,Yes,Month-to-month,No,Mailed check,119.81,2626.43,Yes
5305-GSMFC,Male,0,No,Yes,27,Yes,No,DSL,No,No,Yes,No,No,Yes,Month-to-month,No,Mailed check,77.17,2062.44,No
2955-SAGLO,Male,0,Yes,No,29,Yes,No,No,No internet service,No internet service,No internet service,No internet service,No internet service,No internet service,Month-to-month,Yes,Mailed check,41.71,1216.36,No
8477-GPUAN,Female,0,No,Yes,12,Yes,Yes,No,No internet service,No internet service,No internet service,No internet service,No internet service,No internet service,One year,No,Credit card (automatic),49.55,565.23,No
2999-GSCCE,Female,0,Yes,No,37,Yes,No,Fiber optic,Yes,No,Yes,No,No,No,Month-to-month,Yes,Mailed check,103.73,3831.48,Yes
1845-FQUCL,Male,0,Yes,No,36,Yes,Yes,DSL,No,No,No,Yes,Yes,No,Month-to-month,Yes,Electronic check,77.66,2826.56,No
1338-NHRWE,Male,1,No,No,12,Yes,Yes,No,No internet service,No internet service,No internet service,No internet service,No internet service,No internet service,Month-to-month,No,Mailed check,41.4,521.13,No
2933-LHDWN,Female,0,Yes,No,39,Yes,No,Fiber optic,No,No,No,Yes,Yes,No,One year,Yes,Bank transfer (automatic),105.74,4106.84,No
3506-VLHAS,Female,0,Yes,Yes,72,No,No phone service,DSL,Yes,No,Yes,No,Yes,No,Month-to-month,No,Mailed check,66.98,4845.98,No
3658-SJLHW,Female,0,No,Yes,15,Yes,No,Fiber optic,No,No,No,No,Yes,No,One year,Yes,Electronic check,91.15,1370.16,Yes
7044-SGSNG,Male,0,Yes,No,12,Yes,Yes,No,No internet service,No internet service,No internet service,No internet service,No internet service,No internet service,Month-to-month,No,Electronic check,40.39,497.91,No
4763-FHWAQ,Male,0,Yes,No,44,No,No phone service,Fiber optic,No,No,No,No,No,Yes,One year,Yes,Bank transfer (automatic),79.45,3513.7,No
2878-YNCLL,Female,0,Yes,No,22,Yes,No,Fiber optic,No,No,No,Yes,No,No,Month-to-month,Yes,Electronic check,98.77,2169.31,No
1607-YURRV,Male,0,Yes,Yes,55,Yes,Yes,Fiber optic,No,No,Yes,Yes,No,Yes,Month-to-month,No,Electronic check,105.87,5804.41,No
9574-IDSKV,Male,0,No,No,26,Yes,No,Fiber optic,No,No,No,Yes,Yes,No,Month-to-month,No,Credit card (automatic),106.7,2752.13,No
1660-YIDJL,Female,0,Yes,No,18,Yes,No,Fiber optic,No,No,Yes,No,Yes,No,One year,No,Bank transfer (automatic),100.56,1843.59,No
2314-JEIJL,Female,0,No,No,26,Yes,Yes,DSL,Yes,No,No,No,Yes,No,Two year,No,Electronic check,78.68,2043.22,No
9535-HCCWY,Male,1,No,Yes,43,Yes,Yes,DSL,No,Yes,No,Yes,No,No,Two year,No,Electronic check,69.85,3014.4,No
1014-ONVCH,Female,0,Yes,No,42,Yes,No,No,No internet service,No internet service,No internet service,No internet service,No internet service,No internet service,Month-to-month,Yes,Mailed check,39.76,1661.87,No
9114-FCBMK,Male,0,Yes,No,9,Yes,No,DSL,No,Yes,Yes,No,Yes,Yes,One year,Yes,Bank transfer (automatic),85.05,760.74,No
1517-DYLDY,Female,1,Yes,No,43,Yes,No,Fiber optic,No,No,Yes,Yes,No,No,One year,Yes,Electronic check,111.87,4797.72,No
4617-FXNRS,Female,0,Yes,Yes,29,Yes,No,DSL,No,No,No,No,No,Yes,Month-to-month,Yes,Bank transfer (automatic),68.36,1963.52,Yes
9911-BJOJO,Male,0,Yes,No,31,Yes,No,No,No internet service,No internet service,No internet service,No internet service,No internet service,No internet service,Month-to-month,Yes,Electronic check,36.7,1134.24,No
2684-PDUEV,Female,0,No,No,37,Yes,Yes,DSL,Yes,No,Yes,Yes,Yes,Yes,One year,Yes,Electronic check,110.07,4045.0,No
7756-WMDFF,Male,0,Yes,No,12,No,No phone service,Fiber optic,Yes,No,No,No,No,No,Two year,Yes,Bank transfer (automatic),76.15,911.82,No
8434-VLNWP,Female,0,No,No,8,Yes,No,Fiber optic,No,No,No,No,No,No,Month-to-month,Yes,Bank transfer (automatic),96.57,765.2,Yes
4345-OSBXI,Male,0,No,Yes,9,Yes,No,Fiber optic,No,Yes,Yes,No,No,Yes,Month-to-month,No,Bank transfer (automatic),114.82,1016.77,Yes
7126-KNUOT,Male,0,No,No,53,Yes,Yes,DSL,No,No,No,No,No,No,Month-to-month,No,Electronic check,70.19,3683.52,Yes
6358-HVQBQ,Female,1,Yes,No,52,Yes,Yes,No,No internet service,No internet service,No internet service,No internet service,No internet service,No internet service,Month-to-month,No,Mailed check,32.73,1684.93,No
3862-TZGHC,Female,1,Yes,No,3,Yes,No,DSL,No,No,No,Yes,No,No,Month-to-month,Yes,Electronic check,75.77,253.05,Yes
2759-XHOHO,Male,0,No,No,27,Yes,No,Fiber optic,No,No,Yes,No,No,No,Month-to-month,Yes,Electronic check,98.38,2685.68,No
2800-TKBOQ,Female,0,Yes,No,19,Yes,No,DSL,No,Yes,No,No,Yes,Yes,Month-to-month,Yes,Mailed check,79.84,1494.95,No
3392-IUNLP,Female,0,No,Yes,13,Yes,No,Fiber optic,No,Yes,No,No,Yes,Yes,Two year,Yes,Mailed check,115.81,1523.98,No
7467-OQGHU,Male,1,No,No,60,Yes,No,DSL,No,No,No,No,Yes,No,Month-to-month,Yes,Credit card (automatic),74.98,4509.0,No
2928-IMLUI,Female,0,No,No,67,Yes,No,Fiber optic,No,Yes,Yes,No,No,Yes,One year,No,Credit card (automatic),110.75,7438.44,No
8517-MBOHQ,Female,1,Yes,Yes,32,Yes,No,Fiber optic,No,Yes,No,No,No,No,Two year,Yes,Bank transfer (automatic),91.92,2939.01,Yes
3209-QCEHR,Male,0,Yes,No,18,Yes,No,Fiber optic,No,No,Yes,Yes,Yes,Yes,One year,Yes,Credit card (automatic),120.0,2141.78,No
2045-UGUQU,Male,0,No,Yes,21,Yes,Yes,DSL,No,No,No,No,No,Yes,Month-to-month,Yes,Electronic check,72.07,1513.47,Yes
3229-SFKNJ,Female,0,No,No,11,Yes,No,Fiber optic,No,No,Yes,Yes,No,No,Two year,Yes,Credit card (automatic),108.14,1179.74,Yes
5327-UCFSW,Male,0,No,No,21,Yes,Yes,DSL,No,Yes,No,No,No,Yes,Month-to-month,No,Electronic check,75.58,1646.53,No
9946-PLTFZ,Female,0,No,No,15,Yes,No,No,No internet service,No internet service,No internet service,No internet service,No internet service,No internet service,Month-to-month,Yes,Mailed check,36.73,537.45,No
7768-UXIDE,Female,1,No,No,65,Yes,No,No,No internet service,No internet service,No internet service,No internet service,No internet service,No internet service,Month-to-month,Yes,Electronic check,40.74,2674.87,No
5676-XYGMF,Male,0,No,Yes,6,Yes,Yes,DSL,No,No,No,Yes,No,No,Two year,Yes,Mailed check,74.83,463.75,No
7283-SEPQV,Male,0,No,No,49,Yes,Yes,Fiber optic,Yes,No,No,No,Yes,No,Month-to-month,Yes,Bank transfer (automatic),101.32,4976.31,Yes
6459-YFGDX,Female,0,Yes,No,14,Yes,No,No,No internet service,No internet service,No internet service,No internet service,No internet service,No internet service,Month-to-month,Yes,Electronic check,34.59,516.69,No
6677-QEJTD,Male,0,Yes,Yes,43,No,No phone service,DSL,No,No,No,Yes,Yes,No,One year,Yes,Credit card (automatic),57.22,2466.36,No
4384-OMXNC,Male,0,No,Yes,25,Yes,No,DSL,No,Yes,No,No,No,No,One year,No,Credit card (automatic),72.0,1782.41,No
4613-ZGFBB,Female,1,No,No,49,Yes,No,Fiber optic,No,No,Yes,Yes,Yes,No,One year,Yes,Bank transfer (automatic),110.01,5390.48,No
3243-MGGWC,Female,1,Yes,No,9,Yes,No,DSL,No,No,No,Yes,Yes,No,Month-to-month,Yes,Electronic check,80.22,727.96,Yes
9564-MFTIY,Female,0,No,Yes,18,Yes,No,Fiber optic,Yes,Yes,No,No,Yes,No,One year,Yes,Bank transfer (automatic),110.7,2008.48,No
5930-RZNCZ,Female,0,Yes,Yes,22,Yes,No,No,No internet service,No internet service,No internet service,No internet service,No internet service,No internet service,Month-to-month,Yes,Electronic check,36.17,809.6,No
9470-WGRTM,Female,0,Yes,No,29,Yes,Yes,Fiber optic,No,Yes,No,No,No,Yes,Month-to-month,No,Electronic check,99.05,2849.57,Yes
8230-VOMCO,Male,1,No,No,29,Yes,Yes,No,No internet service,No internet service,No internet service,No internet service,No internet service,No internet service,Month-to-month,Yes,Electronic check,37.62,1096.67,No
6260-DHNEX,Female,0,Yes,No,11,Yes,No,DSL,Yes,No,No,Yes,No,Yes,Month-to-month,No,Mailed check,83.5,911.76,No
2541-AJMKT,Female,0,No,No,9,Yes,No,No,No internet service,No internet service,No internet service,No internet service,No internet service,No internet service,Month-to-month,Yes,Electronic check,36.92,368.46,No
6666-SPMMP,Female,1,No,No,23,Yes,Yes,DSL,No,No,No,Yes,Yes,Yes,Month-to-month,Yes,Electronic check,88.83,2063.62,Yes
3419-BZQWT,Female,1,No,Yes,27,Yes,Yes,No,No internet service,No internet service,No internet service,No internet service,No internet service,No internet service,Month-to-month,Yes,Mailed check,42.23,1154.03,No
7687-MCOKF,Male,0,Yes,No,22,No,No phone service,No,No internet service,No internet service,No internet service,No internet service,No internet service,No internet service,Month-to-month,No,Bank transfer (automatic),23.08,483.61,No
1793-HQFTI,Female,0,No,No,6,Yes,No,Fiber optic,Yes,No,No,No,No,Yes,Month-to-month,Yes,Credit card (automatic),103.85,632.93,Yes
4446-THKUI,Male,0,Yes,No,27,Yes,Yes,DSL,No,No,Yes,No,No,No,Month-to-month,No,Credit card (automatic),64.99,1754.41,No
3012-KKOIX,Female,0,No,No,38,Yes,Yes,DSL,No,Yes,No,Yes,No,Yes,Two year,Yes,Electronic check,84.57,3236.09,No
8296-LUQDG,Male,0,Yes,No,32,Yes,No,Fiber optic,No,No,No,No,No,No,Month-to-month,No,Credit card (automatic),90.18,2868.28,Yes
2548-WEDDM,Male,0,No,No,25,Yes,Yes,No,No internet service,No internet service,No internet service,No internet service,No internet service,No internet service,One year,Yes,Bank transfer (automatic),36.62,911.59,No
7245-MVSQG,Male,0,No,Yes,30,Yes,No,Fiber optic,No,No,No,Yes,No,Yes,Month-to-month,No,Electronic check,109.46,3252.18,No
1955-HFWHZ,Female,0,Yes,Yes,15,Yes,No,Fiber optic,Yes,No,Yes,No,No,Yes,Month-to-month,Yes,Mailed check,111.03,1663.57,Yes
9678-ZSSFE,Female,0,Yes,No,60,Yes,No,Fiber optic,No,No,Yes,No,No,No,Month-to-month,No,Mailed check,94.48,5681.48,No
7407-BROXX,Male,0,Yes,No,19,Yes,No,Fiber optic,Yes,No,Yes,No,No,No,Month-to-month,No,Mailed check,102.75,1967.37,Yes
5920-ETFIN,Male,1,No,Yes,39,Yes,No,Fiber optic,No,No,Yes,No,No,No,One year,Yes,Credit card (automatic),88.09,3438.57,No
6236-HBKXV,Male,0,No,No,24,No,No phone service,DSL,No,No,Yes,No,No,No,Month-to-month,No,Mailed check,55.75,1361.04,Yes
4456-UUUDF,Male,1,No,No,51,Yes,No,Fiber optic,No,No,No,No,Yes,No,Two year,Yes,Electronic check,94.24,4810.13,No
2026-VOEGJ,Female,0,No,No,18,Yes,Yes,Fiber optic,No,No,No,No,Yes,Yes,One year,No,Bank transfer (automatic),100.27,1780.61,No
8234-DNRWT,Male,0,Yes,No,51,Yes,Yes,Fiber optic,Yes,No,Yes,Yes,No,No,Month-to-month,Yes,Bank transfer (automatic),112.47,5732.04,No
2608-JTRUO,Male,1,No,Yes,65,Yes,Yes,DSL,No,No,Yes,No,Yes,No,Two year,Yes,Bank transfer (automatic),75.75,4921.77,No
9044-XBHUP,Male,0,Yes,No,14,No,No phone service,Fiber optic,No,No,No,No,No,No,Month-to-month,Yes,Mailed check,62.73,867.74,Yes
2709-OIHTY,Male,0,No,No,47,Yes,No,DSL,No,No,No,No,No,No,Two year,No,Bank transfer (automatic),57.47,2655.89,No
8222-NZWCR,Female,0,Yes,No,72,Yes,Yes,DSL,Yes,No,No,No,Yes,Yes,Month-to-month,No,Electronic check,95.52,6871.14,No
1017-MRGSE,Female,0,No,No,34,Yes,Yes,No,No internet service,No internet service,No internet service,No internet service,No internet service,No internet service,Month-to-month,Yes,Bank transfer (automatic),36.48,1207.66,No
6937-VNQNQ,Male,0,Yes,Yes,57,Yes,No,Fiber optic,No,No,No,No,Yes,Yes,Month-to-month,Yes,Credit card (automatic),101.44,5798.3,Yes
2764-QSJTO,Female,0,Yes,Yes,66,Yes,Yes,DSL,Yes,No,Yes,No,No,No,Two year,No,Credit card (automatic),78.08,5163.9,No
8354-SMHHI,Male,0,Yes,Yes,52,Yes,No,No,No internet service,No internet service,No internet service,No internet service,No internet service,No internet service,Month-to-month,Yes,Electronic check,37.44,1946.75,No
7486-RRIPS,Male,0,No,No,15,Yes,Yes,DSL,No,No,No,Yes,Yes,No,One year,No,Credit card (automatic),80.78,1190.86,No
7622-MQWVQ,Male,0,No,No,37,Yes,No,Fiber optic,Yes,No,No,No,No,Yes,Two year,Yes,Electronic check,114.48,4220.33,No
7792-EUJMR,Male,0,Yes,No,41,Yes,Yes,Fiber optic,No,No,Yes,No,Yes,No,Month-to-month,Yes,Mailed check,109.98,4513.57,No
9872-KNCTR,Male,0,Yes,No,5,Yes,No,Fiber optic,Yes,Yes,No,No,No,No,Two year,Yes,Bank transfer (automatic),93.66,455.27,Yes
4437-QVOLJ,Female,0,Yes,Yes,25,Yes,Yes,DSL,Yes,No,No,No,Yes,Yes,Month-to-month,No,Electronic check,86.69,2139.12,No
2672-IUCZN,Female,0,No,No,31,Yes,No,DSL,No,No,No,No,Yes,Yes,Two year,Yes,Electronic check,82.2,2505.66,No
2503-ONJWD,Female,0,No,No,39,Yes,No,DSL,No,Yes,Yes,Yes,No,No,Month-to-month,No,Mailed check,91.82,3575.38,No
6331-ZLCZC,Male,0,No,Yes,12,Yes,No,DSL,No,No,No,No,Yes,Yes,Two year,Yes,Electronic check,75.53,879.16,No
8888-FGFXK,Male,0,No,No,24,Yes,No,DSL,No,Yes,No,Yes,Yes,No,Two year,Yes,Mailed check,82.71,1996.39,No
3421-RSGHZ,Male,0,Yes,No,32,Yes,No,No,No internet service,No internet service,No internet service,No internet service,No internet service,No internet service,Month-to-month,Yes,Bank transfer (automatic),39.05,1230.93,No
5282-KVYYI,Male,0,Yes,No,20,Yes,No,DSL,Yes,No,No,No,No,No,One year,No,Bank transfer (automatic),67.5,1371.94,No
7462-MQKHH,Male,1,No,Yes,5,Yes,Yes,DSL,No,No,Yes,Yes,No,No,Two year,Yes,Credit card (automatic),78.36,441.43,No
3544-LHXVT,Female,1,No,No,61,Yes,No,Fiber optic,No,No,No,No,No,No,One year,Yes,Credit card (automatic),87.86,5339.0,No
3862-ZZTAC,Female,0,Yes,No,72,Yes,Yes,DSL,No,Yes,No,Yes,No,No,Two year,No,Credit card (automatic),82.08,5874.85,No
6919-BBMCH,Female,0,No,No,35,Yes,No,Fiber optic,No,Yes,No,No,Yes,Yes,One year,Yes,Mailed check,102.46,3558.45,No
7672-LSSZZ,Female,0,Yes,Yes,36,No,No phone service,Fiber optic,No,No,No,No,Yes,No,Month-to-month,No,Electronic check,81.42,2934.47,No
1004-WBBYQ,Female,1,Yes,Yes,27,Yes,Yes,No,No internet service,No internet service,No internet service,No internet service,No internet service,No internet service,Two year,No,Bank transfer (automatic),43.86,1150.69,No
4151-YKENE,Female,0,Yes,No,9,Yes,No,DSL,No,Yes,No,Yes,Yes,No,One year,Yes,Credit card (automatic),84.54,758.26,No
3904-NEJOA,Male,0,No,No,6,Yes,No,DSL,No,No,Yes,No,Yes,Yes,Month-to-month,No,Bank transfer (automatic),94.36,539.15,No
8500-HFOGG,Female,0,No,Yes,58,Yes,No,DSL,No,Yes,Yes,No,No,No,Month-to-month,Yes,Bank transfer (automatic),83.4,4832.27,No
5354-JCUEM,Female,0,No,No,72,Yes,No,Fiber optic,Yes,No,No,Yes,No,No,Month-to-month,Yes,Credit card (automatic),105.09,7560.17,No
1675-QVRJR,Female,1,No,Yes,38,Yes,No,DSL,Yes,No,No,No,No,Yes,One year,No,Mailed check,81.42,3103.4,No
6877-AFMDY,Female,1,No,No,20,Yes,No,Fiber optic,No,No,Yes,No,No,No,Two year,Yes,Mailed check,92.13,1845.32,No
5084-QACPA,Male,0,Yes,No,24,Yes,No,No,No internet service,No internet service,No internet service,No internet service,No internet service,No internet service,Two year,No,Electronic check,35.91,848.29,No
2150-VTZTO,Female,0,No,No,42,Yes,No,Fiber optic,Yes,No,No,Yes,Yes,Yes,Month-to-month,Yes,Bank transfer (automatic),120.0,5008.91,Yes
4841-WYJXZ,Male,0,Yes,No,56,No,No phone service,Fiber optic,Yes,Yes,No,Yes,No,No,Month-to-month,Yes,Mailed check,94.0,5292.83,No
5107-WQCYD,Female,0,No,No,27,Yes,No,Fiber optic,No,No,No,Yes,Yes,No,Month-to-month,Yes,Electronic check,96.64,2598.48,Yes
9538-AJFMV,Female,1,Yes,No,21,Yes,Yes,DSL,No,No,No,Yes,Yes,No,One year,Yes,Electronic check,75.99,1563.79,Yes
6648-NROQG,Female,0,Yes,Yes,12,Yes,Yes,No,No internet service,No internet service,No internet service,No internet service,No internet service,No internet service,Two year,No,Mailed check,36.11,471.83,No
3806-YNYET,Male,0,No,No,18,Yes,No,DSL,No,No,No,No,No,Yes,Two year,No,Mailed check,73.76,1355.91,No
4671-XUPTT,Female,0,Yes,No,40,Yes,No,No,No internet service,No internet service,No internet service,No internet service,No internet service,No internet service,Month-to-month,Yes,Credit card (automatic),45.07,1836.44,No
9313-CCZMO,Female,0,Yes,No,34,Yes,Yes,No,No internet service,No internet service,No internet service,No internet service,No internet service,No internet service,Two year,No,Credit card (automatic),54.75,1869.03,No
6166-RRUUX,Male,0,No,No,32,No,No phone service,DSL,No,No,No,No,No,No,One year,Yes,Electronic check,43.99,1422.56,No
4800-YXWML,Male,0,No,Yes,12,Yes,No,No,No internet service,No internet service,No internet service,No internet service,No internet service,No internet service,Two year,Yes,Electronic check,40.13,494.41,Yes
9553-LIGVG,Female,1,Yes,Yes,23,Yes,Yes,No,No internet service,No internet service,No internet service,No internet service,No internet service,No internet service,Two year,No,Electronic check,41.39,971.0,No
2547-ZQDHZ,Female,0,Yes,No,48,Yes,Yes,Fiber optic,No,Yes,Yes,No,Yes,No,Month-to-month,No,Electronic check,114.31,5464.88,Yes
9949-TZKOB,Female,0,Yes,No,70,Yes,No,No,No internet service,No internet service,No internet service,No internet service,No internet service,No internet service,Two year,Yes,Bank transfer (automatic),36.43,2578.12,No
9558-MZYVN,Female,0,No,Yes,46,Yes,Yes,Fiber optic,No,No,Yes,Yes,Yes,No,Month-to-month,No,Bank transfer (automatic),109.89,5067.69,No
2212-TOLFQ,Male,0,No,Yes,56,No,No phone service,Fiber optic,No,No,No,No,Yes,No,Two year,Yes,Electronic check,75.13,4204.64,No
9120-DOTSZ,Female,0,Yes,Yes,5,Yes,No,Fiber optic,No,Yes,No,No,Yes,Yes,Two year,Yes,Bank transfer (automatic),106.87,500.62,No
3445-GUWLH,Male,0,No,No,63,Yes,Yes,No,No internet service,No internet service,No internet service,No internet service,No internet service,No internet service,Two year,No,Credit card (automatic),41.41,2607.74,No
3633-TCRSX,Female,0,No,Yes,37,Yes,No,Fiber optic,Yes,Yes,Yes,No,No,No,Month-to-month,Yes,Electronic check,119.06,4425.72,No
8584-NEVIF,Male,0,No,No,32,Yes,No,DSL,No,Yes,No,No,No,No,Two year,No,Credit card (automatic),74.97,2429.26,No
2880-RTWYD,Female,0,Yes,No,34,Yes,No,Fiber optic,No,No,No,No,Yes,Yes,Month-to-month,No,Electronic check,110.07,3728.62,Yes
2221-MOTIQ,Male,0,No,No,72,Yes,No,Fiber optic,No,Yes,Yes,Yes,No,No,Two year,Yes,Electronic check,113.56,8151.51,No
5100-IFZTZ,Female,1,No,No,19,Yes,No,No,No internet service,No internet service,No internet service,No internet service,No internet service,No internet service,Two year,Yes,Mailed check,39.11,729.12,No
4543-FKFDZ,Male,1,Yes,Yes,34,Yes,Yes,DSL,No,No,Yes,Yes,No,No,Month-to-month,No,Electronic check,83.14,2835.92,No
4993-NWTOB,Male,0,Yes,No,25,Yes,No,Fiber optic,Yes,No,Yes,Yes,No,Yes,One year,Yes,Electronic check,110.38,2765.14,No
7010-PZUTB,Female,0,Yes,No,13,Yes,Yes,Fiber optic,No,No,No,Yes,Yes,No,One year,Yes,Electronic check,95.25,1245.76,Yes
8161-BEMTE,Male,0,Yes,No,7,Yes,No,Fiber optic,Yes,No,No,No,No,No,Two year,Yes,Electronic check,101.9,718.78,Yes
2154-KMUDE,Female,1,No,No,13,Yes,No,Fiber optic,No,Yes,No,No,Yes,Yes,Month-to-month,Yes,Bank transfer (automatic),116.96,1518.52,Yes
8402-JYGHP,Female,0,No,No,16,Yes,No,DSL,Yes,No,Yes,No,Yes,Yes,Two year,Yes,Electronic check,96.39,1546.24,No
7904-JDLOP,Female,0,Yes,Yes,26,Yes,No,DSL,No,No,Yes,No,No,No,Two year,No,Electronic check,75.82,1973.39,No
5421-EFRQQ,Male,0,No,No,56,Yes,Yes,DSL,Yes,Yes,No,No,No,No,One year,Yes,Mailed check,82.17,4611.89,No
5159-XMQNH,Male,1,Yes,No,13,Yes,No,Fiber optic,No,No,No,Yes,No,Yes,Month-to-month,Yes,Bank transfer (automatic),105.69,1365.5,Yes
4039-NOUAO,Male,0,No,No,16,Yes,No,DSL,Yes,No,No,No,No,No,One year,No,Bank transfer (automatic),69.26,1090.23,No
5126-YZROF,Female,0,Yes,Yes,72,Yes,Yes,No,No internet service,No internet service,No internet service,No internet service,No internet service,No internet service,Month-to-month,Yes,Mailed check,40.37,2884.22,No
9422-LEQLN,Female,0,No,Yes,20,Yes,Yes,Fiber optic,No,No,No,No,Yes,No,One year,Yes,Credit card (automatic),97.33,1923.94,No
1316-PJQWY,Female,0,No,Yes,17,Yes,No,DSL,No,Yes,No,No,No,No,Month-to-month,No,Electronic check,76.12,1305.35,No
5355-DQXAG,Female,1,No,No,18,Yes,No,No,No internet service,No internet service,No internet service,No internet service,No internet service,No internet service,Month-to-month,Yes,Bank transfer (automatic),38.58,706.27,No
6154-TWRHC,Male,0,No,No,30,Yes,No,DSL,No,No,No,No,No,No,Month-to-month,Yes,Mailed check,59.87,1802.78,Yes
4796-YYPTU,Male,0,Yes,No,26,Yes,No,DSL,Yes,Yes,No,No,Yes,No,One year,No,Credit card (automatic),87.09,2289.8,No
5621-QLYNX,Male,0,No,Yes,16,Yes,No,DSL,No,No,Yes,No,No,No,One year,Yes,Electronic check,76.66,1254.01,No
4973-CCOOI,Male,0,No,Yes,21,Yes,No,Fiber optic,No,No,No,No,No,Yes,One year,Yes,Credit card (automatic),103.45,2209.51,No
9634-LFTLM,Male,0,Yes,Yes,49,Yes,Yes,DSL,No,No,No,No,No,Yes,Month-to-month,No,Credit card (automatic),70.25,3475.82,No
6706-NORMF,Male,0,No,Yes,33,No,No phone service,No,No internet service,No internet service,No internet service,No internet service,No internet service,No internet service,Month-to-month,Yes,Electronic check,19.63,639.99,Yes
6757-LXZJD,Male,1,Yes,No,66,No,No phone service,Fiber optic,No,No,No,No,No,Yes,Month-to-month,No,Mailed check,76.38,5036.28,No
9590-GXYDV,Male,0,Yes,Yes,23,Yes,Yes,DSL,No,Yes,No,No,Yes,No,One year,Yes,Electronic check,82.24,1871.87,No
7531-XMXHP,Female,0,No,No,49,Yes,No,Fiber optic,No,No,No,No,No,Yes,Month-to-month,No,Electronic check,98.7,4810.21,Yes
9000-CJRLA,Female,0,Yes,No,50,Yes,No,No,No internet service,No internet service,No internet service,No internet service,No internet service,No internet service,One year,Yes,Mailed check,45.53,2253.73,No
2229-DPSQM,Female,0,Yes,No,15,Yes,No,No,No internet service,No internet service,No internet service,No internet service,No internet service,No internet service,Month-to-month,Yes,Mailed check,49.68,765.74,No
9460-EMYSR,Male,0,Yes,No,36,Yes,No,DSL,No,No,No,Yes,Yes,Yes,Two year,Yes,Mailed check,94.82,3414.44,No
5091-NQTHR,Male,0,No,No,29,Yes,No,No,No internet service,No internet service,No internet service,No internet service,No internet service,No internet service,Month-to-month,Yes,Electronic check,36.24,1050.2,Yes
7977-WVCTU,Male,0,No,No,5,Yes,Yes,Fiber optic,Yes,No,No,No,Yes,No,Month-to-month,Yes,Electronic check,99.91,486.21,Yes
2621-UFVCJ,Male,0,Yes,Yes,8,Yes,No,Fiber optic,No,No,Yes,Yes,No,Yes,Month-to-month,No,Electronic check,108.62,885.41,No
3687-ASUBS,Female,0,No,No,31,Yes,Yes,Fiber optic,No,Yes,No,Yes,No,Yes,Month-to-month,No,Electronic check,106.75,3262.98,Yes
7645-HCLOU,Female,0,No,Yes,6,Yes,Yes,Fiber optic,No,No,No,Yes,No,No,Month-to-month,Yes,Mailed check,93.41,546.91,No
9928-GVPIP,Male,0,No,No,4,Yes,No,Fiber optic,No,No,No,No,Yes,No,Two year,No,Electronic check,100.27,405.36,No
1927-EREKS,Male,0,No,No,28,Yes,No,Fiber optic,No,No,No,No,No,No,One year,Yes,Credit card (automatic),94.75,2661.72,No
8503-EHOBX,Male,1,No,No,2,Yes,Yes,DSL,No,No,No,No,Yes,Yes,Month-to-month,No,Bank transfer (automatic),81.39,151.3,Yes
1973-VHMCT,Male,0,Yes,Yes,11,Yes,No,DSL,No,No,Yes,Yes,No,No,Two year,Yes,Credit card (automatic),74.34,810.61,No
5524-ZYKYX,Female,0,Yes,Yes,28,Yes,No,No,No internet service,No internet service,No internet service,No internet service,No internet service,No internet service,Month-to-month,No,Electronic check,33.74,924.98,No
9121-KHRMN,Female,0,No,Yes,25,Yes,Yes,Fiber optic,Yes,Yes,No,No,No,No,Two year,Yes,Electronic check,105.97,2659.58,No
5098-LERCU,Female,0,Yes,No,25,Yes,Yes,Fiber optic,No,No,No,No,No,Yes,Month-to-month,Yes,Electronic check,97.19,2435.0,Yes
3022-JZGHJ,Female,0,Yes,No,41,Yes,Yes,DSL,No,Yes,No,No,No,Yes,Month-to-month,Yes,Mailed check,78.03,3193.38,No
5069-MLMFK,Female,0,Yes,No,53,Yes,Yes,DSL,Yes,Yes,No,Yes,No,No,One year,Yes,Credit card (automatic),94.19,4988.57,No
8535-PGFEO,Female,0,Yes,No,57,Yes,Yes,DSL,No,No,Yes,No,No,No,Month-to-month,Yes,Bank transfer (automatic),74.72,4266.15,No
7277-RXXEB,Female,0,No,Yes,72,Yes,Yes,Fiber optic,No,No,No,No,Yes,Yes,Month-to-month,Yes,Credit card (automatic),100.7,7233.83,No
2237-BKELE,Female,0,Yes,No,3,Yes,No,DSL,Yes,Yes,Yes,No,No,No,Two year,Yes,Credit card (automatic),88.16,271.71,No
5434-BJUNY,Male,0,No,No,15,Yes,Yes,Fiber optic,No,No,No,No,No,No,One year,Yes,Mailed check,88.95,1355.82,Yes
8950-PXIMO,Female,0,No,No,11,Yes,Yes,DSL,Yes,No,Yes,Yes,No,No,Two year,Yes,Mailed check,85.71,941.15,No
8612-MPSHP,Female,0,Yes,No,72,No,No phone service,DSL,No,No,Yes,Yes,No,No,One year,Yes,Electronic check,58.16,4200.21,No
6181-BYSOZ,Female,0,Yes,No,29,Yes,Yes,Fiber optic,No,Yes,Yes,No,Yes,Yes,Month-to-month,No,Bank transfer (automatic),114.67,3321.85,Yes
5999-KUITC,Female,0,Yes,Yes,26,Yes,Yes,Fiber optic,No,Yes,No,Yes,No,No,One year,Yes,Mailed check,101.89,2677.65,No
2118-BWUWE,Female,0,No,No,19,Yes,No,No,No internet service,No internet service,No internet service,No internet service,No internet service,No internet service,Two year,Yes,Electronic check,41.2,783.06,No
9605-HJHXX,Female,0,Yes,No,18,Yes,No,Fiber optic,No,No,Yes,No,Yes,No,Month-to-month,Yes,Credit card (automatic),108.07,1972.28,No
5748-TBETE,Male,0,No,No,18,Yes,No,DSL,No,No,Yes,No,No,No,Month-to-month,No,Bank transfer (automatic),75.23,1347.63,Yes
4508-HNBZG,Female,1,Yes,Yes,19,Yes,Yes,DSL,No,Yes,No,No,No,No,One year,No,Credit card (automatic),74.59,1406.12,No
9194-GZFRO,Female,0,Yes,No,18,Yes,No,Fiber optic,No,No,Yes,No,No,Yes,Two year,Yes,Electronic check,97.11,1768.52,No
7768-MLQOF,Female,0,Yes,No,72,Yes,No,Fiber optic,Yes,Yes,No,No,No,Yes,Month-to-month,Yes,Bank transfer (automatic),104.71,7561.95,No
4426-UZPMU,Male,1,Yes,Yes,72,Yes,Yes,DSL,No,No,No,Yes,No,No,One year,No,Bank transfer (automatic),78.45,5664.72,No
3456-KTXMF,Female,0,Yes,No,72,Yes,No,Fiber optic,No,No,No,Yes,No,No,Month-to-month,Yes,Electronic check,92.56,6691.02,Yes
4381-ILTYP,Male,0,No,No,5,Yes,No,Fiber optic,No,Yes,No,No,Yes,Yes,Month-to-month,No,Electronic check,116.54,545.81,Yes
1712-LKIAQ,Male,0,Yes,No,16,Yes,Yes,DSL,No,Yes,No,No,No,No,One year,Yes,Electronic check,63.95,1012.56,No
4011-QTTPR,Female,0,No,Yes,4,Yes,Yes,Fiber optic,No,No,Yes,Yes,Yes,No,Month-to-month,No,Electronic check,110.64,433.2,Yes
4941-PQBTC,Female,0,No,No,72,Yes,Yes,DSL,No,Yes,No,Yes,No,No,Month-to-month,No,Bank transfer (automatic),79.66,5717.47,No
4491-HGEHK,Female,0,No,No,36,Yes,Yes,Fiber optic,Yes,No,Yes,No,No,No,One year,Yes,Credit card (automatic),103.43,3725.01,No
9389-ITQYW,Male,0,No,No,48,Yes,Yes,DSL,No,No,No,No,Yes,No,Month-to-month,Yes,Credit card (automatic),67.15,3219.03,No
7285-QGFLS,Female,0,Yes,No,24,Yes,Yes,Fiber optic,No,No,No,Yes,No,No,Two year,Yes,Electronic check,95.64,2290.62,No
2394-FPTBW,Female,0,No,No,26,Yes,Yes,Fiber optic,No,Yes,Yes,Yes,Yes,Yes,Two year,No,Bank transfer (automatic),120.0,3111.4,Yes
1989-JOKFV,Female,0,Yes,No,61,Yes,No,DSL,Yes,No,Yes,No,No,Yes,One year,Yes,Electronic check,86.44,5276.47,No
1517-QEKHY,Female,0,No,No,28,Yes,No,DSL,Yes,No,No,No,No,No,Two year,Yes,Electronic check,74.55,2074.12,No
8481-GKXYY,Male,0,Yes,No,29,No,No phone service,No,No internet service,No internet service,No internet service,No internet service,No internet service,No internet service,Two year,Yes,Credit card (automatic),18.6,540.08,No
1883-XIJJU,Female,0,No,No,45,Yes,Yes,No,No internet service,No internet service,No internet service,No internet service,No internet service,No internet service,One year,No,Credit card (automatic),47.62,2161.91,No
8148-CUWPH,Male,1,No,Yes,41,Yes,No,Fiber optic,No,Yes,Yes,No,No,Yes,Two year,Yes,Credit card (automatic),105.18,4325.08,No
6452-VWICK,Female,0,No,No,28,Yes,Yes,Fiber optic,No,No,No,No,No,Yes,Month-to-month,Yes,Mailed check,101.74,2855.53,Yes
2221-KTQYU,Male,0,Yes,Yes,19,Yes,Yes,No,No internet service,No internet service,No internet service,No internet service,No internet service,No internet service,Two year,Yes,Bank transfer (automatic),41.75,831.17,Yes
5366-VGRKA,Male,0,No,No,18,Yes,No,DSL,No,No,No,No,Yes,No,Month-to-month,Yes,Mailed check,68.69,1200.66,No
4865-RJWGC,Female,0,No,Yes,58,Yes,No,Fiber optic,No,No,Yes,Yes,No,Yes,Month-to-month,Yes,Bank transfer (automatic),105.09,6099.52,No
5525-ZNQDO,Female,0,No,No,30,Yes,No,Fiber optic,Yes,Yes,Yes,No,No,No,One year,No,Electronic check,115.93,3449.49,No
3165-TRRFX,Female,1,Yes,No,14,Yes,Yes,DSL,No,Yes,Yes,No,No,No,Month-to-month,No,Electronic check,86.24,1212.96,Yes
9571-YWAMH,Female,0,Yes,No,51,Yes,No,DSL,Yes,No,No,No,Yes,Yes,Month-to-month,No,Credit card (automatic),73.78,3778.75,No
7847-ANTXB,Female,0,Yes,No,27,Yes,Yes,No,No internet service,No internet service,No internet service,No internet service,No internet service,No internet service,One year,Yes,Electronic check,41.95,1135.83,No
2626-TWDRD,Male,1,No,Yes,5,Yes,No,Fiber optic,No,No,Yes,Yes,Yes,No,Month-to-month,Yes,Credit card (automatic),112.01,528.39,Yes
1337-DSRPW,Male,0,Yes,No,15,Yes,No,Fiber optic,No,Yes,Yes,No,No,No,Two year,Yes,Electronic check,108.63,1660.22,No
8647-ENWJS,Male,1,No,No,27,Yes,No,Fiber optic,No,No,No,No,Yes,No,Two year,Yes,Credit card (automatic),98.98,2642.26,No
8511-PEABZ,Male,0,No,No,6,Yes,No,Fiber optic,No,No,Yes,No,Yes,No,One year,No,Credit card (automatic),101.81,595.83,No
2870-NFRQG,Male,0,No,No,34,Yes,Yes,No,No internet service,No internet service,No internet service,No internet service,No internet service,No internet service,Month-to-month,No,Electronic check,35.44,1228.64,No
4125-ZIVDK,Female,1,No,No,39,No,No phone service,Fiber optic,No,No,Yes,No,Yes,No,One year,No,Mailed check,86.82,3390.91,Yes
9454-WARDM,Female,0,No,Yes,55,Yes,No,Fiber optic,No,No,Yes,No,Yes,No,Month-to-month,No,Credit card (automatic),101.83,5556.61,No
9995-BYMOY,Female,0,No,Yes,32,Yes,Yes,DSL,Yes,No,No,No,No,No,One year,Yes,Electronic check,76.39,2446.09,No
7504-QTMQA,Male,0,Yes,No,16,Yes,No,DSL,No,No,No,No,Yes,Yes,Month-to-month,Yes,Electronic check,77.09,1239.75,No
6534-CLEVN,Female,0,No,No,5,Yes,Yes,No,No internet service,No internet service,No internet service,No internet service,No internet service,No internet service,Month-to-month,No,Electronic check,36.33,201.07,No
1101-UIAKI,Female,0,No,No,5,Yes,Yes,Fiber optic,No,Yes,No,No,No,No,Month-to-month,Yes,Electronic check,93.15,487.76,Yes
3772-IKUPO,Female,0,Yes,No,24,Yes,Yes,Fiber optic,No,No,No,No,Yes,Yes,Two year,No,Electronic check,106.06,2558.55,No
4517-DQHEJ,Male,0,No,No,24,Yes,No,DSL,No,No,No,Yes,No,No,Month-to-month,Yes,Electronic check,65.11,1564.98,Yes
2827-FNYUT,Male,0,No,No,6,Yes,Yes,Fiber optic,No,Yes,No,No,No,No,Month-to-month,Yes,Electronic check,94.65,557.3,Yes
7255-DXCGY,Female,0,No,No,34,Yes,No,Fiber optic,Yes,Yes,Yes,No,Yes,Yes,Month-to-month,Yes,Credit card (automatic),120.0,4092.97,Yes
4065-RUAVP,Male,0,No,Yes,19,Yes,No,Fiber optic,Yes,No,Yes,No,Yes,No,Month-to-month,Yes,Electronic check,111.4,2116.37,Yes
6210-AEKYR,Male,0,No,No,11,Yes,Yes,Fiber optic,No,No,No,No,Yes,Yes,Two year,Yes,Electronic check,108.86,1219.98,No
9390-HLKBP,Male,0,Yes,No,9,Yes,Yes,No,No internet service,No internet service,No internet service,No internet service,No internet service,No internet service,Month-to-month,Yes,Credit card (automatic),39.16,370.05,No
3825-HZVIL,Female,0,Yes,Yes,72,Yes,Yes,DSL,No,Yes,No,No,No,Yes,Month-to-month,Yes,Bank transfer (automatic),82.97,5939.76,No
1411-EZAPS,Female,0,Yes,No,4,Yes,Yes,Fiber optic,No,No,No,No,Yes,No,Month-to-month,Yes,Mailed check,93.76,428.28,Yes
8375-RPWNE,Male,0,No,No,72,Yes,No,No,No internet service,No internet service,No internet service,No internet service,No internet service,No internet service,One year,Yes,Mailed check,35.5,2557.28,No
4318-BITNK,Male,0,Yes,No,12,Yes,Yes,DSL,No,Yes,No,No,Yes,No,One year,No,Mailed check,84.91,1031.3,Yes
8727-FOSEA,Female,0,No,Yes,72,Yes,Yes,Fiber optic,No,Yes,No,No,No,Yes,Two year,Yes,Credit card (automatic),100.12,7175.99,No
4491-VIXSN,Female,0,No,Yes,5,No,No phone service,DSL,No,No,No,No,No,No,Two year,No,Credit card (automatic),44.81,224.72,No
2932-SBHMJ,Female,1,No,No,36,Yes,No,Fiber optic,No,No,Yes,No,No,No,Month-to-month,Yes,Electronic check,93.88,3366.31,No
4866-HHMPS,Male,1,Yes,Yes,63,Yes,No,Fiber optic,No,No,No,No,No,No,Two year,No,Mailed check,85.44,5404.79,No
2304-QXQZT,Female,0,Yes,Yes,64,Yes,Yes,No,No internet service,No internet service,No internet service,No internet service,No internet service,No internet service,Two year,Yes,Bank transfer (automatic),48.44,3091.3,No
1726-YAAXC,Male,1,Yes,No,36,Yes,Yes,No,No internet service,No internet service,No internet service,No internet service,No internet service,No internet service,One year,No,Credit card (automatic),41.38,1489.12,No
3351-YOPEZ,Female,1,Yes,Yes,32,Yes,No,No,No internet service,No internet service,No internet service,No internet service,No internet service,No internet service,Month-to-month,Yes,Electronic check,36.97,1138.33,Yes
8643-QNVCB,Male,0,Yes,No,7,Yes,No,Fiber optic,Yes,Yes,No,Yes,No,No,One year,Yes,Credit card (automatic),112.39,779.74,No
3060-STUZR,Male,0,Yes,No,52,Yes,No,Fiber optic,No,Yes,No,Yes,Yes,No,One year,No,Credit card (automatic),100.61,5283.46,No
9577-LZSHD,Male,0,Yes,Yes,59,Yes,Yes,Fiber optic,No,Yes,No,No,No,No,Month-to-month,Yes,Mailed check,95.7,5658.91,No
3705-QBJKM,Male,0,No,No,28,Yes,No,Fiber optic,No,Yes,Yes,No,No,Yes,Month-to-month,Yes,Mailed check,119.05,3326.38,No
1626-MKSRW,Female,0,Yes,Yes,31,Yes,No,No,No internet service,No internet service,No internet service,No internet service,No internet service,No internet service,One year,Yes,Mailed check,44.29,1391.37,No
9195-FAZXJ,Male,0,Yes,Yes,72,No,No phone service,DSL,Yes,No,No,No,No,No,One year,No,Credit card (automatic),49.78,3572.53,No
3100-GGUJZ,Male,0,No,No,7,Yes,Yes,Fiber optic,No,Yes,No,No,No,No,Month-to-month,No,Mailed check,97.52,685.78,Yes
8207-FPUSZ,Male,1,No,No,37,No,No phone service,DSL,Yes,No,No,No,No,Yes,Two year,No,Credit card (automatic),59.34,2212.24,No
9833-TEDVV,Female,0,No,No,51,Yes,Yes,DSL,No,No,No,No,Yes,No,Month-to-month,Yes,Credit card (automatic),75.68,3876.53,No
2727-KSSDQ,Female,0,No,No,5,Yes,No,No,No internet service,No internet service,No internet service,No internet service,No internet service,No internet service,Month-to-month,Yes,Bank transfer (automatic),39.52,257.25,Yes
3662-ZGJBO,Female,0,Yes,No,5,Yes,Yes,Fiber optic,Yes,Yes,No,No,No,No,Month-to-month,Yes,Electronic check,97.86,457.43,Yes
7517-NKTFU,Female,0,No,No,14,Yes,Yes,Fiber optic,No,No,No,No,Yes,No,One year,No,Mailed check,100.46,1407.94,No
9021-IDTXM,Female,1,No,No,15,No,No phone service,Fiber optic,No,No,No,Yes,Yes,Yes,Month-to-month,Yes,Electronic check,90.82,1378.71,No
5175-QPOVU,Female,0,No,No,13,No,No phone service,DSL,No,Yes,No,Yes,Yes,Yes,One year,Yes,Electronic check,71.42,945.43,Yes
6819-SJBJV,Male,0,No,No,16,Yes,No,Fiber optic,Yes,Yes,Yes,Yes,No,No,Month-to-month,No,Bank transfer (automatic),118.7,1920.23,Yes
9973-MLOIB,Female,0,Yes,Yes,16,Yes,Yes,DSL,No,No,No,No,Yes,No,Month-to-month,Yes,Mailed check,72.66,1146.07,Yes
6436-TXBRX,Female,0,No,No,27,Yes,Yes,Fiber optic,No,No,No,Yes,No,No,Month-to-month,Yes,Electronic check,87.2,2342.85,Yes
1376-TGNKY,Female,0,No,No,12,Yes,Yes,Fiber optic,Yes,Yes,Yes,No,No,Yes,Month-to-month,Yes,Bank transfer (automatic),119.38,1453.67,No
4627-PNXIK,Male,0,No,Yes,21,Yes,Yes,Fiber optic,Yes,Yes,Yes,Yes,Yes,Yes,Month-to-month,Yes,Electronic check,120.0,2547.67,Yes
2645-HVFCE,Female,0,Yes,No,26,No,No phone service,DSL,No,No,No,No,No,Yes,Month-to-month,Yes,Credit card (automatic),57.43,1469.19,No
8277-TKFEH,Male,0,Yes,No,19,Yes,No,Fiber optic,No,No,No,No,No,Yes,Month-to-month,Yes,Bank transfer (automatic),106.14,1979.34,No
5238-VQOAS,Male,0,Yes,Yes,36,Yes,Yes,Fiber optic,No,No,No,No,No,No,Month-to-month,Yes,Electronic check,84.22,3043.71,No
6144-LIXQJ,Female,0,Yes,No,70,Yes,No,Fiber optic,No,Yes,Yes,Yes,Yes,No,Two year,Yes,Credit card (automatic),120.0,8407.44,No
9334-PAUCT,Male,0,Yes,No,7,Yes,No,No,No internet service,No internet service,No internet service,No internet service,No internet service,No internet service,One year,Yes,Electronic check,43.64,298.63,No
1965-BYWHL,Male,0,No,No,11,Yes,No,Fiber optic,No,No,Yes,Yes,Yes,No,Month-to-month,Yes,Electronic check,117.01,1311.66,No
4809-VDSQB,Female,0,Yes,No,46,Yes,Yes,No,No internet service,No internet service,No internet service,No internet service,No internet service,No internet service,Month-to-month,No,Mailed check,36.07,1673.76,Yes
9255-TMZKJ,Male,0,Yes,No,33,No,No phone service,Fiber optic,No,Yes,No,Yes,No,No,Month-to-month,Yes,Electronic check,80.42,2685.7,Yes
7119-PODQO,Female,1,Yes,No,49,No,No phone service,DSL,No,Yes,No,No,No,Yes,Month-to-month,Yes,Credit card (automatic),57.85,2830.52,No
8324-BSTCH,Male,0,No,No,44,Yes,No,Fiber optic,Yes,No,No,Yes,Yes,No,Month-to-month,No,Credit card (automatic),107.14,4734.44,No
4067-ZADHB,Male,0,No,Yes,16,Yes,No,Fiber optic,Yes,No,No,No,Yes,No,Two year,No,Bank transfer (automatic),110.37,1761.11,No
3974-NRSVG,Female,0,No,Yes,72,Yes,Yes,Fiber optic,Yes,No,No,Yes,Yes,Yes,Month-to-month,Yes,Mailed check,112.2,8123.51,No
3762-OSDYT,Female,0,No,No,72,Yes,Yes,No,No internet service,No internet service,No internet service,No internet service,No internet service,No internet service,Two year,Yes,Electronic check,36.73,2672.12,No
3055-PEHOS,Male,0,No,No,11,Yes,Yes,Fiber optic,Yes,No,Yes,No,No,No,One year,No,Mailed check,108.74,1160.28,Yes
6490-EJCMW,Female,0,No,No,67,Yes,Yes,Fiber optic,Yes,No,No,No,No,No,Month-to-month,No,Electronic check,91.9,6146.89,Yes
1318-VAAES,Female,0,No,Yes,71,Yes,No,DSL,No,No,No,Yes,No,Yes,Month-to-month,Yes,Credit card (automatic),82.3,5840.9,No
7046-KHISE,Male,0,Yes,Yes,72,Yes,Yes,DSL,No,Yes,No,No,No,Yes,Month-to-month,Yes,Electronic check,78.89,5668.2,No
8638-XMLQT,Female,0,No,Yes,45,Yes,No,DSL,Yes,Yes,No,Yes,Yes,Yes,Two year,Yes,Electronic check,103.33,4647.72,No
2814-UEPQO,Male,0,Yes,No,20,Yes,No,DSL,No,No,Yes,Yes,No,No,Two year,Yes,Bank transfer (automatic),80.13,1598.32,No
2958-JDCYC,Female,0,No,Yes,15,Yes,No,Fiber optic,Yes,Yes,No,No,Yes,Yes,Month-to-month,Yes,Bank transfer (automatic),115.13,1682.43,Yes
6776-ZIOAC,Female,0,Yes,No,20,Yes,Yes,DSL,No,Yes,No,No,No,Yes,Month-to-month,Yes,Credit card (automatic),75.26,1503.47,Yes
3848-NBYQU,Female,0,Yes,No,8,Yes,Yes,DSL,No,No,No,No,Yes,Yes,Month-to-month,No,Credit card (automatic),79.91,643.84,Yes
9214-MWIPJ,Female,0,Yes,No,37,Yes,No,Fiber optic,No,No,No,No,No,No,Month-to-month,No,Mailed check,96.51,3544.03,No
1963-MXLNR,Male,0,No,No,23,Yes,No,No,No internet service,No internet service,No internet service,No internet service,No internet service,No internet service,Two year,Yes,Credit card (automatic),46.47,1068.01,No
4696-OBSUL,Male,1,No,Yes,7,Yes,No,DSL,No,Yes,No,No,No,Yes,Month-to-month,Yes,Credit card (automatic),80.36,574.3,No
9714-SOKFO,Male,0,Yes,No,15,Yes,No,Fiber optic,No,No,No,Yes,No,No,Month-to-month,Yes,Credit card (automatic),98.78,1475.48,Yes
4266-JJDPV,Female,0,No,No,63,Yes,No,DSL,Yes,Yes,Yes,Yes,Yes,Yes,One year,Yes,Credit card (automatic),117.85,7437.78,No
8317-JBOMR,Female,0,Yes,Yes,38,Yes,No,No,No internet service,No internet service,No internet service,No internet service,No internet service,No internet service,Month-to-month,No,Bank transfer (automatic),27.26,1047.28,No
8511-ZRPSZ,Male,0,No,No,14,No,No phone service,Fiber optic,No,Yes,Yes,Yes,No,No,Month-to-month,No,Electronic check,95.92,1299.64,No
3400-HKPQJ,Female,0,Yes,No,72,Yes,Yes,Fiber optic,No,Yes,No,Yes,No,No,Month-to-month,Yes,Credit card (automatic),95.24,6842.74,No
9434-QYSIJ,Female,0,Yes,Yes,34,Yes,Yes,Fiber optic,No,No,No,Yes,Yes,No,One year,Yes,Electronic check,92.49,3161.9,No
1042-RHWKD,Female,0,No,No,9,Yes,No,No,No internet service,No internet service,No internet service,No internet service,No internet service,No internet service,Two year,No,Credit card (automatic),38.74,341.53,No
3333-GXYAT,Male,0,No,Yes,21,Yes,No,Fiber optic,No,Yes,No,Yes,No,Yes,Two year,Yes,Mailed check,112.48,2390.8,No
6323-KWZME,Female,0,No,Yes,6,Yes,No,No,No internet service,No internet service,No internet service,No internet service,No internet service,No internet service,One year,Yes,Mailed check,41.55,216.49,No
5870-SSUQU,Female,0,No,Yes,72,Yes,No,Fiber optic,No,No,No,Yes,Yes,No,Two year,No,Credit card (automatic),113.18,8124.94,No
9913-BBQME,Male,1,No,No,50,Yes,Yes,Fiber optic,Yes,No,Yes,Yes,Yes,Yes,One year,Yes,Mailed check,118.96,5976.62,No
3802-TIETZ,Male,0,Yes,No,14,Yes,No,DSL,No,No,No,No,No,Yes,Month-to-month,Yes,Electronic check,76.71,1089.85,No
6710-ZRSEV,Male,0,Yes,No,3,Yes,Yes,DSL,No,Yes,No,No,Yes,No,Month-to-month,No,Bank transfer (automatic),83.64,241.01,Yes
6638-PBDIZ,Male,0,No,No,49,Yes,No,Fiber optic,No,No,No,Yes,No,No,Month-to-month,Yes,Electronic check,105.3,5148.63,No
3420-FPOWH,Female,0,Yes,No,33,Yes,Yes,DSL,No,No,No,No,No,Yes,Month-to-month,Yes,Credit card (automatic),77.54,2595.92,No
1790-SORWZ,Female,0,No,No,66,Yes,No,DSL,No,No,No,No,No,Yes,Two year,Yes,Credit card (automatic),75.2,4957.45,No
7272-HVMQH,Female,0,Yes,No,2,No,No phone service,DSL,Yes,No,No,No,No,Yes,One year,Yes,Mailed check,57.32,82.65,Yes
6097-QBDEI,Male,0,No,No,46,Yes,Yes,DSL,No,Yes,No,No,No,No,Two year,No,Bank transfer (automatic),77.97,3618.01,No
5338-AKWSM,Female,0,Yes,No,26,Yes,No,Fiber optic,No,No,No,No,No,Yes,Month-to-month,No,Electronic check,100.44,2573.74,Yes
1427-TBXAK,Male,0,No,No,72,Yes,Yes,DSL,No,No,Yes,No,No,No,Month-to-month,No,Credit card (automatic),78.48,5635.35,No
3145-QBGJZ,Female,0,No,Yes,8,Yes,No,No,No internet service,No internet service,No internet service,No internet service,No internet service,No internet service,Two year,Yes,Mailed check,42.95,312.07,No
2970-UGVAN,Male,0,Yes,No,53,Yes,Yes,DSL,Yes,Yes,No,No,Yes,No,Month-to-month,No,Electronic check,77.81,4161.2,No
6482-VHWHM,Male,0,Yes,Yes,47,Yes,Yes,No,No internet service,No internet service,No internet service,No internet service,No internet service,No internet service,Month-to-month,Yes,Credit card (automatic),37.07,1737.62,No
3152-QAGXE,Female,0,Yes,No,7,Yes,No,Fiber optic,No,No,No,No,No,Yes,Month-to-month,Yes,Mailed check,99.11,659.55,Yes
5503-TKOBH,Male,0,Yes,No,21,Yes,Yes,Fiber optic,No,No,No,No,No,Yes,Two year,Yes,Credit card (automatic),98.92,2094.97,Yes
6817-FTYHF,Female,1,Yes,Yes,42,Yes,No,Fiber optic,No,No,No,No,No,No,Month-to-month,No,Mailed check,87.41,3688.75,No
4041-CAUNC,Female,0,No,No,14,Yes,Yes,DSL,Yes,Yes,No,No,No,No,Two year,Yes,Credit card (automatic),80.81,1108.06,No
4890-XSODA,Female,0,Yes,No,15,No,No phone service,Fiber optic,Yes,No,No,No,No,No,Month-to-month,No,Bank transfer (automatic),82.6,1275.35,Yes
8726-ETPVU,Female,0,Yes,No,58,Yes,Yes,DSL,Yes,No,Yes,No,No,Yes,Month-to-month,No,Bank transfer (automatic),72.93,4192.83,No
7563-FYMXU,Male,0,Yes,No,72,Yes,No,No,No internet service,No internet service,No internet service,No internet service,No internet service,No internet service,Two year,Yes,Electronic check,37.76,2729.11,No
3087-JBAOB,Female,0,Yes,No,54,Yes,Yes,No,No internet service,No internet service,No internet service,No internet service,No internet service,No internet service,Month-to-month,No,Bank transfer (automatic),41.5,2272.71,No
4055-IJRUD,Male,1,Yes,Yes,7,Yes,Yes,Fiber optic,No,Yes,Yes,No,No,Yes,Month-to-month,Yes,Mailed check,109.22,803.19,Yes
9032-GQLDZ,Female,0,No,No,1,Yes,Yes,Fiber optic,No,No,No,No,No,Yes,One year,Yes,Bank transfer (automatic),99.09,118.27,No
6851-HPEOD,Male,0,No,No,10,Yes,Yes,DSL,No,No,No,Yes,Yes,No,Month-to-month,Yes,Credit card (automatic),86.92,853.65,Yes
7250-ZPWFT,Male,0,No,No,45,Yes,Yes,DSL,Yes,No,No,Yes,No,No,Month-to-month,No,Bank transfer (automatic),86.35,3894.02,No
3839-JBTWG,Female,0,Yes,No,50,Yes,No,DSL,No,No,No,No,No,No,Month-to-month,Yes,Mailed check,70.01,3481.83,No
9381-AVOIN,Male,0,No,No,20,No,No phone service,Fiber optic,No,Yes,No,No,Yes,Yes,Month-to-month,No,Credit card (automatic),85.07,1727.12,Yes
6654-UHAVE,Female,0,No,Yes,10,Yes,Yes,Fiber optic,Yes,No,Yes,Yes,No,Yes,Month-to-month,Yes,Bank transfer (automatic),110.51,1121.82,No
7850-AWIWY,Female,0,No,No,21,Yes,Yes,Fiber optic,No,No,No,No,No,Yes,Two year,No,Bank transfer (automatic),97.84,2086.88,Yes
3544-RIFQL,Female,0,No,No,4,No,No phone service,Fiber optic,No,Yes,No,Yes,Yes,No,One year,Yes,Credit card (automatic),91.94,372.72,No
2698-PBCKM,Female,0,Yes,No,35,Yes,No,DSL,No,Yes,No,No,Yes,Yes,Month-to-month,Yes,Electronic check,83.87,2929.33,No
2180-RNHWK,Female,0,No,Yes,32,Yes,No,Fiber optic,No,No,No,No,No,Yes,Month-to-month,Yes,Mailed check,90.96,2939.94,Yes
3553-RZIKJ,Male,0,No,No,9,Yes,No,DSL,No,No,No,Yes,No,No,One year,Yes,Electronic check,76.07,668.01,Yes
5802-XDTAP,Male,0,No,No,55,Yes,Yes,DSL,No,No,No,No,No,No,One year,Yes,Bank transfer (automatic),64.78,3576.44,No
6995-XVRHF,Male,0,No,Yes,28,Yes,Yes,DSL,No,No,No,Yes,No,No,Month-to-month,Yes,Mailed check,65.08,1823.37,No
4260-BSUJQ,Female,0,No,Yes,13,Yes,Yes,Fiber optic,Yes,Yes,No,Yes,Yes,No,One year,Yes,Bank transfer (automatic),118.14,1558.35,Yes
1254-FNWWF,Male,0,Yes,No,36,Yes,Yes,Fiber optic,No,No,Yes,Yes,Yes,Yes,Month-to-month,Yes,Electronic check,115.62,4165.43,Yes
3628-DMXRV,Male,0,No,Yes,72,Yes,Yes,DSL,No,Yes,No,No,Yes,Yes,Month-to-month,Yes,Bank transfer (automatic),88.61,6389.73,No
4023-VMTRP,Male,0,No,No,5,Yes,Yes,DSL,No,No,No,No,Yes,Yes,Month-to-month,No,Electronic check,81.65,381.39,Yes
8203-IMBPF,Male,0,No,No,72,Yes,Yes,Fiber optic,No,No,No,No,No,Yes,Two year,Yes,Mailed check,98.6,7085.62,No
4632-EKTDB,Male,0,No,No,28,Yes,No,Fiber optic,No,No,No,No,No,No,Month-to-month,Yes,Mailed check,90.38,2523.94,No
3183-GFARB,Male,0,Yes,No,43,Yes,Yes,DSL,No,No,Yes,No,No,No,One year,Yes,Bank transfer (automatic),63.07,2726.47,No
4745-SFMUQ,Male,0,Yes,No,45,Yes,Yes,No,No internet service,No internet service,No internet service,No internet service,No internet service,No internet service,Month-to-month,No,Mailed check,37.93,1701.63,No
4936-TRHUH,Male,0,Yes,Yes,13,Yes,Yes,Fiber optic,No,No,No,Yes,Yes,Yes,Month-to-month,Yes,Bank transfer (automatic),107.12,1387.01,Yes
4710-GRHAA,Male,1,No,No,19,Yes,No,No,No internet service,No internet service,No internet service,No internet service,No internet service,No internet service,Month-to-month,Yes,Electronic check,39.76,787.11,No
5953-NDYHQ,Male,1,No,Yes,71,Yes,Yes,No,No internet service,No internet service,No internet service,No internet service,No internet service,No internet service,Month-to-month,No,Bank transfer (automatic),35.98,2565.69,No
9295-FNQIM,Female,0,No,Yes,72,Yes,No,Fiber optic,No,Yes,No,No,Yes,No,One year,No,Mailed check,98.37,7076.09,No
9168-UJNEO,Male,0,No,Yes,24,Yes,No,DSL,No,No,No,No,No,No,One year,Yes,Electronic check,72.01,1740.52,Yes
6636-MWXOI,Male,0,No,No,72,Yes,No,Fiber optic,Yes,Yes,Yes,No,No,Yes,Month-to-month,No,Credit card (automatic),112.46,8081.31,Yes
6710-RIAEG,Male,1,Yes,Yes,26,Yes,Yes,Fiber optic,Yes,No,Yes,No,No,Yes,Month-to-month,No,Credit card (automatic),107.66,2820.43,Yes
4814-UGVQP,Female,0,No,Yes,51,No,No phone service,DSL,No,No,Yes,No,Yes,No,Month-to-month,No,Electronic check,60.86,3107.88,No
2738-FSRDJ,Female,0,No,No,14,Yes,No,DSL,No,No,Yes,No,Yes,No,One year,Yes,Electronic check,73.27,1042.77,No
7601-PIWLX,Female,0,No,Yes,48,Yes,No,DSL,Yes,No,Yes,No,Yes,Yes,Month-to-month,No,Bank transfer (automatic),86.65,4134.08,No
5352-FURYV,Male,0,No,No,22,Yes,No,Fiber optic,No,No,No,No,No,Yes,Two year,Yes,Credit card (automatic),97.29,2135.65,No
7020-RGGDM,Male,0,No,No,72,Yes,No,Fiber optic,No,Yes,No,No,No,Yes,Month-to-month,No,Mailed check,109.52,7853.11,No
8571-CMJEY,Male,0,Yes,No,38,Yes,No,No,No internet service,No internet service,No internet service,No internet service,No internet service,No internet service,Month-to-month,Yes,Credit card (automatic),39.48,1476.01,No
1840-RKAFE,Female,0,No,Yes,72,Yes,Yes,Fiber optic,No,No,Yes,No,Yes,No,One year,No,Electronic check,108.43,7778.26,No
5799-HVYBA,Female,0,No,Yes,33,Yes,No,DSL,No,No,No,Yes,Yes,No,Two year,No,Electronic check,68.11,2277.75,Yes
9614-CBCAF,Female,1,Yes,No,28,Yes,Yes,No,No internet service,No internet service,No internet service,No internet service,No internet service,No internet service,Month-to-month,Yes,Electronic check,45.09,1291.95,No
1800-APGZP,Female,0,Yes,No,32,Yes,Yes,No,No internet service,No internet service,No internet service,No internet service,No internet service,No internet service,Month-to-month,Yes,Bank transfer (automatic),45.6,1441.82,Yes
4812-JDSBD,Female,0,Yes,Yes,72,Yes,Yes,Fiber optic,No,No,No,No,No,No,Month-to-month,Yes,Bank transfer (automatic),93.16,6721.09,No
9877-LCAUB,Female,0,Yes,No,18,No,No phone service,No,No internet service,No internet service,No internet service,No internet service,No internet service,No internet service,Month-to-month,Yes,Bank transfer (automatic),19.34,343.21,No
2836-PHDZK,Female,0,No,No,72,Yes,No,Fiber optic,Yes,No,Yes,Yes,No,Yes,One year,Yes,Electronic check,120.0,8666.4,No
7344-PJRDF,Male,1,Yes,Yes,57,Yes,Yes,DSL,Yes,No,No,No,No,Yes,One year,No,Electronic check,77.61,4462.51,Yes
6297-ITKQP,Male,0,Yes,No,72,No,No phone service,DSL,Yes,Yes,Yes,No,No,Yes,Month-to-month,No,Mailed check,71.95,5159.15,No
6932-UCXZO,Female,0,No,No,10,No,No phone service,Fiber optic,No,No,Yes,Yes,No,No,Month-to-month,No,Mailed check,81.61,802.04,Yes
6103-MHQRB,Male,1,Yes,No,50,Yes,No,No,No internet service,No internet service,No internet service,No internet service,No internet service,No internet service,One year,Yes,Mailed check,39.98,1967.38,No
8068-UUFZH,Male,0,No,No,72,Yes,Yes,DSL,Yes,No,No,No,No,No,One year,Yes,Bank transfer (automatic),70.99,5133.68,No
1373-MKELY,Female,0,Yes,No,72,Yes,No,No,No internet service,No internet service,No internet service,No internet service,No internet service,No internet service,Two year,No,Mailed check,46.39,3344.45,No
1585-PMYTY,Male,0,Yes,No,50,Yes,No,DSL,No,Yes,No,No,Yes,No,One year,Yes,Credit card (automatic),80.36,3995.74,No
5003-ROSQL,Female,0,No,No,20,Yes,Yes,Fiber optic,Yes,No,Yes,No,No,Yes,Month-to-month,No,Bank transfer (automatic),115.81,2344.23,No
3544-YPQZT,Female,0,No,No,19,Yes,Yes,Fiber optic,Yes,No,No,No,No,No,One year,Yes,Electronic check,93.76,1760.5,No
8321-GGPKR,Male,0,No,No,18,Yes,No,DSL,No,No,No,No,Yes,No,Month-to-month,No,Credit card (automatic),74.48,1322.16,No
4007-ERNAV,Female,1,No,No,36,Yes,No,DSL,No,No,Yes,Yes,Yes,Yes,One year,Yes,Mailed check,94.29,3402.64,No
5728-JBTYK,Female,0,Yes,Yes,32,Yes,Yes,DSL,No,Yes,No,No,No,No,Month-to-month,No,Mailed check,69.51,2191.1,Yes
4541-VUVTR,Female,0,No,No,21,Yes,Yes,Fiber optic,No,No,Yes,Yes,No,Yes,Two year,Yes,Bank transfer (automatic),114.04,2379.89,No
6442-GKRGX,Male,0,Yes,No,24,Yes,No,DSL,No,Yes,Yes,No,No,No,Month-to-month,Yes,Credit card (automatic),82.6,1998.66,Yes
5714-VFYYQ,Female,0,No,Yes,29,Yes,No,Fiber optic,No,No,No,Yes,No,No,Month-to-month,Yes,Electronic check,103.13,2958.12,No
6243-CNAIY,Female,1,Yes,No,3,Yes,No,Fiber optic,No,No,No,No,No,Yes,Month-to-month,Yes,Electronic check,87.89,272.83,Yes
4934-YEGRY,Female,0,No,No,22,Yes,Yes,Fiber optic,No,No,No,No,No,No,Two year,No,Credit card (automatic),84.72,1897.05,No
3207-INZVM,Male,0,Yes,No,17,Yes,No,DSL,No,No,No,No,Yes,No,One year,Yes,Mailed check,71.54,1224.94,No
6135-LAZQK,Male,0,Yes,No,9,Yes,No,Fiber optic,No,No,Yes,Yes,Yes,No,Month-to-month,Yes,Credit card (automatic),111.15,1007.15,Yes
6883-IYSCJ,Female,0,Yes,Yes,10,Yes,Yes,No,No internet service,No internet service,No internet service,No internet service,No internet service,No internet service,Month-to-month,Yes,Mailed check,43.5,446.62,No
5014-IPPJX,Male,1,No,No,22,Yes,Yes,Fiber optic,No,No,Yes,Yes,Yes,No,Month-to-month,Yes,Credit card (automatic),107.92,2367.62,No
4168-POXDR,Male,0,Yes,Yes,37,Yes,No,Fiber optic,No,Yes,No,No,Yes,No,One year,Yes,Electronic check,101.18,3748.34,No
3037-JPZAY,Male,0,No,No,39,Yes,Yes,DSL,No,No,No,No,Yes,No,Month-to-month,No,Credit card (automatic),79.05,3097.17,No
4166-DXPAB,Male,0,Yes,No,43,Yes,Yes,No,No internet service,No internet service,No internet service,No internet service,No internet service,No internet service,One year,No,Bank transfer (automatic),39.33,1693.69,No
9160-QSOCW,Male,0,No,No,39,Yes,No,Fiber optic,Yes,No,Yes,No,Yes,Yes,One year,Yes,Credit card (automatic),120.0,4698.98,No
7618-YLUGQ,Male,0,Yes,Yes,19,Yes,No,DSL,No,Yes,Yes,Yes,No,Yes,Two year,No,Electronic check,90.39,1724.14,No
9169-OZNTQ,Female,0,No,No,10,No,No phone service,Fiber optic,No,No,Yes,No,Yes,Yes,Month-to-month,No,Mailed check,91.84,896.06,No
9787-OOYIP,Male,0,Yes,No,12,Yes,Yes,DSL,No,Yes,No,No,Yes,No,Two year,No,Electronic check,78.37,927.88,No
3701-WHQPC,Male,0,Yes,No,26,Yes,Yes,DSL,No,No,No,No,Yes,Yes,Month-to-month,No,Credit card (automatic),80.8,2088.23,No
7463-ZGWLL,Male,0,Yes,Yes,32,Yes,No,Fiber optic,Yes,No,No,No,Yes,Yes,One year,No,Electronic check,115.71,3694.21,No
9421-PVXIC,Female,0,Yes,Yes,53,Yes,Yes,DSL,No,Yes,Yes,Yes,No,No,One year,Yes,Mailed check,74.95,3971.94,No
3254-XUPXW,Male,0,Yes,No,72,Yes,No,DSL,No,No,Yes,Yes,Yes,No,Two year,Yes,Electronic check,76.74,5488.18,No
4819-NBZEP,Female,0,Yes,No,20,Yes,No,Fiber optic,No,Yes,Yes,No,Yes,Yes,Month-to-month,No,Bank transfer (automatic),120.0,2423.04,Yes
8040-VQDJC,Female,0,No,No,33,Yes,Yes,DSL,No,Yes,Yes,No,No,No,One year,Yes,Bank transfer (automatic),79.87,2644.41,Yes
1400-LATEA,Female,0,No,No,44,Yes,No,DSL,Yes,No,Yes,Yes,Yes,No,One year,Yes,Electronic check,91.24,4012.56,No
4744-QZYUT,Female,0,Yes,No,29,Yes,Yes,DSL,No,No,Yes,No,No,No,Two year,Yes,Bank transfer (automatic),84.41,2458.46,No
7554-CSAEY,Male,0,Yes,No,13,Yes,Yes,Fiber optic,No,Yes,No,No,Yes,Yes,Month-to-month,Yes,Electronic check,103.41,1337.98,No
2098-KIVEX,Female,1,Yes,Yes,15,Yes,No,No,No internet service,No internet service,No internet service,No internet service,No internet service,No internet service,One year,Yes,Credit card (automatic),40.77,620.41,No
9851-ISIJG,Male,0,Yes,Yes,56,Yes,No,Fiber optic,No,No,No,No,Yes,No,Month-to-month,No,Credit card (automatic),99.61,5587.62,No
5316-TAYWS,Female,0,Yes,Yes,21,Yes,Yes,No,No internet service,No internet service,No internet service,No internet service,No internet service,No internet service,Two year,No,Electronic check,38.91,815.07,No
4699-VWIFB,Female,1,Yes,No,23,Yes,No,No,No internet service,No internet service,No internet service,No internet service,No internet service,No internet service,Two year,No,Mailed check,38.47,879.89,No
7581-CUTQS,Female,0,Yes,No,2,Yes,No,No,No internet service,No internet service,No internet service,No internet service,No internet service,No internet service,One year,No,Bank transfer (automatic),43.19,101.86,No
6774-KFAHI,Female,0,No,No,66,Yes,Yes,Fiber optic,No,Yes,No,No,No,Yes,Month-to-month,Yes,Credit card (automatic),103.18,6827.29,No
3197-VTHVW,Male,0,No,No,45,Yes,No,Fiber optic,No,No,No,No,Yes,No,One year,Yes,Credit card (automatic),102.44,4619.14,Yes
5365-TCIXY,Female,0,No,No,7,Yes,No,Fiber optic,No,No,No,No,No,Yes,One year,Yes,Mailed check,95.76,677.13,No
6021-LURVP,Female,0,Yes,No,41,Yes,No,DSL,No,No,No,No,No,Yes,Month-to-month,No,Mailed check,81.41,3365.65,No
2996-WSHGA,Female,0,No,No,44,Yes,No,DSL,Yes,Yes,Yes,No,No,No,Two year,No,Electronic check,83.07,3663.11,No
5249-VVUMM,Male,0,Yes,Yes,72,Yes,No,No,No internet service,No internet service,No internet service,No internet service,No internet service,No internet service,Month-to-month,Yes,Mailed check,30.69,2186.03,No
6216-TEEGM,Female,0,Yes,Yes,14,Yes,Yes,Fiber optic,No,Yes,Yes,Yes,Yes,No,Month-to-month,Yes,Credit card (automatic),109.09,1516.82,Yes
7114-FVEDR,Male,0,No,No,40,No,No phone service,No,No internet service,No internet service,No internet service,No internet service,No internet service,No internet service,One year,No,Credit card (automatic),18.4,751.13,No
8788-DLWJD,Male,1,Yes,No,18,Yes,Yes,DSL,No,Yes,No,No,No,No,Month-to-month,Yes,Mailed check,73.95,1319.15,Yes
5016-XDFUL,Male,0,Yes,No,17,Yes,No,DSL,No,No,No,Yes,Yes,No,One year,Yes,Electronic check,90.23,1561.66,Yes
5866-XPWRB,Female,0,No,No,72,Yes,No,DSL,Yes,No,No,No,No,No,Month-to-month,No,Bank transfer (automatic),70.55,5100.74,No
5369-QCHZO,Male,1,No,No,56,Yes,No,Fiber optic,No,Yes,No,Yes,No,No,One year,Yes,Mailed check,105.7,5902.25,No
5408-QBFLX,Male,0,No,No,7,Yes,Yes,DSL,No,No,No,Yes,No,Yes,Month-to-month,No,Bank transfer (automatic),71.19,470.76,Yes
7847-XRPSS,Male,0,Yes,Yes,6,Yes,Yes,No,No internet service,No internet service,No internet service,No internet service,No internet service,No internet service,One year,No,Bank transfer (automatic),45.6,278.64,Yes
2962-IISTC,Female,0,Yes,No,43,Yes,Yes,Fiber optic,No,No,No,No,No,Yes,One year,No,Bank transfer (automatic),104.23,4442.76,No
2740-KENKJ,Male,0,No,No,25,Yes,No,DSL,No,Yes,Yes,No,No,Yes,One year,No,Mailed check,89.37,2230.31,No
9092-NONNH,Female,0,Yes,Yes,12,Yes,Yes,DSL,Yes,No,No,No,Yes,Yes,Month-to-month,No,Bank transfer (automatic),91.19,1125.38,Yes
6658-CBRFI,Female,0,Yes,No,43,Yes,Yes,Fiber optic,Yes,Yes,Yes,No,No,No,One year,No,Bank transfer (automatic),120.0,5132.74,No
2778-YXMZB,Female,0,Yes,No,39,Yes,Yes,No,No internet service,No internet service,No internet service,No internet service,No internet service,No internet service,Month-to-month,Yes,Bank transfer (automatic),37.55,1431.18,No
8810-VGNBM,Female,0,No,No,28,Yes,No,No,No internet service,No internet service,No internet service,No internet service,No internet service,No internet service,Month-to-month,Yes,Bank transfer (automatic),35.56,998.23,No
9448-WTBSW,Male,0,No,Yes,31,Yes,Yes,Fiber optic,No,Yes,No,No,No,No,Month-to-month,No,Credit card (automatic),95.38,2941.53,Yes
2674-DHZWD,Male,0,Yes,No,13,Yes,No,Fiber optic,No,Yes,No,Yes,No,Yes,Month-to-month,Yes,Electronic check,111.69,1441.08,Yes
7027-CHQEH,Male,0,No,No,39,Yes,Yes,No,No internet service,No internet service,No internet service,No internet service,No internet service,No internet service,Two year,Yes,Electronic check,39.23,1559.66,No
4455-VQMUI,Female,0,Yes,Yes,72,Yes,No,Fiber optic,Yes,Yes,No,Yes,Yes,No,Month-to-month,Yes,Electronic check,117.35,8447.04,No
5147-PUZES,Female,0,No,No,9,Yes,No,DSL,Yes,No,Yes,No,No,Yes,One year,No,Bank transfer (automatic),83.56,759.4,Yes
4638-PPGJE,Female,0,Yes,No,55,Yes,Yes,DSL,No,No,No,No,Yes,No,One year,No,Electronic check,78.75,4355.7,No
2554-TSCVF,Male,0,Yes,No,11,No,No phone service,Fiber optic,Yes,No,No,No,Yes,No,Month-to-month,Yes,Mailed check,74.95,806.35,Yes
4370-GPKSR,Male,0,Yes,No,48,Yes,No,DSL,Yes,Yes,No,No,No,No,Month-to-month,No,Electronic check,80.82,3869.39,No
9922-GPHGV,Male,1,No,No,24,Yes,No,No,No internet service,No internet service,No internet service,No internet service,No internet service,No internet service,Month-to-month,Yes,Credit card (automatic),46.79,1149.73,No
8480-ZLCTQ,Male,0,No,No,49,Yes,No,Fiber optic,No,No,No,Yes,No,No,Month-to-month,Yes,Bank transfer (automatic),100.58,4929.99,Yes
6380-AWFRQ,Male,0,No,No,9,Yes,Yes,Fiber optic,No,No,Yes,Yes,No,Yes,Month-to-month,No,Electronic check,117.09,1079.84,Yes
6650-RWTJD,Female,0,Yes,No,31,Yes,Yes,No,No internet service,No internet service,No internet service,No internet service,No internet service,No internet service,Two year,Yes,Mailed check,47.72,1466.82,No
1877-AJQEP,Male,0,Yes,No,52,Yes,Yes,Fiber optic,No,Yes,Yes,No,No,Yes,Two year,No,Electronic check,113.24,5881.63,No
3709-RWNOO,Female,0,Yes,No,32,Yes,No,No,No internet service,No internet service,No internet service,No internet service,No internet service,No internet service,Month-to-month,No,Credit card (automatic),38.57,1257.59,No
7316-VIOUR,Male,1,Yes,No,45,Yes,No,Fiber optic,Yes,Yes,Yes,No,No,No,Month-to-month,Yes,Credit card (automatic),114.26,5187.15,No
2298-LPOLG,Male,1,Yes,No,19,Yes,No,DSL,No,No,No,No,Yes,No,One year,Yes,Credit card (automatic),68.97,1284.36,Yes
7214-LSFDX,Female,0,No,No,46,Yes,No,DSL,No,No,No,No,No,No,Two year,Yes,Mailed check,62.79,2924.65,No
7487-JEFDB,Female,0,No,No,72,Yes,No,DSL,No,No,No,No,Yes,Yes,Two year,No,Credit card (automatic),72.09,5190.64,No
9686-OEWTP,Male,0,No,No,19,Yes,Yes,No,No internet service,No internet service,No internet service,No internet service,No internet service,No internet service,Two year,Yes,Electronic check,43.73,853.48,No
3005-BMBLT,Male,0,Yes,No,45,Yes,Yes,No,No internet service,No internet service,No internet service,No internet service,No internet service,No internet service,Month-to-month,Yes,Bank transfer (automatic),42.92,1927.78,No
8635-BJODH,Male,0,Yes,No,15,Yes,Yes,Fiber optic,No,No,Yes,No,No,No,Two year,Yes,Mailed check,93.82,1416.44,Yes
9451-YCDFX,Female,0,No,No,72,Yes,No,Fiber optic,No,No,Yes,Yes,No,Yes,Month-to-month,No,Mailed check,112.31,8121.23,No
8172-CNSAP,Male,0,Yes,No,7,Yes,No,DSL,No,Yes,No,Yes,No,No,Month-to-month,No,Electronic check,72.61,553.09,No
3322-CFILY,Female,1,No,Yes,38,Yes,Yes,Fiber optic,No,No,Yes,No,Yes,Yes,One year,Yes,Electronic check,110.96,4225.33,No
6724-YKGJH,Male,0,No,Yes,29,Yes,No,DSL,No,No,No,Yes,No,Yes,One year,Yes,Credit card (automatic),84.27,2430.66,Yes
5885-DTWUV,Female,0,Yes,No,19,Yes,No,DSL,Yes,No,No,No,Yes,No,Two year,No,Bank transfer (automatic),91.47,1737.58,No
2522-MLVVN,Male,1,Yes,No,18,No,No phone service,No,No internet service,No internet service,No internet service,No internet service,No internet service,No internet service,One year,Yes,Credit card (automatic),18.25,269.02,No
7111-VAEAJ,Female,0,No,Yes,27,No,No phone service,DSL,No,No,No,Yes,Yes,No,Two year,Yes,Bank transfer (automatic),56.24,1554.74,No
8244-CNAVQ,Female,0,No,No,72,Yes,Yes,Fiber optic,Yes,No,No,No,No,No,Month-to-month,Yes,Electronic check,100.69,7262.33,No
4694-BFWLG,Male,0,No,No,34,Yes,No,Fiber optic,No,No,Yes,No,Yes,Yes,Month-to-month,Yes,Electronic check,111.1,3772.49,Yes
4112-SCKSE,Male,0,No,Yes,4,Yes,No,DSL,No,No,No,No,Yes,No,One year,Yes,Bank transfer (automatic),79.24,313.12,No
7262-MHDLQ,Female,0,No,No,6,Yes,No,Fiber optic,No,No,No,No,No,Yes,Month-to-month,Yes,Electronic check,96.23,559.38,Yes
9376-KDLMY,Male,0,Yes,Yes,34,Yes,Yes,No,No internet service,No internet service,No internet service,No internet service,No internet service,No internet service,Month-to-month,No,Electronic check,37.64,1302.55,No
5730-CDSBO,Male,0,No,No,59,Yes,Yes,Fiber optic,Yes,Yes,Yes,No,No,Yes,Month-to-month,No,Mailed check,113.38,6685.95,Yes
5096-ZQQIV,Male,0,No,No,13,Yes,No,DSL,Yes,Yes,Yes,Yes,Yes,No,Two year,Yes,Bank transfer (automatic),98.67,1293.23,No
8819-XRNDW,Male,0,Yes,No,32,Yes,Yes,No,No internet service,No internet service,No internet service,No internet service,No internet service,No internet service,Two year,Yes,Bank transfer (automatic),42.67,1355.69,No
6280-SNGBB,Male,0,Yes,No,60,Yes,Yes,DSL,No,Yes,No,No,No,No,Two year,No,Electronic check,70.29,4208.47,No
8888-VVCDF,Male,0,No,Yes,36,Yes,No,No,No internet service,No internet service,No internet service,No internet service,No internet service,No internet service,One year,Yes,Credit card (automatic),45.8,1658.43,No
5032-HZLRX,Male,0,No,No,30,Yes,No,No,No internet service,No internet service,No internet service,No internet service,No internet service,No internet service,Two year,Yes,Credit card (automatic),34.41,1043.65,No
7874-NNOBD,Male,0,Yes,No,21,Yes,Yes,No,No internet service,No internet service,No internet service,No internet service,No internet service,No internet service,Month-to-month,Yes,Credit card (automatic),43.78,924.55,No
5564-GPQKT,Male,0,No,No,24,Yes,Yes,Fiber optic,No,No,Yes,Yes,No,Yes,One year,Yes,Electronic check,114.84,2745.22,No
4334-CAACY,Male,0,No,Yes,46,Yes,Yes,No,No internet service,No internet service,No internet service,No internet service,No internet service,No internet service,One year,Yes,Credit card (automatic),43.91,1989.46,No
9547-ERHAL,Female,0,No,No,51,Yes,No,No,No internet service,No internet service,No internet service,No internet service,No internet service,No internet service,Two year,Yes,Mailed check,42.24,2157.62,No
6371-GSNOE,Male,0,Yes,Yes,50,No,No phone service,No,No internet service,No internet service,No internet service,No internet service,No internet service,No internet service,Month-to-month,Yes,Electronic check,18.94,938.45,No
9287-XHITT,Male,0,Yes,No,15,Yes,Yes,Fiber optic,No,No,No,No,Yes,Yes,Two year,No,Bank transfer (automatic),100.14,1488.35,Yes
4072-YHCRA,Male,0,Yes,No,1,Yes,No,DSL,No,Yes,No,No,Yes,No,One year,Yes,Credit card (automatic),77.52,128.03,No
4046-BDBWY,Female,0,No,No,19,Yes,Yes,No,No internet service,No internet service,No internet service,No internet service,No internet service,No internet service,Month-to-month,Yes,Mailed check,42.27,800.67,Yes
6188-MMQCN,Male,0,No,Yes,54,Yes,No,DSL,Yes,No,Yes,No,No,Yes,Month-to-month,No,Electronic check,87.57,4699.61,No
7619-ROQAW,Male,0,Yes,Yes,72,Yes,No,Fiber optic,No,No,No,No,No,No,Month-to-month,No,Electronic check,86.49,6224.09,No
5046-VJGUY,Male,0,No,Yes,11,Yes,No,Fiber optic,No,No,Yes,No,No,Yes,One year,Yes,Mailed check,100.83,1100.48,No
4258-YHFOS,Male,0,Yes,No,45,Yes,No,Fiber optic,Yes,No,No,No,No,No,Month-to-month,No,Credit card (automatic),95.64,4298.88,Yes
6034-FHEQH,Male,0,No,No,16,Yes,No,DSL,No,No,No,No,No,Yes,Two year,Yes,Electronic check,72.89,1179.12,No
5674-UWXFY,Male,0,Yes,No,72,Yes,Yes,DSL,Yes,No,No,Yes,No,No,One year,Yes,Electronic check,75.01,5369.17,No
8772-HHEVM,Female,0,No,Yes,53,Yes,No,DSL,Yes,No,No,No,No,Yes,Two year,No,Credit card (automatic),81.11,4311.72,No
9652-YLJPX,Female,0,No,Yes,36,Yes,Yes,No,No internet service,No internet service,No internet service,No internet service,No internet service,No internet service,Month-to-month,No,Credit card (automatic),34.55,1255.89,No
7247-YGFUF,Male,1,No,No,38,Yes,Yes,Fiber optic,Yes,No,No,Yes,No,No,Two year,Yes,Credit card (automatic),104.73,3964.18,No
9643-KVENK,Female,0,Yes,No,67,Yes,No,DSL,Yes,Yes,Yes,No,No,No,Two year,Yes,Electronic check,83.77,5589.16,No
4908-RTGOF,Female,1,Yes,No,5,Yes,No,DSL,No,Yes,No,Yes,No,No,One year,Yes,Credit card (automatic),80.76,422.66,Yes
5521-ODRCH,Male,0,Yes,Yes,26,Yes,Yes,DSL,Yes,No,Yes,No,Yes,Yes,Month-to-month,Yes,Electronic check,96.26,2500.82,Yes
1930-TQORB,Male,0,No,Yes,10,Yes,No,Fiber optic,No,Yes,Yes,No,Yes,Yes,Two year,Yes,Mailed check,117.42,1177.91,No
6169-GMXBJ,Male,0,Yes,No,37,Yes,Yes,DSL,Yes,Yes,Yes,Yes,No,No,Two year,No,Mailed check,82.81,3065.97,No
6102-JCCSL,Female,0,No,No,32,Yes,No,DSL,No,Yes,No,Yes,Yes,No,Two year,Yes,Credit card (automatic),91.32,2953.92,No
2094-TGKIR,Male,0,No,No,36,Yes,No,No,No internet service,No internet service,No internet service,No internet service,No internet service,No internet service,Month-to-month,No,Electronic check,43.59,1546.41,No
2056-YWVFM,Female,0,Yes,Yes,8,Yes,No,Fiber optic,No,No,No,No,No,No,Two year,Yes,Credit card (automatic),84.23,693.49,No
3963-MHDHU,Male,0,Yes,Yes,60,Yes,No,DSL,No,Yes,Yes,No,No,No,Month-to-month,No,Credit card (automatic),78.89,4732.9,No
1781-GWZIO,Female,0,Yes,No,48,Yes,Yes,Fiber optic,No,Yes,No,No,No,Yes,Month-to-month,No,Credit card (automatic),106.15,5062.28,No
2379-JBWCL,Female,1,No,Yes,19,Yes,Yes,DSL,No,No,Yes,No,No,No,One year,No,Mailed check,75.64,1430.42,No
2504-OINBG,Male,0,No,No,51,No,No phone service,DSL,No,No,No,No,No,No,Month-to-month,Yes,Mailed check,46.17,2375.09,No
3032-OFKBZ,Male,0,Yes,Yes,2,Yes,Yes,DSL,No,No,No,No,Yes,Yes,Month-to-month,Yes,Electronic check,84.5,185.32,No
3871-XRXBC,Female,0,No,No,10,Yes,No,Fiber optic,No,Yes,No,Yes,Yes,No,Month-to-month,Yes,Mailed check,116.61,1155.33,Yes
5719-CVXPX,Male,0,Yes,Yes,27,Yes,Yes,DSL,Yes,No,No,No,No,Yes,Month-to-month,Yes,Electronic check,83.31,2253.42,No
9098-VOIIG,Male,1,Yes,No,22,Yes,No,Fiber optic,No,Yes,Yes,No,Yes,No,One year,No,Bank transfer (automatic),112.71,2491.06,Yes
8640-IKDLK,Female,0,No,Yes,70,Yes,Yes,Fiber optic,No,Yes,No,Yes,Yes,Yes,Month-to-month,Yes,Credit card (automatic),109.52,7655.19,No
1040-YBZUU,Male,1,No,Yes,46,Yes,No,DSL,No,No,No,No,No,Yes,Month-to-month,Yes,Credit card (automatic),70.78,3267.84,No
6494-NSEAG,Male,0,Yes,No,72,Yes,No,Fiber optic,No,No,Yes,Yes,Yes,No,One year,Yes,Mailed check,110.22,7965.18,No
5955-YHLRZ,Male,0,No,Yes,7,Yes,No,Fiber optic,No,Yes,No,No,No,No,Two year,No,Mailed check,100.89,694.45,Yes
6592-HMUNK,Male,0,No,Yes,22,Yes,No,No,No internet service,No internet service,No internet service,No internet service,No internet service,No internet service,Month-to-month,Yes,Mailed check,37.05,807.39,No
3758-EEJCR,Female,0,No,Yes,10,Yes,Yes,Fiber optic,No,No,Yes,Yes,No,No,Month-to-month,No,Credit card (automatic),107.24,1086.3,No
9483-ZIZJB,Female,0,No,No,36,Yes,No,DSL,No,No,Yes,Yes,Yes,Yes,Two year,No,Electronic check,90.79,3284.26,Yes
6042-YBTEQ,Male,0,Yes,No,7,Yes,Yes,No,No internet service,No internet service,No internet service,No internet service,No internet service,No internet service,Two year,Yes,Electronic check,39.43,289.96,No
2326-DCTRA,Male,1,Yes,No,32,Yes,Yes,Fiber optic,Yes,Yes,Yes,No,No,No,One year,No,Electronic check,114.71,3686.15,No
5997-YMQUT,Female,0,No,No,14,Yes,Yes,DSL,No,No,No,Yes,No,Yes,Month-to-month,Yes,Bank transfer (automatic),73.13,1019.5,No
6651-LDJQD,Male,0,No,No,51,Yes,No,DSL,No,No,Yes,No,Yes,No,Month-to-month,Yes,Mailed check,80.51,4113.75,No
8623-ZCCQN,Male,0,Yes,Yes,27,No,No phone service,Fiber optic,Yes,No,No,No,No,No,One year,Yes,Credit card (automatic),71.75,1897.31,No
1348-OPQBK,Male,1,Yes,No,6,Yes,Yes,DSL,No,Yes,No,No,No,No,Two year,No,Credit card (automatic),73.23,442.37,No
4407-QFVBV,Male,0,Yes,No,57,Yes,No,No,No internet service,No internet service,No internet service,No internet service,No internet service,No internet service,Two year,Yes,Credit card (automatic),39.45,2277.19,No
8038-TIZCY,Female,0,No,No,58,Yes,No,DSL,Yes,No,No,No,Yes,Yes,Month-to-month,Yes,Mailed check,99.85,5783.52,No
2995-KVRVY,Male,0,Yes,Yes,49,No,No phone service,Fiber optic,No,No,No,No,Yes,Yes,Month-to-month,Yes,Credit card (automatic),84.14,4131.1,No
8355-ACWWG,Male,0,Yes,No,19,Yes,Yes,Fiber optic,Yes,Yes,No,No,No,No,Two year,Yes,Mailed check,103.11,1947.98,No
5012-YCGWK,Female,0,Yes,No,42,Yes,Yes,No,No internet service,No internet service,No internet service,No internet service,No internet service,No internet service,Two year,Yes,Mailed check,33.64,1435.9,No
6050-KDDMR,Male,0,No,No,61,Yes,No,DSL,Yes,Yes,Yes,Yes,No,No,One year,Yes,Mailed check,92.5,5678.36,No
1583-OYSQM,Female,0,No,Yes,25,Yes,Yes,Fiber optic,Yes,No,Yes,No,No,Yes,Month-to-month,Yes,Bank transfer (automatic),113.94,2843.35,Yes
9047-IVSFG,Male,0,Yes,No,26,Yes,No,Fiber optic,Yes,No,Yes,No,Yes,No,One year,Yes,Electronic check,106.61,2757.51,No
4893-NLYDO,Male,0,Yes,No,30,Yes,No,Fiber optic,No,Yes,No,No,No,No,Month-to-month,No,Mailed check,90.8,2718.1,Yes
8058-CKPKP,Male,0,Yes,No,50,No,No phone service,DSL,Yes,No,Yes,No,Yes,Yes,Month-to-month,No,Credit card (automatic),73.3,3675.65,Yes
3567-SSALO,Female,0,No,No,33,Yes,Yes,DSL,Yes,No,Yes,No,Yes,No,Month-to-month,Yes,Electronic check,78.88,2581.58,No
8072-KMDGD,Female,0,No,No,44,Yes,Yes,No,No internet service,No internet service,No internet service,No internet service,No internet service,No internet service,Month-to-month,No,Electronic check,45.24,1972.77,No
6563-QMYYG,Male,0,No,No,24,Yes,No,Fiber optic,No,Yes,Yes,No,No,No,Month-to-month,Yes,Credit card (automatic),108.31,2573.3,Yes
8293-CWHDX,Male,0,No,Yes,23,Yes,No,DSL,Yes,No,No,No,No,No,Month-to-month,Yes,Credit card (automatic),65.95,1510.23,No
3708-XGRLL,Male,1,Yes,No,46,Yes,No,Fiber optic,No,Yes,No,Yes,No,No,Month-to-month,No,Electronic check,101.8,4707.31,No
1017-HIICL,Female,0,Yes,No,17,Yes,Yes,DSL,No,No,No,Yes,No,Yes,Month-to-month,No,Mailed check,75.18,1296.7,No
4462-NDJDS,Male,0,Yes,Yes,11,Yes,Yes,DSL,Yes,Yes,No,No,Yes,No,Month-to-month,Yes,Electronic check,92.14,1012.34,Yes
2710-OXRCG,Female,0,Yes,No,16,Yes,No,Fiber optic,No,Yes,No,No,No,Yes,Two year,Yes,Electronic check,100.01,1602.25,No
3118-NNJOW,Female,0,Yes,No,23,Yes,No,DSL,No,Yes,No,No,No,No,One year,Yes,Electronic check,63.38,1468.59,No
4842-QGPXB,Female,0,No,No,28,Yes,No,Fiber optic,No,No,No,Yes,No,No,Month-to-month,Yes,Electronic check,91.99,2563.65,Yes
1860-VUODT,Male,0,Yes,No,19,Yes,No,DSL,Yes,Yes,No,Yes,No,No,One year,No,Bank transfer (automatic),86.31,1630.35,Yes
1232-DDMEA,Male,0,No,No,21,No,No phone service,Fiber optic,No,No,No,Yes,Yes,Yes,Month-to-month,No,Electronic check,94.34,1934.06,No
4276-IXSKP,Male,0,Yes,Yes,37,Yes,No,Fiber optic,No,No,No,Yes,No,No,Month-to-month,Yes,Electronic check,92.63,3416.0,Yes
6351-TADPW,Female,0,Yes,No,14,Yes,Yes,DSL,No,No,No,No,Yes,Yes,Month-to-month,No,Electronic check,76.24,1089.51,No
3481-BMAAJ,Female,1,No,No,49,Yes,Yes,Fiber optic,No,No,No,No,No,No,Two year,Yes,Electronic check,89.89,4391.18,No
6118-AOBTV,Female,0,Yes,No,13,Yes,No,Fiber optic,No,Yes,No,No,Yes,Yes,Month-to-month,Yes,Bank transfer (automatic),109.09,1416.13,Yes
5522-DZACU,Male,0,Yes,Yes,28,Yes,No,Fiber optic,Yes,No,No,No,Yes,Yes,Two year,No,Bank transfer (automatic),111.42,3133.62,No
1416-KPIHB,Male,0,Yes,Yes,26,Yes,No,No,No internet service,No internet service,No internet service,No internet service,No internet service,No internet service,One year,Yes,Credit card (automatic),37.43,979.41,No
4305-TFCUI,Female,0,No,No,70,Yes,Yes,DSL,No,Yes,No,No,Yes,Yes,Month-to-month,No,Electronic check,91.99,6444.49,No
9578-IKKCM,Female,0,Yes,No,24,Yes,No,Fiber optic,No,No,Yes,No,Yes,No,Two year,Yes,Electronic check,105.13,2479.54,No
9884-ZSGMW,Female,0,No,No,54,Yes,No,Fiber optic,No,Yes,No,Yes,No,No,Month-to-month,Yes,Bank transfer (automatic),101.91,5548.22,No
9744-JIEXH,Female,0,No,No,46,Yes,No,Fiber optic,No,No,No,Yes,No,Yes,One year,Yes,Electronic check,100.81,4669.7,No
6397-UMJUZ,Male,0,No,No,18,Yes,Yes,Fiber optic,Yes,No,Yes,No,No,Yes,Two year,Yes,Mailed check,107.57,1923.5,No
9481-VQVUX,Male,0,Yes,No,66,Yes,No,Fiber optic,Yes,Yes,Yes,No,Yes,Yes,Month-to-month,Yes,Bank transfer (automatic),120.0,7903.6,No
5339-SBEOQ,Male,1,No,No,19,Yes,Yes,DSL,Yes,No,No,No,Yes,No,Month-to-month,No,Mailed check,80.76,1527.32,Yes
3576-CDRUY,Female,0,Yes,No,22,Yes,No,Fiber optic,No,No,No,Yes,No,No,Two year,No,Mailed check,91.36,2014.62,No
3259-OKLVH,Female,0,No,Yes,39,Yes,Yes,DSL,No,Yes,Yes,No,No,Yes,Month-to-month,No,Mailed check,86.78,3419.68,No
5796-XYMVW,Male,0,No,No,20,Yes,No,DSL,No,No,No,No,No,No,Two year,Yes,Mailed check,65.26,1312.89,No
1111-MYLIU,Female,1,Yes,No,7,Yes,No,No,No internet service,No internet service,No internet service,No internet service,No internet service,No internet service,Month-to-month,Yes,Electronic check,34.43,250.65,Yes
7119-CGYFY,Female,0,Yes,Yes,22,Yes,No,No,No internet service,No internet service,No internet service,No internet service,No internet service,No internet service,Month-to-month,No,Electronic check,37.39,834.19,Yes
3239-GLOUN,Female,0,No,No,22,No,No phone service,No,No internet service,No internet service,No internet service,No internet service,No internet service,No internet service,Month-to-month,Yes,Bank transfer (automatic),18.25,393.99,No
8887-WCHCT,Female,0,No,Yes,12,Yes,No,Fiber optic,Yes,Yes,No,Yes,Yes,No,Month-to-month,Yes,Electronic check,118.65,1451.89,Yes
9425-GSCOO,Male,0,No,No,28,Yes,No,DSL,Yes,Yes,Yes,Yes,No,No,Two year,No,Electronic check,90.58,2556.1,No
5402-VWQUA,Male,0,No,Yes,28,Yes,Yes,Fiber optic,No,No,No,No,No,Yes,Month-to-month,Yes,Mailed check,104.87,2965.94,No
7299-BXNXA,Female,1,No,No,37,Yes,Yes,No,No internet service,No internet service,No internet service,No internet service,No internet service,No internet service,One year,No,Mailed check,33.75,1245.41,No
9972-STKCV,Female,0,No,No,10,Yes,No,No,No internet service,No internet service,No internet service,No internet service,No internet service,No internet service,Month-to-month,No,Electronic check,44.84,445.37,Yes
4586-FONNG,Male,0,No,Yes,11,Yes,No,No,No internet service,No internet service,No internet service,No internet service,No internet service,No internet service,Month-to-month,No,Credit card (automatic),43.48,452.75,No
1649-MQKVB,Male,0,Yes,No,50,Yes,Yes,Fiber optic,No,No,No,Yes,No,No,Month-to-month,Yes,Electronic check,98.96,4974.64,Yes
7093-VEUAR,Female,0,No,No,12,Yes,Yes,Fiber optic,No,No,No,No,No,Yes,One year,Yes,Credit card (automatic),95.65,1161.02,Yes
2514-ZMRBM,Female,1,No,No,34,Yes,Yes,Fiber optic,No,Yes,No,Yes,No,Yes,One year,Yes,Credit card (automatic),114.46,3907.82,No
3135-KARMP,Male,0,Yes,No,24,Yes,Yes,Fiber optic,No,Yes,Yes,Yes,No,Yes,Month-to-month,No,Electronic check,112.91,2702.48,Yes
5107-XVMDB,Female,0,Yes,No,15,Yes,Yes,Fiber optic,No,No,No,No,No,No,Two year,Yes,Electronic check,85.79,1280.07,No
6431-WYAPV,Male,0,Yes,No,69,Yes,Yes,Fiber optic,No,No,No,No,No,No,Month-to-month,Yes,Electronic check,87.17,6000.67,No
4622-RMZYL,Male,0,Yes,No,28,Yes,No,Fiber optic,No,Yes,No,No,No,No,Two year,No,Credit card (automatic),97.31,2740.95,No
5594-ZCGNI,Female,0,No,No,17,Yes,No,No,No internet service,No internet service,No internet service,No internet service,No internet service,No internet service,Month-to-month,Yes,Credit card (automatic),34.02,571.56,No
3149-STIBM,Male,0,Yes,No,6,Yes,No,DSL,No,No,No,No,Yes,No,One year,Yes,Bank transfer (automatic),72.37,422.27,Yes
6465-TTZEO,Female,0,No,No,43,Yes,No,DSL,No,No,No,No,Yes,No,Month-to-month,No,Credit card (automatic),71.99,3088.14,Yes
7417-NTQGY,Male,0,Yes,No,12,Yes,No,DSL,No,No,Yes,Yes,No,Yes,Month-to-month,Yes,Bank transfer (automatic),84.46,1032.14,Yes
6599-KFAJK,Female,0,No,No,65,Yes,No,Fiber optic,No,Yes,No,Yes,Yes,No,Two year,Yes,Mailed check,112.02,7259.34,No
7458-MFRUC,Male,0,No,No,26,Yes,Yes,No,No internet service,No internet service,No internet service,No internet service,No internet service,No internet service,One year,Yes,Credit card (automatic),37.45,969.38,No
4688-NFFAJ,Female,0,No,Yes,72,Yes,Yes,Fiber optic,No,Yes,No,Yes,No,No,Month-to-month,Yes,Mailed check,110.55,7944.46,No
4893-WPVKA,Male,0,No,No,22,Yes,No,Fiber optic,No,No,No,Yes,No,No,One year,Yes,Mailed check,98.19,2164.37,Yes
6199-MAJCE,Female,0,Yes,No,12,Yes,No,Fiber optic,No,Yes,No,Yes,No,No,Month-to-month,Yes,Bank transfer (automatic),106.37,1243.18,No
1574-FSGIT,Male,1,No,No,29,Yes,Yes,DSL,No,No,Yes,No,Yes,No,Month-to-month,Yes,Bank transfer (automatic),81.81,2372.76,No
1397-FOFAK,Male,0,No,No,16,Yes,Yes,Fiber optic,No,Yes,No,No,No,No,One year,Yes,Mailed check,104.42,1654.42,No
1187-RSNAS,Male,1,Yes,No,3,Yes,No,Fiber optic,No,No,No,Yes,Yes,Yes,Two year,Yes,Mailed check,111.02,346.71,No
8257-FXFAV,Female,0,No,No,51,Yes,Yes,No,No internet service,No internet service,No internet service,No internet service,No internet service,No internet service,Month-to-month,Yes,Electronic check,38.28,1956.23,No
6742-WXLXK,Male,0,Yes,No,35,Yes,Yes,Fiber optic,No,No,No,No,No,No,One year,Yes,Electronic check,92.32,3205.62,No
9301-WEPEJ,Female,0,No,No,14,Yes,No,No,No internet service,No internet service,No internet service,No internet service,No internet service,No internet service,Two year,Yes,Mailed check,45.94,651.65,Yes
4937-EUIFZ,Female,0,Yes,No,10,Yes,No,Fiber optic,No,Yes,No,No,No,No,One year,Yes,Mailed check,96.92,942.1,Yes
9257-PGPCK,Female,0,No,Yes,11,Yes,No,DSL,No,Yes,No,No,No,No,Month-to-month,No,Electronic check,70.32,778.72,No
5138-JNXFR,Female,0,Yes,No,28,No,No phone service,Fiber optic,Yes,No,Yes,Yes,Yes,No,Month-to-month,Yes,Electronic check,100.36,2793.8,Yes
5219-NFPUQ,Male,0,Yes,No,72,Yes,Yes,No,No internet service,No internet service,No internet service,No internet service,No internet service,No internet service,Month-to-month,Yes,Electronic check,45.27,3263.55,No
8365-AUXOM,Female,0,Yes,No,23,Yes,Yes,No,No internet service,No internet service,No internet service,No internet service,No internet service,No internet service,Month-to-month,No,Credit card (automatic),44.11,1007.28,No
4432-GOYZY,Female,0,No,No,6,Yes,No,No,No internet service,No internet service,No internet service,No internet service,No internet service,No internet service,One year,No,Bank transfer (automatic),40.25,216.84,No
1030-HJZCE,Male,0,Yes,Yes,12,Yes,No,Fiber optic,No,No,Yes,No,No,No,Month-to-month,No,Electronic check,91.02,1119.92,Yes
4399-NBQSJ,Male,0,No,No,30,No,No phone service,No,No internet service,No internet service,No internet service,No internet service,No internet service,No internet service,Month-to-month,No,Bank transfer (automatic),23.76,721.75,Yes
5001-ZIJPT,Female,0,No,No,14,Yes,No,Fiber optic,No,Yes,No,No,No,No,One year,Yes,Mailed check,88.61,1238.75,No
5485-SEPLE,Male,1,No,No,8,Yes,Yes,Fiber optic,No,Yes,No,Yes,Yes,No,Month-to-month,No,Mailed check,115.78,917.86,Yes
1725-BYUPJ,Female,1,Yes,No,24,Yes,Yes,Fiber optic,Yes,Yes,Yes,No,Yes,No,One year,No,Credit card (automatic),118.24,2838.26,No
2482-MXHIC,Male,0,No,No,12,Yes,No,Fiber optic,No,No,No,No,Yes,Yes,One year,No,Mailed check,103.94,1242.51,No
4972-AIREZ,Male,0,No,No,32,Yes,Yes,Fiber optic,No,No,No,Yes,No,Yes,One year,Yes,Electronic check,88.9,2866.47,No
4598-ENJIH,Female,0,Yes,No,32,Yes,Yes,Fiber optic,No,No,No,No,Yes,No,Month-to-month,Yes,Bank transfer (automatic),91.51,2995.56,Yes
8064-SOQVH,Male,0,Yes,No,40,Yes,Yes,No,No internet service,No internet service,No internet service,No internet service,No internet service,No internet service,Month-to-month,Yes,Electronic check,40.31,1617.16,No
7930-FHNWE,Female,1,No,Yes,45,Yes,No,No,No internet service,No internet service,No internet service,No internet service,No internet service,No internet service,Month-to-month,Yes,Credit card (automatic),41.34,1851.95,No
5374-LOMCI,Female,0,Yes,Yes,14,Yes,Yes,No,No internet service,No internet service,No internet service,No internet service,No internet service,No internet service,Two year,No,Credit card (automatic),35.3,491.64,No
9265-HRPXL,Male,0,Yes,No,51,Yes,Yes,DSL,No,No,Yes,No,Yes,Yes,One year,No,Mailed check,88.84,4553.68,No
9182-PCCAX,Male,0,Yes,No,20,Yes,No,DSL,No,No,No,No,No,Yes,One year,Yes,Bank transfer (automatic),66.98,1339.41,No
7212-AFPMQ,Female,0,No,No,4,Yes,No,No,No internet service,No internet service,No internet service,No internet service,No internet service,No internet service,Month-to-month,Yes,Credit card (automatic),42.59,162.21,Yes
6939-XAPXA,Female,1,No,No,47,Yes,Yes,No,No internet service,No internet service,No internet service,No internet service,No internet service,No internet service,Two year,Yes,Credit card (automatic),35.35,1661.22,No
4228-DGSQQ,Male,0,No,Yes,68,Yes,No,DSL,No,Yes,No,No,No,No,Month-to-month,Yes,Electronic check,77.75,5308.15,Yes
5658-PEQCP,Female,0,No,No,23,Yes,No,Fiber optic,No,Yes,Yes,No,Yes,No,Month-to-month,No,Electronic check,107.25,2439.68,Yes
4818-TOAGF,Male,0,Yes,No,53,Yes,Yes,DSL,No,No,No,No,Yes,Yes,Month-to-month,Yes,Mailed check,79.24,4209.43,No
8424-IRPLP,Male,1,Yes,Yes,24,Yes,No,No,No internet service,No internet service,No internet service,No internet service,No internet service,No internet service,Two year,Yes,Mailed check,43.13,1052.07,No
6685-NQEYH,Female,0,Yes,No,17,Yes,Yes,Fiber optic,No,Yes,No,No,No,No,One year,Yes,Mailed check,101.29,1717.44,No
9767-FKVJT,Male,0,Yes,No,24,Yes,No,Fiber optic,No,Yes,Yes,No,No,Yes,Two year,Yes,Electronic check,109.58,2624.31,No
9949-INABX,Female,1,Yes,No,26,Yes,Yes,DSL,Yes,No,Yes,No,No,No,One year,No,Mailed check,78.17,2013.1,No
6049-TFIQG,Female,0,No,No,30,Yes,Yes,DSL,No,Yes,Yes,Yes,No,No,Two year,Yes,Electronic check,91.27,2726.51,No
5273-URYCE,Female,1,Yes,No,21,Yes,No,No,No internet service,No internet service,No internet service,No internet service,No internet service,No internet service,One year,No,Mailed check,37.0,792.65,No
7834-XFCON,Female,0,Yes,Yes,45,Yes,No,Fiber optic,No,No,No,No,Yes,No,One year,No,Electronic check,99.3,4456.44,No
5790-MSJMM,Male,0,Yes,No,38,Yes,Yes,DSL,Yes,Yes,No,No,No,No,Month-to-month,Yes,Mailed check,80.79,3050.85,Yes
3246-DVLMI,Male,0,Yes,Yes,11,Yes,No,DSL,No,No,Yes,No,Yes,No,One year,Yes,Bank transfer (automatic),82.68,913.71,No
5252-DEGWV,Female,0,Yes,No,18,Yes,Yes,Fiber optic,No,No,No,No,No,No,One year,Yes,Mailed check,95.48,1705.69,No
1916-ZBYUL,Female,0,Yes,No,43,Yes,Yes,No,No internet service,No internet service,No internet service,No internet service,No internet service,No internet service,Month-to-month,Yes,Electronic check,43.62,1875.96,Yes
8899-JXWDL,Male,0,Yes,No,24,Yes,Yes,Fiber optic,Yes,No,No,Yes,Yes,No,Month-to-month,Yes,Mailed check,103.21,2466.91,Yes
2941-KHNRM,Female,0,No,No,14,No,No phone service,Fiber optic,No,No,No,No,Yes,Yes,Month-to-month,Yes,Electronic check,84.65,1185.19,Yes
5194-YAAPT,Male,0,No,No,23,Yes,No,No,No internet service,No internet service,No internet service,No internet service,No internet service,No internet service,Month-to-month,Yes,Electronic check,39.88,926.32,No
9696-VZIRA,Female,0,No,No,7,Yes,Yes,Fiber optic,Yes,Yes,Yes,Yes,No,Yes,One year,Yes,Bank transfer (automatic),120.0,840.73,No
6213-KUGWQ,Male,0,No,No,62,Yes,No,No,No internet service,No internet service,No internet service,No internet service,No internet service,No internet service,Month-to-month,No,Bank transfer (automatic),34.62,2177.89,No
9167-NITMN,Female,0,No,Yes,27,Yes,No,Fiber optic,Yes,No,No,No,Yes,Yes,Two year,No,Electronic check,111.59,3039.96,No
4752-GTETY,Male,1,No,Yes,16,Yes,Yes,DSL,Yes,No,No,No,No,No,Month-to-month,Yes,Credit card (automatic),68.3,1069.8,No
4634-GCXIC,Male,1,No,No,7,Yes,No,No,No internet service,No internet service,No internet service,No internet service,No internet service,No internet service,One year,Yes,Bank transfer (automatic),39.47,267.23,Yes
4772-BYDBY,Female,0,No,No,72,Yes,Yes,No,No internet service,No internet service,No internet service,No internet service,No internet service,No internet service,One year,No,Credit card (automatic),39.26,2810.05,No
6849-TJTJP,Male,0,Yes,Yes,6,Yes,No,DSL,No,No,Yes,No,Yes,No,One year,Yes,Mailed check,80.75,524.29,No
2103-BFKBD,Male,0,Yes,No,36,Yes,Yes,Fiber optic,Yes,No,No,Yes,No,Yes,Month-to-month,Yes,Mailed check,111.34,4003.65,Yes
5000-CIXIY,Female,0,Yes,Yes,21,Yes,No,Fiber optic,Yes,Yes,Yes,No,No,No,Month-to-month,Yes,Bank transfer (automatic),115.67,2419.33,Yes
4074-NZPIV,Male,0,Yes,No,23,Yes,Yes,No,No internet service,No internet service,No internet service,No internet service,No internet service,No internet service,Month-to-month,Yes,Bank transfer (automatic),41.76,988.2,No
3080-NKVRP,Male,0,No,No,25,Yes,Yes,Fiber optic,Yes,No,No,Yes,No,No,One year,Yes,Bank transfer (automatic),106.41,2652.62,No
1407-SQQZY,Male,0,Yes,Yes,17,No,No phone service,No,No internet service,No internet service,No internet service,No internet service,No internet service,No internet service,Month-to-month,No,Mailed check,19.77,390.12,No
9288-JYSBW,Female,0,No,Yes,27,Yes,Yes,Fiber optic,Yes,Yes,Yes,Yes,Yes,Yes,Month-to-month,No,Electronic check,120.0,3255.39,No
5746-JVDUH,Female,0,No,No,30,Yes,Yes,Fiber optic,No,Yes,No,No,Yes,No,Two year,No,Credit card (automatic),111.86,3371.91,No
2894-OARXN,Female,0,No,No,42,Yes,No,DSL,No,Yes,Yes,Yes,Yes,Yes,One year,No,Mailed check,91.9,3815.83,No
9970-UMEGS,Male,0,Yes,No,38,Yes,Yes,No,No internet service,No internet service,No internet service,No internet service,No internet service,No internet service,Month-to-month,Yes,Bank transfer (automatic),29.76,1108.2,No
2838-PTCFD,Male,0,Yes,Yes,11,Yes,No,No,No internet service,No internet service,No internet service,No internet service,No internet service,No internet service,Month-to-month,No,Mailed check,35.86,421.17,No
4852-JMHHB,Male,0,Yes,No,13,Yes,No,DSL,Yes,No,No,No,No,Yes,One year,No,Mailed check,76.2,986.49,No
2107-JSETM,Female,0,No,No,51,Yes,No,Fiber optic,No,Yes,No,No,Yes,Yes,Two year,Yes,Bank transfer (automatic),110.15,5618.85,No
2551-LBZCQ,Male,0,No,No,19,No,No phone service,DSL,No,No,Yes,Yes,No,Yes,Two year,No,Bank transfer (automatic),71.86,1371.87,No
5391-BYYZO,Male,0,No,No,34,Yes,No,Fiber optic,Yes,No,No,No,No,Yes,Month-to-month,No,Electronic check,97.89,3332.95,Yes
6109-BROQP,Female,0,No,Yes,58,Yes,No,DSL,Yes,No,No,No,Yes,No,Two year,Yes,Electronic check,87.25,5072.4,No
8877-QAHPX,Female,0,No,No,28,Yes,No,No,No internet service,No internet service,No internet service,No internet service,No internet service,No internet service,Month-to-month,Yes,Electronic check,36.87,1047.42,No
1012-MNFJZ,Female,0,No,No,11,Yes,Yes,Fiber optic,No,No,No,No,No,No,Month-to-month,No,Bank transfer (automatic),93.35,1024.13,Yes
1639-NDULZ,Male,0,Yes,No,11,No,No phone service,Fiber optic,No,No,Yes,Yes,Yes,No,Month-to-month,Yes,Mailed check,90.91,984.72,No
4792-WXCOL,Female,0,Yes,No,21,Yes,Yes,DSL,No,No,No,No,Yes,No,Month-to-month,Yes,Electronic check,69.91,1479.51,Yes
1358-RJURS,Female,0,Yes,Yes,21,Yes,Yes,DSL,No,Yes,No,Yes,No,No,Month-to-month,Yes,Electronic check,74.02,1549.64,Yes
3532-DDYME,Male,0,No,Yes,9,Yes,No,Fiber optic,No,Yes,Yes,No,No,Yes,Month-to-month,Yes,Bank transfer (automatic),117.55,1056.58,Yes
2779-CVEAY,Female,1,No,Yes,13,Yes,No,DSL,Yes,No,Yes,No,Yes,No,Month-to-month,Yes,Electronic check,82.09,1077.47,No
9783-STZIL,Female,0,No,No,39,Yes,Yes,DSL,Yes,No,No,No,No,Yes,Month-to-month,Yes,Mailed check,79.91,3136.84,No
8411-MTVWJ,Male,0,No,Yes,51,No,No phone service,No,No internet service,No internet service,No internet service,No internet service,No internet service,No internet service,Two year,Yes,Mailed check,18.28,947.35,No
1397-JEDFF,Female,1,No,Yes,19,Yes,No,Fiber optic,No,Yes,No,No,Yes,Yes,One year,Yes,Mailed check,115.12,2219.33,Yes
2881-FZJKN,Female,0,Yes,Yes,1,Yes,No,Fiber optic,Yes,No,No,No,Yes,Yes,One year,No,Electronic check,119.65,119.56,Yes
7459-QSNDK,Female,0,Yes,Yes,37,Yes,Yes,No,No internet service,No internet service,No internet service,No internet service,No internet service,No internet service,Two year,Yes,Bank transfer (automatic),42.45,1556.74,No
8808-EJEBO,Female,0,No,No,5,Yes,No,Fiber optic,No,Yes,Yes,No,Yes,No,One year,No,Electronic check,112.54,572.92,Yes
5386-GKMOK,Female,0,No,No,7,Yes,Yes,Fiber optic,Yes,Yes,Yes,No,Yes,Yes,Month-to-month,Yes,Bank transfer (automatic),120.0,835.8,Yes
1630-YZGFK,Female,0,No,No,23,Yes,No,Fiber optic,Yes,Yes,No,No,Yes,Yes,Two year,Yes,Mailed check,120.0,2747.39,No
9124-NBMQS,Male,1,Yes,No,60,Yes,Yes,DSL,No,Yes,No,No,Yes,Yes,Month-to-month,No,Mailed check,72.99,4391.64,No
4814-FEJDQ,Female,1,No,No,43,Yes,Yes,DSL,No,No,No,No,No,Yes,Month-to-month,No,Mailed check,71.08,3026.5,Yes
5588-TXJRA,Female,0,No,No,40,Yes,No,DSL,No,Yes,Yes,Yes,Yes,Yes,Two year,No,Credit card (automatic),105.36,4214.73,No
4042-TMRRS,Female,0,No,Yes,23,Yes,Yes,DSL,Yes,No,No,No,Yes,No,Month-to-month,No,Mailed check,79.33,1813.5,No
4783-DZZZX,Male,0,Yes,Yes,9,Yes,No,No,No internet service,No internet service,No internet service,No internet service,No internet service,No internet service,Month-to-month,Yes,Electronic check,40.23,344.66,No
9948-YRXYX,Male,0,No,No,54,Yes,Yes,No,No internet service,No internet service,No internet service,No internet service,No internet service,No internet service,Two year,Yes,Mailed check,40.9,2212.69,No
9517-IBXWJ,Female,0,No,No,9,Yes,Yes,DSL,No,No,No,Yes,No,Yes,Month-to-month,No,Mailed check,83.12,738.79,No
8079-SDLTI,Female,0,No,No,33,Yes,Yes,No,No internet service,No internet service,No internet service,No internet service,No internet service,No internet service,Month-to-month,Yes,Electronic check,36.44,1193.34,No
8581-GAIPQ,Female,0,No,Yes,29,Yes,Yes,No,No internet service,No internet service,No internet service,No internet service,No internet service,No internet service,Two year,Yes,Credit card (automatic),31.98,909.45,No
4811-LOVPC,Male,0,No,Yes,8,Yes,No,DSL,No,Yes,No,Yes,No,No,Two year,Yes,Electronic check,75.7,590.64,No
6736-GHVDX,Male,0,No,Yes,5,Yes,No,Fiber optic,No,No,Yes,Yes,No,Yes,Two year,No,Credit card (automatic),119.97,596.89,No
3653-PMMHG,Female,0,No,No,40,No,No phone service,Fiber optic,No,No,No,No,Yes,No,Month-to-month,Yes,Mailed check,74.55,2995.58,Yes
6204-ZJRQC,Male,0,Yes,No,26,Yes,No,DSL,Yes,No,Yes,No,No,No,Two year,Yes,Mailed check,79.58,2084.0,No
2497-SKHRB,Female,1,Yes,Yes,54,Yes,Yes,Fiber optic,Yes,No,Yes,No,No,Yes,One year,Yes,Bank transfer (automatic),114.71,6158.7,No
5058-HIHNW,Male,0,Yes,Yes,32,Yes,No,DSL,No,No,No,No,No,No,One year,Yes,Electronic check,67.4,2133.24,No
1117-PCKRQ,Male,0,No,Yes,29,No,No phone service,Fiber optic,Yes,No,No,No,No,No,Month-to-month,Yes,Mailed check,71.83,2086.46,No
3233-VLMKJ,Female,0,Yes,Yes,3,Yes,No,DSL,No,Yes,No,Yes,Yes,Yes,One year,Yes,Electronic check,85.63,251.65,Yes
8803-VBULQ,Male,0,Yes,No,29,Yes,No,Fiber optic,Yes,No,Yes,No,No,Yes,Month-to-month,No,Electronic check,111.15,3244.91,No
2459-KWPZE,Female,1,No,No,24,Yes,Yes,Fiber optic,Yes,No,No,No,No,Yes,Two year,Yes,Bank transfer (automatic),104.74,2527.14,No
7313-QQBTW,Female,1,No,No,33,Yes,No,Fiber optic,Yes,Yes,No,No,Yes,No,One year,No,Electronic check,107.64,3528.77,No
4957-PULQY,Female,0,Yes,No,24,Yes,No,DSL,No,Yes,Yes,Yes,No,No,One year,Yes,Bank transfer (automatic),90.74,2114.49,No
9866-YEFFX,Male,0,Yes,No,24,Yes,No,DSL,No,No,Yes,No,Yes,Yes,Month-to-month,Yes,Mailed check,84.12,2021.46,Yes
3627-JWHIG,Male,0,No,No,22,Yes,No,Fiber optic,No,No,No,No,Yes,No,Month-to-month,No,Credit card (automatic),94.32,2072.51,No
1677-BOXON,Female,0,Yes,No,15,Yes,No,DSL,Yes,No,No,Yes,No,No,Month-to-month,Yes,Credit card (automatic),80.83,1205.6,No
6566-YBCJN,Male,0,Yes,No,39,Yes,No,DSL,Yes,No,Yes,No,No,No,Two year,Yes,Electronic check,83.94,3253.35,No
1881-KTFFJ,Male,0,Yes,No,72,Yes,No,Fiber optic,Yes,Yes,Yes,No,No,No,One year,Yes,Credit card (automatic),111.11,8005.29,No
6515-MFXCM,Male,0,Yes,Yes,8,Yes,No,No,No internet service,No internet service,No internet service,No internet service,No internet service,No internet service,Month-to-month,Yes,Electronic check,39.45,326.7,No
3413-IATOB,Female,0,No,Yes,12,Yes,Yes,Fiber optic,Yes,No,No,No,Yes,No,Month-to-month,Yes,Mailed check,103.15,1242.42,Yes
9580-HKKOP,Male,0,Yes,No,39,Yes,No,Fiber optic,No,Yes,No,No,Yes,No,Month-to-month,No,Credit card (automatic),99.85,3883.1,No
2013-HJZNC,Male,0,No,No,20,Yes,No,No,No internet service,No internet service,No internet service,No internet service,No internet service,No internet service,Month-to-month,Yes,Electronic check,35.7,709.25,Yes
7423-TTTHV,Female,0,Yes,Yes,17,Yes,Yes,Fiber optic,No,Yes,No,No,Yes,Yes,Month-to-month,Yes,Bank transfer (automatic),115.52,1940.88,Yes
1559-UZFFY,Male,0,Yes,No,5,Yes,No,Fiber optic,Yes,No,Yes,No,No,No,Month-to-month,Yes,Electronic check,94.46,449.89,Yes
9524-XQJYY,Female,0,Yes,No,12,No,No phone service,No,No internet service,No internet service,No internet service,No internet service,No internet service,No internet service,Month-to-month,Yes,Credit card (automatic),20.67,270.79,No
7456-GROMK,Female,0,No,No,10,Yes,No,DSL,No,No,No,Yes,Yes,Yes,One year,Yes,Mailed check,84.05,846.47,No
4652-UDODD,Female,0,Yes,No,5,Yes,Yes,DSL,Yes,Yes,No,Yes,No,No,Month-to-month,Yes,Electronic check,85.2,426.6,No
9657-KHZKH,Female,0,Yes,Yes,49,Yes,No,DSL,No,No,No,Yes,No,No,Month-to-month,Yes,Electronic check,79.3,3878.66,No
6406-RFOPA,Male,0,Yes,No,28,Yes,No,Fiber optic,No,Yes,No,Yes,Yes,No,One year,Yes,Bank transfer (automatic),101.6,2859.19,No
4859-CPEEO,Male,1,No,Yes,72,Yes,Yes,Fiber optic,Yes,No,No,No,No,Yes,Month-to-month,Yes,Bank transfer (automatic),95.91,6941.41,No
7996-LRXLC,Male,0,Yes,No,30,Yes,No,DSL,No,No,Yes,Yes,Yes,No,Month-to-month,No,Bank transfer (automatic),86.54,2586.88,No
2425-IXTTY,Male,0,No,No,9,No,No phone service,Fiber optic,Yes,Yes,Yes,Yes,Yes,Yes,Month-to-month,Yes,Mailed check,115.63,1048.32,No
9670-QILXF,Female,0,No,Yes,32,Yes,No,Fiber optic,No,Yes,No,Yes,Yes,Yes,Month-to-month,No,Mailed check,120.0,3815.02,Yes
4709-ATHJD,Female,0,No,No,37,Yes,No,No,No internet service,No internet service,No internet service,No internet service,No internet service,No internet service,Two year,Yes,Bank transfer (automatic),33.94,1265.82,No
4375-IBOJW,Female,0,No,No,16,Yes,No,Fiber optic,No,Yes,No,No,Yes,Yes,Month-to-month,Yes,Electronic check,109.0,1755.93,Yes
1322-XNNJO,Female,0,Yes,No,36,Yes,No,Fiber optic,No,No,No,Yes,No,No,Two year,Yes,Electronic check,95.13,3412.53,No
9270-JNPQR,Female,0,No,No,36,Yes,No,Fiber optic,Yes,Yes,No,Yes,Yes,Yes,Month-to-month,Yes,Electronic check,114.56,4125.89,Yes
7457-ZBDEN,Male,0,No,Yes,13,Yes,Yes,DSL,No,No,Yes,Yes,No,No,One year,No,Bank transfer (automatic),70.81,924.12,No
9654-WAZMH,Male,0,Yes,No,41,Yes,No,Fiber optic,Yes,Yes,No,No,No,Yes,Two year,No,Mailed check,108.59,4478.98,No
9870-LUFDN,Female,0,No,Yes,31,Yes,No,DSL,No,Yes,Yes,No,No,Yes,Month-to-month,Yes,Electronic check,85.3,2655.09,Yes
7260-XOHIH,Male,0,Yes,Yes,26,Yes,No,DSL,No,No,No,No,Yes,No,One year,Yes,Credit card (automatic),67.35,1771.36,No
2692-JKFWY,Female,0,No,No,28,Yes,No,Fiber optic,No,No,No,No,No,No,Month-to-month,No,Mailed check,90.29,2538.28,Yes
9673-CSEBF,Female,0,No,No,9,Yes,No,No,No internet service,No internet service,No internet service,No internet service,No internet service,No internet service,Month-to-month,Yes,Electronic check,42.71,377.75,No
5026-RARGQ,Female,0,No,No,64,No,No phone service,Fiber optic,No,No,No,No,No,Yes,Two year,No,Mailed check,76.0,4822.48,No
6011-OZQMU,Female,0,Yes,No,20,Yes,Yes,Fiber optic,No,No,Yes,Yes,Yes,No,Month-to-month,No,Credit card (automatic),104.38,2113.67,No
2389-QXUSI,Female,0,No,No,19,Yes,No,Fiber optic,No,Yes,No,No,No,No,Two year,No,Credit card (automatic),96.89,1840.86,Yes
2283-XDEKP,Female,0,No,No,33,Yes,Yes,Fiber optic,No,No,No,No,Yes,No,Two year,Yes,Bank transfer (automatic),96.22,3167.1,No
2872-DCNDV,Female,0,Yes,Yes,72,Yes,No,Fiber optic,No,No,No,No,No,No,One year,Yes,Bank transfer (automatic),89.3,6459.07,No
7640-OFIIA,Male,0,No,No,43,No,No phone service,No,No internet service,No internet service,No internet service,No internet service,No internet service,No internet service,One year,Yes,Mailed check,18.25,818.58,No
6632-XOCIH,Male,0,No,No,20,Yes,Yes,Fiber optic,No,No,No,No,No,No,Two year,Yes,Credit card (automatic),87.32,1755.5,Yes
5462-SAOJS,Female,0,No,No,33,Yes,No,No,No internet service,No internet service,No internet service,No internet service,No internet service,No internet service,Month-to-month,No,Credit card (automatic),36.11,1206.67,No
9329-WOEIF,Female,0,No,No,33,Yes,No,DSL,No,Yes,No,No,No,No,One year,Yes,Electronic check,67.9,2188.53,No
5285-EEJYF,Female,0,Yes,No,26,Yes,No,DSL,Yes,No,Yes,Yes,No,No,Month-to-month,Yes,Mailed check,81.18,2134.52,Yes
8988-BFKXB,Female,1,Yes,No,9,Yes,No,DSL,Yes,No,No,No,Yes,No,Month-to-month,Yes,Electronic check,84.27,732.25,Yes
8218-CBUAO,Female,0,Yes,No,43,Yes,No,Fiber optic,Yes,No,Yes,No,Yes,No,Month-to-month,Yes,Bank transfer (automatic),113.48,4871.78,No
5089-KCGBD,Female,0,Yes,No,18,Yes,No,Fiber optic,No,Yes,No,No,No,No,Month-to-month,Yes,Electronic check,93.05,1651.25,No
8406-RPMUU,Female,0,Yes,No,14,Yes,No,Fiber optic,No,Yes,No,Yes,Yes,No,Month-to-month,Yes,Mailed check,113.94,1586.52,No
8813-JJJKJ,Male,0,No,No,19,No,No phone service,No,No internet service,No internet service,No internet service,No internet service,No internet service,No internet service,One year,Yes,Credit card (automatic),18.64,372.4,No
5798-CRQCJ,Male,0,Yes,No,52,Yes,No,DSL,No,No,No,No,No,Yes,One year,No,Mailed check,68.48,3603.58,No
3465-FQSLG,Male,0,No,Yes,17,Yes,No,Fiber optic,Yes,Yes,No,No,No,No,Two year,No,Electronic check,97.02,1621.18,Yes
8428-CXDGS,Male,0,Yes,No,24,Yes,No,Fiber optic,No,Yes,Yes,No,Yes,No,Two year,Yes,Electronic check,110.64,2672.46,No
5662-HCSYD,Female,1,Yes,No,72,Yes,No,DSL,No,No,No,No,Yes,Yes,Two year,Yes,Credit card (automatic),76.19,5489.44,No
1921-AWDSY,Male,0,No,Yes,18,Yes,No,Fiber optic,Yes,No,No,Yes,No,No,Two year,No,Bank transfer (automatic),104.14,1893.66,Yes
3681-HLNPT,Male,0,No,Yes,23,Yes,No,Fiber optic,No,No,No,No,No,Yes,Two year,No,Bank transfer (automatic),99.64,2277.13,No
6140-YCRSM,Male,0,Yes,No,25,Yes,No,No,No internet service,No internet service,No internet service,No internet service,No internet service,No internet service,Month-to-month,Yes,Mailed check,43.18,1094.49,No
8475-NTTSE,Female,1,No,Yes,18,Yes,No,Fiber optic,No,No,No,No,Yes,Yes,Month-to-month,Yes,Mailed check,96.52,1724.87,Yes
5418-NAPCM,Female,1,No,No,23,Yes,No,Fiber optic,Yes,Yes,No,Yes,Yes,No,Month-to-month,No,Mailed check,119.47,2773.9,Yes
1319-JNBWU,Male,0,Yes,Yes,28,Yes,No,No,No internet service,No internet service,No internet service,No internet service,No internet service,No internet service,Month-to-month,Yes,Bank transfer (automatic),39.2,1106.4,No
1624-OOFKF,Female,1,No,Yes,17,Yes,Yes,Fiber optic,Yes,No,No,No,No,Yes,Two year,Yes,Mailed check,96.4,1680.52,No
7546-XFZJD,Female,1,No,Yes,5,No,No phone service,DSL,No,No,Yes,No,No,Yes,Month-to-month,Yes,Electronic check,56.77,264.37,Yes
4154-KILLX,Female,0,Yes,No,7,Yes,Yes,Fiber optic,No,No,Yes,Yes,No,No,Two year,No,Mailed check,94.46,674.95,No
4548-EHWSB,Female,1,No,No,25,Yes,No,DSL,No,No,No,Yes,Yes,No,Month-to-month,Yes,Bank transfer (automatic),72.18,1788.51,Yes
5862-WCSTY,Female,0,No,No,70,Yes,No,DSL,No,No,No,Yes,No,Yes,Two year,Yes,Electronic check,78.95,5539.63,No
4832-NLJDG,Male,0,Yes,No,20,Yes,No,No,No internet service,No internet service,No internet service,No internet service,No internet service,No internet service,Month-to-month,No,Mailed check,38.97,790.73,No
1274-DEEKC,Female,0,No,No,31,Yes,Yes,DSL,No,No,Yes,Yes,No,Yes,Month-to-month,Yes,Mailed check,83.99,2606.8,Yes
3927-RISGX,Male,0,Yes,Yes,54,Yes,Yes,No,No internet service,No internet service,No internet service,No internet service,No internet service,No internet service,Two year,Yes,Credit card (automatic),36.89,1994.68,No
3090-KDWZG,Male,0,Yes,Yes,36,Yes,No,Fiber optic,No,No,Yes,No,No,Yes,Month-to-month,Yes,Mailed check,105.18,3823.27,Yes
8597-TLUKS,Female,0,Yes,No,25,Yes,No,Fiber optic,No,No,No,No,No,No,One year,No,Bank transfer (automatic),88.47,2219.47,No
1713-RVMCM,Female,1,Yes,Yes,23,Yes,No,Fiber optic,No,No,No,Yes,Yes,No,Month-to-month,No,Mailed check,104.22,2407.04,Yes
6996-TCEZQ,Female,0,Yes,No,15,Yes,No,Fiber optic,No,Yes,Yes,Yes,Yes,No,Two year,No,Credit card (automatic),120.0,1797.23,No
3473-IDZBX,Male,1,Yes,No,43,No,No phone service,No,No internet service,No internet service,No internet service,No internet service,No internet service,No internet service,One year,No,Credit card (automatic),18.25,803.4,No
8296-WMONC,Male,0,No,No,52,Yes,No,Fiber optic,No,No,Yes,Yes,Yes,No,Two year,No,Electronic check,106.57,5543.64,No
3143-KPEZZ,Male,0,Yes,No,0,Yes,No,DSL,No,Yes,No,Yes,Yes,Yes,Month-to-month,No,Electronic check,97.34,97.34,No
1102-QSIVU,Female,0,Yes,No,43,Yes,Yes,No,No internet service,No internet service,No internet service,No internet service,No internet service,No internet service,One year,Yes,Bank transfer (automatic),39.49,1698.66,No
3260-OLKSK,Female,0,No,No,38,Yes,No,Fiber optic,No,No,Yes,Yes,No,No,Month-to-month,No,Bank transfer (automatic),109.84,4177.19,Yes
2583-YKZFI,Female,0,Yes,No,19,Yes,No,DSL,No,No,No,No,Yes,No,One year,Yes,Mailed check,69.76,1330.89,No
2320-BXJQD,Female,0,No,No,15,Yes,Yes,No,No internet service,No internet service,No internet service,No internet service,No internet service,No internet service,One year,No,Mailed check,41.21,589.0,No
6358-WLFPL,Male,0,No,No,34,No,No phone service,Fiber optic,No,Yes,No,No,Yes,Yes,Month-to-month,Yes,Bank transfer (automatic),90.96,3057.9,No
5605-MVLLW,Male,0,Yes,No,7,Yes,No,DSL,No,No,No,No,No,No,Two year,Yes,Bank transfer (automatic),67.93,490.86,No
9077-NMPIV,Male,0,Yes,No,20,No,No phone service,Fiber optic,No,Yes,No,No,Yes,No,Month-to-month,Yes,Mailed check,84.83,1680.35,No
6277-GBBKP,Male,1,No,No,31,Yes,No,No,No internet service,No internet service,No internet service,No internet service,No internet service,No internet service,Month-to-month,Yes,Electronic check,40.93,1264.14,Yes
3927-MEDTL,Male,0,Yes,No,59,Yes,No,No,No internet service,No internet service,No internet service,No internet service,No internet service,No internet service,One year,No,Credit card (automatic),41.53,2449.18,No
4874-HLDWH,Male,0,No,Yes,72,Yes,No,DSL,No,No,No,No,No,No,One year,No,Mailed check,71.11,5121.16,No
3041-XGJNP,Male,0,No,No,10,Yes,No,Fiber optic,Yes,No,Yes,No,No,No,One year,No,Electronic check,109.2,1066.32,No
7427-GUHAM,Female,1,No,No,33,Yes,No,DSL,Yes,Yes,No,No,Yes,No,Two year,Yes,Credit card (automatic),88.55,2896.9,No
8903-WYIYS,Male,0,Yes,No,25,Yes,No,Fiber optic,Yes,Yes,Yes,No,No,No,Month-to-month,No,Bank transfer (automatic),108.83,2715.45,Yes
6810-PDHQL,Male,0,No,Yes,39,No,No phone service,DSL,Yes,No,No,No,No,No,Two year,Yes,Mailed check,50.61,1969.22,No
2744-APHVM,Male,0,Yes,No,22,Yes,No,DSL,No,No,Yes,No,No,Yes,One year,Yes,Bank transfer (automatic),72.94,1620.09,No
5426-DDNTU,Male,0,No,No,41,Yes,No,No,No internet service,No internet service,No internet service,No internet service,No internet service,No internet service,Month-to-month,No,Electronic check,46.42,1899.89,No
6633-QYBWF,Female,0,No,No,30,Yes,Yes,Fiber optic,No,Yes,No,No,Yes,No,One year,Yes,Mailed check,98.32,2962.5,No
6943-ASIXR,Male,0,Yes,No,16,Yes,Yes,Fiber optic,No,No,No,No,No,Yes,Month-to-month,No,Electronic check,102.7,1635.12,Yes
7837-WAFUB,Male,0,Yes,No,41,Yes,No,Fiber optic,No,Yes,No,No,Yes,No,Two year,Yes,Credit card (automatic),105.53,4352.37,No
8304-JCTNI,Male,0,Yes,No,23,Yes,No,DSL,No,No,Yes,Yes,No,No,Month-to-month,No,Electronic check,69.94,1628.3,Yes
5135-LQOQV,Female,0,No,Yes,27,Yes,Yes,Fiber optic,Yes,No,Yes,No,No,No,Month-to-month,No,Electronic check,103.49,2796.8,No
4543-MYDKY,Female,1,Yes,No,12,Yes,No,Fiber optic,No,Yes,Yes,Yes,No,Yes,One year,Yes,Electronic check,120.0,1409.64,Yes
7967-QVCHZ,Male,0,No,No,21,Yes,Yes,DSL,No,No,No,No,No,Yes,Month-to-month,Yes,Mailed check,70.98,1468.43,Yes
8219-WHLNI,Male,0,No,No,58,Yes,Yes,DSL,No,Yes,No,Yes,No,Yes,Month-to-month,Yes,Electronic check,82.12,4772.17,No
2900-QMXAJ,Male,0,Yes,No,17,Yes,Yes,Fiber optic,No,No,No,No,No,No,Month-to-month,Yes,Mailed check,89.93,1539.89,Yes
6743-NIQNM,Male,0,No,No,72,Yes,No,No,No internet service,No internet service,No internet service,No internet service,No internet service,No internet service,Two year,No,Bank transfer (automatic),41.37,2946.71,No
2891-GECIZ,Female,0,Yes,Yes,27,No,No phone service,Fiber optic,No,No,No,Yes,Yes,No,Month-to-month,No,Electronic check,79.97,2168.38,No
5576-SPHPC,Female,0,Yes,No,31,Yes,No,Fiber optic,No,Yes,Yes,No,Yes,No,Month-to-month,Yes,Credit card (automatic),110.12,3424.66,No
1173-ZOSQZ,Female,0,No,No,14,No,No phone service,DSL,No,No,No,No,Yes,Yes,Month-to-month,Yes,Credit card (automatic),49.96,754.89,Yes
1442-FBFOG,Male,0,Yes,No,43,Yes,No,Fiber optic,Yes,No,No,No,No,Yes,Two year,Yes,Electronic check,103.97,4472.29,No
2027-MAJIS,Male,0,No,No,6,Yes,Yes,No,No internet service,No internet service,No internet service,No internet service,No internet service,No internet service,Two year,No,Electronic check,41.2,263.4,No
7170-ABKZK,Male,0,No,No,21,Yes,Yes,Fiber optic,No,No,No,No,Yes,Yes,Two year,Yes,Bank transfer (automatic),101.78,2107.51,No
7244-LZFYH,Male,1,Yes,No,14,Yes,Yes,Fiber optic,No,Yes,Yes,No,No,No,Month-to-month,No,Electronic check,110.02,1534.5,Yes
4618-ZBWRS,Female,0,No,No,8,No,No phone service,DSL,No,No,No,Yes,No,No,Month-to-month,No,Mailed check,53.71,416.76,No
6655-IUSXA,Male,0,Yes,No,39,Yes,Yes,No,No internet service,No internet service,No internet service,No internet service,No internet service,No internet service,Two year,Yes,Mailed check,38.64,1525.32,No
2264-WNWWH,Male,0,No,No,22,Yes,Yes,Fiber optic,Yes,Yes,No,Yes,No,No,Month-to-month,Yes,Bank transfer (automatic),110.68,2441.38,Yes
5156-EHKBP,Female,0,No,Yes,27,Yes,Yes,DSL,No,No,No,No,Yes,Yes,Month-to-month,Yes,Bank transfer (automatic),79.59,2134.66,Yes
1508-YWWDJ,Male,1,No,No,15,Yes,No,Fiber optic,Yes,No,Yes,No,No,No,Two year,No,Credit card (automatic),101.35,1503.91,No
8980-SKAGO,Male,0,No,No,45,Yes,No,Fiber optic,Yes,Yes,No,No,Yes,No,Month-to-month,Yes,Bank transfer (automatic),117.56,5303.5,No
9362-SPTCB,Male,0,Yes,No,30,Yes,No,DSL,No,Yes,No,No,Yes,Yes,Month-to-month,Yes,Electronic check,89.74,2721.77,Yes
5286-XFZJI,Male,0,No,Yes,66,Yes,No,Fiber optic,No,Yes,No,No,Yes,No,Month-to-month,No,Electronic check,103.84,6884.34,No
1147-FIKVE,Male,0,Yes,No,15,Yes,No,Fiber optic,No,Yes,No,No,Yes,No,Month-to-month,Yes,Bank transfer (automatic),101.63,1512.88,No
4606-BDNGB,Male,1,No,No,15,Yes,No,Fiber optic,No,No,No,Yes,No,No,Two year,Yes,Bank transfer (automatic),102.13,1533.22,No
4773-KAHLX,Male,0,Yes,Yes,36,Yes,No,No,No internet service,No internet service,No internet service,No internet service,No internet service,No internet service,Month-to-month,Yes,Bank transfer (automatic),43.38,1582.49,No
1253-GTXTX,Male,0,Yes,No,70,Yes,Yes,Fiber optic,Yes,Yes,Yes,No,Yes,No,Month-to-month,Yes,Mailed check,118.68,8285.86,No
5584-XHMOR,Male,0,Yes,No,17,Yes,No,No,No internet service,No internet service,No internet service,No internet service,No internet service,No internet service,Month-to-month,No,Bank transfer (automatic),43.02,752.46,Yes
9002-NTBXK,Female,0,Yes,Yes,2,Yes,Yes,Fiber optic,No,No,Yes,Yes,Yes,Yes,Month-to-month,No,Credit card (automatic),120.0,224.59,Yes
7797-CRBNB,Male,0,Yes,No,9,Yes,Yes,No,No internet service,No internet service,No internet service,No internet service,No internet service,No internet service,Two year,No,Mailed check,36.74,314.97,No
3617-IWGRG,Female,0,Yes,No,58,Yes,No,DSL,Yes,Yes,Yes,No,No,No,One year,Yes,Electronic check,79.57,4597.25,No
9560-EVSFM,Female,0,No,No,20,Yes,No,DSL,No,Yes,No,No,Yes,Yes,One year,Yes,Credit card (automatic),90.89,1821.08,No
4194-HTNLE,Male,0,No,No,72,Yes,No,Fiber optic,Yes,No,No,No,Yes,Yes,Month-to-month,Yes,Credit card (automatic),115.58,8318.13,No
2777-PXUNG,Female,0,Yes,No,10,No,No phone service,Fiber optic,No,Yes,Yes,No,No,Yes,Month-to-month,Yes,Electronic check,90.57,914.64,Yes
5936-XJVLS,Male,0,No,No,37,Yes,Yes,DSL,No,Yes,Yes,Yes,No,No,Month-to-month,No,Mailed check,73.14,2708.03,No
3435-JIGCZ,Male,0,Yes,No,37,Yes,No,Fiber optic,No,No,Yes,Yes,No,Yes,Two year,Yes,Bank transfer (automatic),110.59,4104.38,No
4479-QKOUY,Male,0,No,Yes,7,Yes,No,DSL,No,No,No,No,No,Yes,Two year,Yes,Electronic check,70.34,495.97,Yes
6712-ZUFTT,Male,0,Yes,No,7,Yes,Yes,DSL,No,No,No,Yes,Yes,No,Month-to-month,Yes,Electronic check,78.16,530.57,Yes
3462-BWFBH,Male,0,No,No,21,No,No phone service,DSL,No,No,No,No,No,No,Two year,Yes,Electronic check,41.24,819.58,No
6087-MWRWZ,Male,1,Yes,No,39,Yes,No,No,No internet service,No internet service,No internet service,No internet service,No internet service,No internet service,Two year,No,Mailed check,35.12,1357.81,No
8008-OTQQP,Female,0,Yes,No,33,Yes,No,DSL,No,No,Yes,No,Yes,No,Two year,No,Electronic check,85.85,2853.0,No
4858-HLZZO,Male,0,No,No,22,Yes,No,Fiber optic,No,No,No,No,Yes,No,Two year,No,Electronic check,95.82,2102.8,Yes
1961-ZYMBN,Female,0,No,No,22,Yes,Yes,Fiber optic,Yes,No,No,No,No,No,Two year,Yes,Electronic check,94.79,2112.96,No
4357-UUOKE,Female,0,No,No,3,Yes,Yes,DSL,No,No,No,No,No,Yes,Month-to-month,Yes,Bank transfer (automatic),76.94,232.89,No
4878-YEXIM,Female,0,Yes,Yes,12,Yes,Yes,DSL,No,No,Yes,Yes,Yes,No,Month-to-month,No,Credit card (automatic),85.59,1041.15,Yes
9550-DNHCU,Male,0,No,No,6,No,No phone service,DSL,No,Yes,No,No,No,No,Two year,No,Bank transfer (automatic),52.94,335.98,No
7460-WJKLP,Female,0,No,No,33,Yes,No,No,No internet service,No internet service,No internet service,No internet service,No internet service,No internet service,One year,No,Electronic check,36.18,1189.18,No
1138-PFMOW,Female,1,Yes,No,9,No,No phone service,DSL,No,No,No,Yes,No,No,One year,Yes,Credit card (automatic),52.32,485.28,Yes
5934-LETNL,Female,0,Yes,No,58,Yes,Yes,Fiber optic,No,No,Yes,No,No,No,Month-to-month,No,Credit card (automatic),96.89,5616.01,No
3026-XSJOF,Male,0,Yes,Yes,27,Yes,No,DSL,Yes,Yes,No,Yes,No,No,Month-to-month,Yes,Electronic check,77.7,2101.47,No
7023-SQQOJ,Female,0,Yes,Yes,12,No,No phone service,No,No internet service,No internet service,No internet service,No internet service,No internet service,No internet service,Two year,Yes,Credit card (automatic),18.25,243.54,No
2439-LDCOK,Female,1,Yes,Yes,52,No,No phone service,Fiber optic,No,No,No,No,No,Yes,Month-to-month,No,Mailed check,71.53,3709.51,No
2974-ALRRI,Male,1,Yes,Yes,8,Yes,No,No,No internet service,No internet service,No internet service,No internet service,No internet service,No internet service,One year,No,Electronic check,38.79,283.22,Yes
9056-RMSBH,Male,0,No,No,8,Yes,No,No,No internet service,No internet service,No internet service,No internet service,No internet service,No internet service,Month-to-month,Yes,Bank transfer (automatic),41.47,321.33,Yes
6830-VJQJA,Male,0,No,No,12,Yes,Yes,No,No internet service,No internet service,No internet service,No internet service,No internet service,No internet service,Two year,No,Mailed check,40.83,468.96,No
6278-NLJLC,Female,0,No,Yes,52,Yes,Yes,DSL,Yes,No,No,No,No,No,Month-to-month,Yes,Credit card (automatic),67.03,3451.62,No
4839-CGLYT,Male,0,No,No,72,Yes,No,Fiber optic,No,Yes,No,No,No,No,Two year,Yes,Mailed check,97.47,7050.88,No
3065-SYHTA,Male,0,Yes,Yes,6,Yes,Yes,Fiber optic,No,No,Yes,No,No,No,Month-to-month,No,Bank transfer (automatic),101.42,616.31,Yes
6422-UVURM,Female,0,No,Yes,72,Yes,Yes,DSL,No,Yes,No,No,Yes,Yes,Two year,No,Bank transfer (automatic),82.0,5896.15,No
4378-RSYSF,Male,0,No,No,40,Yes,Yes,DSL,No,Yes,Yes,No,Yes,No,Month-to-month,Yes,Electronic check,84.12,3372.46,Yes
4137-QAVGA,Male,1,No,No,18,Yes,No,Fiber optic,No,No,No,No,Yes,Yes,Two year,No,Bank transfer (automatic),102.8,1859.65,No
1666-KGLAJ,Female,1,Yes,No,37,Yes,Yes,No,No internet service,No internet service,No internet service,No internet service,No internet service,No internet service,One year,Yes,Mailed check,36.05,1322.51,Yes
5255-JIMMZ,Female,1,No,Yes,53,Yes,Yes,No,No internet service,No internet service,No internet service,No internet service,No internet service,No internet service,Month-to-month,Yes,Electronic check,41.72,2191.97,No
8832-SLCPN,Female,0,No,No,12,Yes,No,No,No internet service,No internet service,No internet service,No internet service,No internet service,No internet service,Month-to-month,No,Mailed check,41.9,481.42,No
1541-PZGTB,Female,0,No,Yes,53,Yes,No,DSL,No,No,No,No,Yes,No,Two year,No,Credit card (automatic),69.66,3662.57,No
7299-PIBMA,Male,0,No,No,25,Yes,No,Fiber optic,No,No,Yes,No,Yes,No,One year,Yes,Bank transfer (automatic),109.86,2714.18,No
6835-FRCBF,Female,0,No,No,6,No,No phone service,DSL,No,No,Yes,Yes,No,Yes,Month-to-month,Yes,Bank transfer (automatic),63.71,419.9,Yes
2071-EOOKD,Female,0,No,No,40,Yes,No,No,No internet service,No internet service,No internet service,No internet service,No internet service,No internet service,Month-to-month,No,Electronic check,40.66,1612.31,Yes
1981-VEJLI,Male,1,No,No,68,Yes,Yes,Fiber optic,No,No,No,Yes,Yes,No,Two year,No,Bank transfer (automatic),101.53,6899.36,No
9965-PHFNL,Male,0,No,No,34,Yes,No,Fiber optic,No,Yes,No,No,No,No,One year,Yes,Bank transfer (automatic),94.02,3207.93,No
3846-UNKMC,Male,0,No,No,10,Yes,Yes,No,No internet service,No internet service,No internet service,No internet service,No internet service,No internet service,One year,Yes,Credit card (automatic),40.81,400.65,Yes
9805-NGZLZ,Male,0,Yes,Yes,35,No,No phone service,Fiber optic,No,Yes,No,No,No,No,Month-to-month,Yes,Credit card (automatic),84.41,2954.67,Yes
8247-LJCEP,Male,0,No,No,31,Yes,No,DSL,No,Yes,No,No,No,Yes,Month-to-month,Yes,Electronic check,79.99,2455.66,No
8492-GYAIZ,Male,0,Yes,No,37,Yes,Yes,DSL,No,No,No,No,Yes,No,Month-to-month,Yes,Credit card (automatic),68.71,2542.43,No
5940-AXAEZ,Female,0,Yes,Yes,5,No,No phone service,DSL,Yes,Yes,No,No,No,No,Month-to-month,No,Credit card (automatic),54.61,277.26,No
3299-SKMUF,Male,0,Yes,Yes,6,Yes,Yes,Fiber optic,No,No,Yes,No,No,No,Two year,Yes,Electronic check,99.43,566.48,Yes
5337-ASQYY,Female,0,No,No,16,Yes,No,No,No internet service,No internet service,No internet service,No internet service,No internet service,No internet service,Month-to-month,No,Bank transfer (automatic),42.43,671.83,No
1815-QVBVX,Female,0,Yes,Yes,46,Yes,No,No,No internet service,No internet service,No internet service,No internet service,No internet service,No internet service,Month-to-month,Yes,Electronic check,39.69,1821.07,No
3331-IGFWL,Female,0,Yes,No,41,Yes,No,No,No internet service,No internet service,No internet service,No internet service,No internet service,No internet service,Month-to-month,No,Bank transfer (automatic),40.96,1688.73,No
4512-JTDRU,Female,0,Yes,No,50,Yes,No,DSL,No,No,No,Yes,Yes,No,Month-to-month,No,Electronic check,76.43,3803.21,No
6667-CHLGZ,Male,0,No,No,38,No,No phone service,DSL,No,Yes,No,No,Yes,No,One year,Yes,Bank transfer (automatic),62.71,2362.01,No
3278-ASJLP,Female,0,No,No,44,Yes,Yes,DSL,No,No,No,Yes,Yes,No,One year,Yes,Electronic check,76.64,3409.31,No
9632-MUDLP,Male,0,No,No,31,No,No phone service,Fiber optic,No,Yes,Yes,No,No,No,Two year,No,Credit card (automatic),83.8,2619.76,No
9954-RAFTI,Female,0,Yes,No,23,Yes,No,Fiber optic,Yes,No,No,No,Yes,No,Month-to-month,Yes,Electronic check,100.52,2347.44,Yes
6329-NUDRX,Male,0,Yes,Yes,40,Yes,Yes,No,No internet service,No internet service,No internet service,No internet service,No internet service,No internet service,Two year,Yes,Electronic check,38.11,1543.03,No
9239-RMAQF,Male,0,No,Yes,9,Yes,Yes,DSL,No,No,No,Yes,No,Yes,Two year,Yes,Electronic check,77.08,691.56,No
6470-GTNBR,Female,1,Yes,No,11,Yes,No,Fiber optic,Yes,Yes,No,No,Yes,No,Two year,Yes,Mailed check,114.67,1284.73,No
3565-JFXMC,Male,0,No,No,8,Yes,No,DSL,No,No,Yes,No,No,Yes,Month-to-month,Yes,Bank transfer (automatic),82.19,654.43,Yes
4857-KBIDG,Female,0,No,No,29,Yes,No,DSL,Yes,No,No,No,Yes,Yes,Month-to-month,No,Mailed check,85.06,2462.07,No
2857-CJUGK,Male,1,No,Yes,9,Yes,No,No,No internet service,No internet service,No internet service,No internet service,No internet service,No internet service,Two year,No,Mailed check,44.13,413.96,Yes
2625-TDKQV,Male,0,Yes,No,2,Yes,No,No,No internet service,No internet service,No internet service,No internet service,No internet service,No internet service,One year,Yes,Credit card (automatic),46.86,100.03,No
1169-YNOKM,Female,0,Yes,No,7,No,No phone service,Fiber optic,No,No,No,No,Yes,No,Month-to-month,Yes,Mailed check,76.9,546.57,Yes
7074-LTBNS,Female,0,No,Yes,68,Yes,Yes,DSL,No,No,No,No,No,No,Two year,Yes,Mailed check,68.34,4669.64,No
5306-MADOE,Male,0,Yes,No,29,Yes,No,DSL,No,No,No,No,No,No,Two year,Yes,Mailed check,64.2,1855.03,No
8039-QWOXO,Male,0,No,No,52,Yes,No,No,No internet service,No internet service,No internet service,No internet service,No internet service,No internet service,Two year,Yes,Credit card (automatic),40.01,2064.96,No
8398-EHDOL,Male,0,No,No,6,Yes,Yes,Fiber optic,No,No,No,No,Yes,Yes,Month-to-month,Yes,Electronic check,108.44,631.69,Yes
5045-UCVZP,Female,0,Yes,No,36,Yes,No,No,No internet service,No internet service,No internet service,No internet service,No internet service,No internet service,One year,Yes,Electronic check,39.71,1432.46,No
9596-PPRSJ,Female,0,Yes,No,8,Yes,No,Fiber optic,No,No,No,Yes,No,No,One year,Yes,Mailed check,98.54,785.88,No
7411-ILAIY,Male,0,No,No,36,Yes,No,Fiber optic,Yes,Yes,No,No,Yes,No,Month-to-month,Yes,Bank transfer (automatic),106.34,3844.41,No
8727-ZPKKS,Male,0,Yes,Yes,50,Yes,No,Fiber optic,No,Yes,Yes,No,No,No,Two year,Yes,Electronic check,98.33,4922.84,No
2242-TIQEG,Male,0,No,No,40,Yes,No,No,No internet service,No internet service,No internet service,No internet service,No internet service,No internet service,Month-to-month,No,Credit card (automatic),36.83,1479.39,Yes
3909-LWAUU,Male,0,No,No,27,Yes,No,No,No internet service,No internet service,No internet service,No internet service,No internet service,No internet service,Month-to-month,Yes,Electronic check,45.24,1195.27,No
4333-XNCKS,Female,0,No,No,65,Yes,No,Fiber optic,No,Yes,No,No,No,No,Two year,No,Bank transfer (automatic),94.58,6166.75,No
4928-BXSED,Female,0,Yes,Yes,46,Yes,No,No,No internet service,No internet service,No internet service,No internet service,No internet service,No internet service,Month-to-month,No,Electronic check,40.28,1843.27,No
3227-JVLTE,Male,0,Yes,No,13,Yes,No,No,No internet service,No internet service,No internet service,No internet service,No internet service,No internet service,Month-to-month,No,Credit card (automatic),40.61,545.1,Yes
8869-CSCRX,Female,0,No,No,9,Yes,No,Fiber optic,No,No,Yes,No,No,Yes,Two year,Yes,Mailed check,100.96,911.77,No
5491-DIGYC,Male,0,No,No,72,Yes,No,No,No internet service,No internet service,No internet service,No internet service,No internet service,No internet service,Two year,Yes,Electronic check,35.82,2577.53,No
3047-WKIZY,Male,0,No,Yes,14,Yes,No,DSL,No,No,No,No,Yes,No,Two year,Yes,Electronic check,68.16,962.68,No
4857-KQJWW,Male,0,No,No,23,Yes,Yes,DSL,No,Yes,No,No,No,No,Month-to-month,Yes,Electronic check,73.27,1693.63,Yes
2367-BBCDC,Male,0,No,Yes,11,Yes,No,DSL,Yes,Yes,Yes,No,Yes,Yes,One year,Yes,Mailed check,103.22,1144.17,No
9232-EWWKI,Male,0,Yes,No,44,Yes,No,Fiber optic,No,Yes,No,Yes,Yes,No,Month-to-month,Yes,Electronic check,104.92,4601.12,No
8009-XFRIY,Female,0,Yes,No,12,Yes,No,No,No internet service,No internet service,No internet service,No internet service,No internet service,No internet service,Month-to-month,No,Mailed check,44.0,516.24,Yes
7683-HHYGP,Female,0,No,Yes,26,Yes,Yes,DSL,Yes,No,No,No,Yes,No,Month-to-month,No,Mailed check,81.35,2125.98,No
8505-YMNEB,Male,0,Yes,No,35,Yes,Yes,Fiber optic,No,Yes,No,No,No,No,Month-to-month,Yes,Mailed check,94.17,3324.78,Yes
2114-OFTJT,Female,1,No,No,15,Yes,No,Fiber optic,No,Yes,No,No,Yes,Yes,One year,Yes,Electronic check,109.63,1633.58,No
4575-LJEKE,Female,0,Yes,No,34,Yes,No,Fiber optic,No,Yes,Yes,Yes,Yes,No,Month-to-month,Yes,Mailed check,119.61,4097.45,Yes
8868-NKDZB,Female,0,Yes,No,72,Yes,Yes,DSL,No,Yes,No,No,No,No,Two year,No,Credit card (automatic),74.16,5348.86,No
9136-TXGQU,Female,0,Yes,No,31,Yes,Yes,DSL,No,Yes,Yes,No,Yes,Yes,Two year,No,Mailed check,82.3,2557.1,No
3076-GZNQE,Male,0,No,No,42,Yes,Yes,DSL,No,Yes,No,No,No,Yes,Month-to-month,No,Credit card (automatic),87.22,3680.79,No
7765-CQEUA,Female,0,No,Yes,19,Yes,Yes,DSL,No,No,No,No,Yes,No,Two year,Yes,Electronic check,71.44,1357.44,No
2047-CAEXF,Female,0,Yes,No,18,Yes,Yes,DSL,No,No,No,Yes,Yes,Yes,One year,Yes,Electronic check,81.71,1452.48,Yes
2453-FOQUY,Female,1,Yes,No,8,Yes,No,Fiber optic,No,No,No,No,No,No,Month-to-month,Yes,Credit card (automatic),89.57,725.28,Yes
5465-LGUNS,Male,0,Yes,No,29,Yes,Yes,Fiber optic,No,Yes,No,No,No,No,Month-to-month,Yes,Bank transfer (automatic),99.45,2887.72,Yes
7422-QAXKQ,Male,1,Yes,No,52,Yes,No,Fiber optic,No,No,Yes,No,No,Yes,One year,Yes,Bank transfer (automatic),105.54,5472.42,No
7800-KEKJJ,Male,0,No,No,40,Yes,Yes,Fiber optic,No,No,No,No,No,No,Month-to-month,No,Mailed check,97.99,3907.27,No
6628-RFUJG,Male,1,Yes,Yes,17,Yes,Yes,DSL,No,Yes,Yes,No,No,No,One year,No,Bank transfer (automatic),76.65,1327.35,No
7146-WZISD,Male,0,Yes,Yes,20,Yes,No,Fiber optic,No,Yes,Yes,No,Yes,Yes,Month-to-month,No,Credit card (automatic),114.51,2275.58,Yes
6076-JOGIP,Male,0,Yes,Yes,72,Yes,No,DSL,No,No,No,No,No,Yes,Month-to-month,Yes,Electronic check,75.44,5443.17,No
6736-HNIVX,Female,0,No,Yes,37,Yes,Yes,Fiber optic,No,Yes,No,No,No,Yes,One year,No,Electronic check,101.3,3772.25,No
5530-NWQVW,Male,0,No,No,45,Yes,No,No,No internet service,No internet service,No internet service,No internet service,No internet service,No internet service,Month-to-month,Yes,Credit card (automatic),39.16,1780.64,No
4622-ZLOIC,Female,0,No,No,49,Yes,No,Fiber optic,No,No,No,No,Yes,No,One year,Yes,Electronic check,102.09,4992.95,No
8536-TADHN,Male,0,No,Yes,18,Yes,No,Fiber optic,No,No,Yes,No,No,Yes,One year,Yes,Mailed check,108.61,1944.07,Yes
9674-TJGJF,Female,0,No,No,16,Yes,No,Fiber optic,No,Yes,No,No,No,No,Month-to-month,Yes,Electronic check,94.1,1493.79,Yes
7790-SJBGF,Male,0,Yes,Yes,18,Yes,No,Fiber optic,No,No,No,No,No,Yes,Two year,Yes,Mailed check,99.41,1809.5,No
6532-WOUSH,Female,0,No,No,16,Yes,Yes,No,No internet service,No internet service,No internet service,No internet service,No internet service,No internet service,Month-to-month,Yes,Mailed check,39.52,658.4,No
7347-KZPDX,Male,1,No,No,67,Yes,No,Fiber optic,No,Yes,No,Yes,Yes,No,One year,Yes,Electronic check,108.43,7277.8,No
8793-NICEK,Male,0,Yes,No,22,Yes,No,DSL,No,No,No,Yes,No,No,Month-to-month,Yes,Electronic check,66.07,1473.79,Yes
5601-FXRYS,Male,0,No,Yes,60,No,No phone service,No,No internet service,No internet service,No internet service,No internet service,No internet service,No internet service,Month-to-month,No,Mailed check,18.25,1093.36,No
6033-NFXGC,Female,0,No,No,23,Yes,No,DSL,No,No,No,No,No,Yes,Two year,Yes,Mailed check,62.9,1461.51,No
6716-YUKDZ,Male,0,No,No,24,No,No phone service,Fiber optic,No,Yes,Yes,Yes,No,Yes,Two year,Yes,Bank transfer (automatic),96.74,2325.65,No
1867-OUVET,Female,0,Yes,No,4,Yes,Yes,Fiber optic,Yes,Yes,No,No,Yes,Yes,Month-to-month,Yes,Bank transfer (automatic),120.0,485.6,Yes
6071-CCVOZ,Female,1,Yes,Yes,17,Yes,Yes,Fiber optic,Yes,Yes,No,No,Yes,No,Month-to-month,Yes,Electronic check,112.22,1918.71,Yes
6629-YTARJ,Male,0,No,No,68,Yes,No,No,No internet service,No internet service,No internet service,No internet service,No internet service,No internet service,One year,No,Mailed check,34.67,2316.23,No
6133-AZVDY,Male,0,Yes,No,66,Yes,No,DSL,No,No,No,No,No,No,Month-to-month,No,Credit card (automatic),63.14,4152.33,No
4295-MBQZU,Male,0,Yes,No,17,Yes,Yes,Fiber optic,Yes,No,Yes,No,No,No,Two year,No,Bank transfer (automatic),101.04,1725.61,No
6712-TXJFC,Male,0,Yes,No,2,No,No phone service,Fiber optic,No,Yes,Yes,No,No,No,Month-to-month,No,Credit card (automatic),80.22,144.24,Yes
1099-IJAFD,Male,0,No,No,11,Yes,Yes,Fiber optic,Yes,No,No,No,No,No,Month-to-month,No,Credit card (automatic),92.42,1028.92,No
6002-VMSDS,Male,0,No,No,17,No,No phone service,DSL,No,No,Yes,No,Yes,Yes,Month-to-month,Yes,Electronic check,66.3,1155.79,Yes
6463-EVYPD,Female,0,No,Yes,17,Yes,Yes,Fiber optic,No,No,No,No,No,No,Month-to-month,No,Electronic check,83.32,1436.76,Yes
6488-NCZHL,Male,0,No,Yes,17,Yes,No,No,No internet service,No internet service,No internet service,No internet service,No internet service,No internet service,Two year,Yes,Electronic check,33.22,533.36,No
9259-UTNWA,Male,0,Yes,No,26,Yes,Yes,DSL,Yes,No,Yes,No,Yes,No,One year,Yes,Electronic check,87.73,2270.16,Yes
6564-VWUTE,Female,1,Yes,Yes,10,Yes,No,No,No internet service,No internet service,No internet service,No internet service,No internet service,No internet service,Month-to-month,No,Bank transfer (automatic),39.92,414.39,No
1625-YVMJO,Female,0,Yes,No,24,Yes,No,Fiber optic,No,No,Yes,Yes,Yes,No,Month-to-month,No,Electronic check,120.0,2877.8,No
6065-TGIHJ,Male,0,Yes,No,32,Yes,Yes,No,No internet service,No internet service,No internet service,No internet service,No internet service,No internet service,Month-to-month,Yes,Credit card (automatic),49.04,1596.02,No
1735-FHCOO,Male,0,No,No,18,Yes,No,DSL,No,Yes,Yes,No,Yes,Yes,One year,No,Bank transfer (automatic),89.69,1598.21,No
1906-JIYLN,Male,0,Yes,Yes,27,Yes,No,No,No internet service,No internet service,No internet service,No internet service,No internet service,No internet service,One year,Yes,Credit card (automatic),37.4,1003.98,No
3316-PRGLX,Female,0,Yes,No,72,Yes,No,DSL,No,No,No,No,No,No,Month-to-month,Yes,Mailed check,64.35,4633.2,No
8380-BZKYK,Female,0,No,No,41,Yes,No,Fiber optic,No,No,Yes,Yes,No,Yes,Two year,Yes,Electronic check,118.47,4868.74,No
8435-RLRRI,Male,0,No,No,37,Yes,Yes,Fiber optic,No,No,Yes,Yes,No,No,One year,No,Electronic check,107.94,3970.04,Yes
6184-RZJEW,Male,0,Yes,No,19,Yes,Yes,Fiber optic,No,Yes,Yes,Yes,No,No,Two year,No,Bank transfer (automatic),111.55,2142.18,No
6802-NQNTH,Male,0,No,Yes,16,Yes,Yes,DSL,No,No,No,No,No,No,One year,No,Electronic check,65.09,1061.94,No
2082-UDEXS,Female,0,No,No,25,Yes,Yes,DSL,No,No,No,Yes,Yes,Yes,Month-to-month,Yes,Credit card (automatic),92.19,2311.59,Yes
4286-FWJFT,Male,0,No,Yes,37,Yes,No,No,No internet service,No internet service,No internet service,No internet service,No internet service,No internet service,Month-to-month,Yes,Electronic check,36.83,1338.58,No
1524-VKEDI,Male,0,No,No,30,Yes,Yes,Fiber optic,No,No,Yes,Yes,Yes,No,Two year,Yes,Bank transfer (automatic),106.39,3242.19,Yes
9727-GIKLV,Male,0,Yes,Yes,28,Yes,Yes,Fiber optic,Yes,No,No,Yes,No,No,Month-to-month,No,Mailed check,95.49,2670.07,No
7560-DGQCW,Male,0,Yes,Yes,46,Yes,No,DSL,No,No,No,No,No,Yes,Month-to-month,No,Bank transfer (automatic),74.8,3407.31,No
5342-HPRCZ,Female,0,Yes,Yes,35,Yes,No,No,No internet service,No internet service,No internet service,No internet service,No internet service,No internet service,Month-to-month,No,Bank transfer (automatic),42.49,1470.9,No
5095-HJVLB,Male,0,No,Yes,44,Yes,No,Fiber optic,Yes,Yes,No,No,Yes,Yes,One year,Yes,Electronic check,120.0,5238.67,No
3876-KBSLB,Male,0,No,No,12,Yes,Yes,No,No internet service,No internet service,No internet service,No internet service,No internet service,No internet service,One year,Yes,Credit card (automatic),39.21,447.88,No
1759-RHIDB,Female,1,No,No,9,Yes,No,DSL,Yes,No,No,Yes,No,No,One year,Yes,Bank transfer (automatic),72.01,644.19,No
1269-ZEMYD,Female,0,No,Yes,71,Yes,Yes,DSL,No,No,No,Yes,Yes,No,Month-to-month,Yes,Mailed check,80.94,5790.43,No
1233-RYMJG,Male,0,Yes,Yes,2,Yes,No,Fiber optic,Yes,Yes,No,No,Yes,Yes,One year,No,Credit card (automatic),113.96,203.67,No
2454-YEBGU,Male,0,Yes,No,10,Yes,No,Fiber optic,Yes,Yes,No,No,No,Yes,Two year,Yes,Credit card (automatic),107.03,1096.48,No
5115-NEPMG,Female,0,Yes,Yes,19,Yes,Yes,No,No internet service,No internet service,No internet service,No internet service,No internet service,No internet service,Month-to-month,No,Electronic check,46.15,885.12,No
2951-YVNYF,Male,0,Yes,No,60,Yes,No,DSL,No,No,Yes,No,Yes,No,Month-to-month,Yes,Electronic check,72.6,4340.93,No
9469-JORSP,Female,0,No,Yes,8,Yes,Yes,Fiber optic,Yes,Yes,No,No,Yes,No,Two year,No,Credit card (automatic),117.46,885.33,No
1821-VNLES,Female,1,No,No,4,Yes,No,DSL,Yes,No,Yes,No,Yes,Yes,Month-to-month,No,Bank transfer (automatic),96.33,380.82,Yes
7607-UUOHK,Female,0,Yes,No,13,Yes,No,Fiber optic,No,No,Yes,No,No,Yes,Month-to-month,No,Mailed check,107.7,1386.64,Yes
9888-JUFJM,Male,0,No,Yes,17,Yes,No,No,No internet service,No internet service,No internet service,No internet service,No internet service,No internet service,Month-to-month,No,Electronic check,39.7,720.45,Yes
8566-LFPWV,Female,0,Yes,No,27,Yes,No,Fiber optic,No,Yes,Yes,Yes,No,No,One year,Yes,Mailed check,108.45,2909.65,No
7801-CRSME,Female,0,No,No,38,Yes,Yes,DSL,No,Yes,Yes,No,Yes,Yes,One year,Yes,Electronic check,91.98,3501.25,No
8166-RUSGW,Male,1,Yes,No,47,Yes,Yes,Fiber optic,No,Yes,Yes,Yes,No,No,One year,Yes,Electronic check,102.2,4789.57,No
6200-YOLXR,Female,1,No,No,7,Yes,Yes,Fiber optic,Yes,Yes,No,No,Yes,No,Month-to-month,Yes,Mailed check,104.54,733.35,Yes
9079-SFDXU,Female,1,Yes,No,2,No,No phone service,Fiber optic,Yes,Yes,Yes,No,No,No,Month-to-month,No,Electronic check,84.59,183.83,Yes
7497-URSYT,Female,0,Yes,No,26,No,No phone service,DSL,No,No,No,No,Yes,No,Month-to-month,Yes,Bank transfer (automatic),52.0,1329.67,No
6990-WEJJQ,Male,0,No,No,8,Yes,No,Fiber optic,No,Yes,No,No,Yes,Yes,Month-to-month,Yes,Bank transfer (automatic),104.01,841.18,No
4263-LXQNI,Male,0,Yes,Yes,16,Yes,Yes,Fiber optic,Yes,No,No,No,Yes,No,One year,No,Bank transfer (automatic),106.29,1691.96,No
2490-QECMO,Female,0,Yes,No,20,Yes,No,DSL,No,No,No,No,Yes,No,One year,No,Electronic check,65.81,1309.36,No
1510-TTOAI,Male,0,Yes,No,17,Yes,No,DSL,No,No,No,No,Yes,No,Two year,No,Electronic check,65.0,1109.11,No
8977-JNRFR,Female,0,No,Yes,4,Yes,No,Fiber optic,No,No,No,No,No,No,Month-to-month,Yes,Bank transfer (automatic),87.69,379.56,Yes
4629-WBXYY,Female,0,Yes,Yes,29,Yes,No,Fiber optic,No,No,Yes,Yes,No,No,Month-to-month,Yes,Bank transfer (automatic),111.8,3269.39,Yes
3034-BQLUK,Female,1,No,Yes,72,Yes,Yes,DSL,No,No,Yes,Yes,Yes,No,Two year,Yes,Electronic check,85.22,6114.12,No
6368-JYUVR,Male,0,No,No,24,No,No phone service,No,No internet service,No internet service,No internet service,No internet service,No internet service,No internet service,One year,No,Bank transfer (automatic),22.35,532.68,No
4567-TWUMR,Female,1,No,Yes,72,Yes,Yes,Fiber optic,Yes,No,No,Yes,No,No,Month-to-month,No,Mailed check,102.18,7373.44,No
9886-LYTDC,Male,0,Yes,Yes,2,Yes,No,DSL,Yes,No,No,No,No,No,Two year,No,Electronic check,72.27,147.82,No
5498-HBCPP,Female,0,No,Yes,12,Yes,No,No,No internet service,No internet service,No internet service,No internet service,No internet service,No internet service,One year,No,Bank transfer (automatic),39.34,465.16,No
5748-TWLTJ,Male,0,Yes,No,72,Yes,No,Fiber optic,No,No,Yes,Yes,No,Yes,Month-to-month,Yes,Mailed check,110.05,7920.93,No
9410-FBEOQ,Male,0,No,Yes,12,Yes,Yes,DSL,No,No,No,Yes,Yes,No,Two year,Yes,Mailed check,80.01,958.07,No
7600-GFIEI,Female,0,Yes,Yes,30,Yes,No,No,No internet service,No internet service,No internet service,No internet service,No internet service,No internet service,One year,Yes,Credit card (automatic),37.6,1121.08,No
3659-DBCSB,Female,0,No,No,24,Yes,No,Fiber optic,Yes,Yes,No,No,No,Yes,Month-to-month,Yes,Electronic check,111.06,2630.6,Yes
3380-OAORT,Female,0,No,No,19,Yes,Yes,Fiber optic,Yes,No,No,Yes,No,No,Month-to-month,No,Mailed check,99.82,1876.44,Yes
6458-NFUWG,Male,1,Yes,Yes,48,Yes,No,DSL,No,No,No,No,No,Yes,Month-to-month,Yes,Electronic check,75.21,3596.1,No
2575-HYXAN,Female,0,Yes,No,25,Yes,No,No,No internet service,No internet service,No internet service,No internet service,No internet service,No internet service,Month-to-month,No,Credit card (automatic),38.25,932.28,No
5346-XUVTH,Female,0,Yes,No,42,No,No phone service,DSL,No,Yes,No,Yes,Yes,No,One year,Yes,Electronic check,62.89,2672.95,No
8433-NSRSS,Female,0,No,Yes,72,Yes,Yes,DSL,No,Yes,No,No,No,Yes,Month-to-month,No,Credit card (automatic),78.51,5663.39,No
5617-LTDSB,Female,0,Yes,No,49,Yes,No,No,No internet service,No internet service,No internet service,No internet service,No internet service,No internet service,Month-to-month,Yes,Mailed check,42.89,2111.35,No
3268-TONDS,Male,0,No,No,10,Yes,No,DSL,No,Yes,No,No,Yes,No,One year,Yes,Credit card (automatic),74.43,742.3,No
5617-CFEWH,Male,0,No,No,72,Yes,Yes,No,No internet service,No internet service,No internet service,No internet service,No internet service,No internet service,Month-to-month,No,Bank transfer (automatic),37.73,2740.39,No
9047-FGUWV,Female,0,No,Yes,37,Yes,Yes,DSL,No,No,Yes,Yes,Yes,Yes,Two year,Yes,Electronic check,108.57,4004.53,No
6828-YJIRR,Female,0,Yes,No,21,Yes,Yes,DSL,No,No,Yes,No,No,Yes,One year,No,Bank transfer (automatic),79.16,1690.21,No
3158-YOQVR,Male,0,Yes,No,8,Yes,Yes,Fiber optic,No,No,No,No,Yes,Yes,One year,No,Electronic check,105.78,851.17,Yes
2975-ZZRTQ,Male,0,Yes,No,26,Yes,No,Fiber optic,Yes,No,No,No,No,No,Month-to-month,Yes,Electronic check,97.82,2543.51,Yes
7761-OGGXK,Female,1,No,No,13,Yes,Yes,DSL,No,No,No,No,No,No,Month-to-month,Yes,Electronic check,68.84,880.38,Yes
4239-XMOGU,Female,0,Yes,No,6,Yes,Yes,DSL,No,No,No,No,No,No,One year,Yes,Bank transfer (automatic),68.91,437.99,Yes
6138-UPCJO,Male,0,Yes,No,9,Yes,Yes,DSL,No,No,No,No,No,Yes,Month-to-month,Yes,Electronic check,73.02,634.4,No
8047-SBZBE,Female,0,Yes,Yes,5,Yes,Yes,No,No internet service,No internet service,No internet service,No internet service,No internet service,No internet service,One year,Yes,Bank transfer (automatic),41.05,232.68,No
3836-DJZEQ,Female,0,No,No,18,Yes,No,DSL,No,No,No,No,No,No,Month-to-month,Yes,Bank transfer (automatic),69.18,1212.67,Yes
9709-FJPBZ,Male,0,No,No,22,Yes,No,No,No internet service,No internet service,No internet service,No internet service,No internet service,No internet service,One year,No,Electronic check,39.11,841.5,No
5763-FNBJT,Male,0,Yes,No,33,Yes,No,Fiber optic,Yes,No,No,No,No,No,Month-to-month,No,Electronic check,94.55,3106.71,No
1363-ODYFN,Female,0,Yes,Yes,36,Yes,No,Fiber optic,No,Yes,No,No,No,No,Month-to-month,Yes,Bank transfer (automatic),94.16,3373.96,Yes
5386-PLQVP,Male,0,Yes,Yes,16,Yes,Yes,No,No internet service,No internet service,No internet service,No internet service,No internet service,No internet service,Month-to-month,No,Electronic check,35.88,568.58,No
3812-WDYRR,Male,0,Yes,Yes,18,Yes,No,DSL,Yes,No,No,Yes,No,Yes,One year,Yes,Electronic check,89.31,1605.58,No
6588-KBECQ,Male,1,No,No,29,Yes,Yes,No,No internet service,No internet service,No internet service,No internet service,No internet service,No internet service,Month-to-month,Yes,Electronic check,43.99,1263.32,Yes
1363-DSKWP,Female,0,Yes,No,9,Yes,No,Fiber optic,Yes,Yes,Yes,No,Yes,No,Month-to-month,Yes,Electronic check,111.74,1005.71,Yes
1115-SATOT,Male,0,No,No,41,No,No phone service,No,No internet service,No internet service,No internet service,No internet service,No internet service,No internet service,Two year,Yes,Bank transfer (automatic),20.79,847.85,No
6281-YZOOJ,Male,1,No,No,19,Yes,No,Fiber optic,No,No,No,Yes,No,No,Month-to-month,Yes,Electronic check,91.43,1773.65,Yes
1882-BXZTZ,Male,0,No,Yes,46,No,No phone service,Fiber optic,No,No,No,No,No,No,One year,No,Credit card (automatic),66.02,3070.17,No
1426-UBADZ,Female,0,Yes,No,27,Yes,Yes,Fiber optic,No,No,No,No,No,No,Month-to-month,Yes,Bank transfer (automatic),92.61,2488.21,No
3286-VDVZP,Female,1,No,No,21,Yes,Yes,DSL,Yes,No,No,No,No,No,Month-to-month,No,Credit card (automatic),69.03,1441.43,No
4928-WAVFT,Male,0,Yes,Yes,55,Yes,No,DSL,Yes,No,Yes,Yes,No,No,Month-to-month,Yes,Bank transfer (automatic),86.94,4746.52,No
3376-IBFWB,Male,0,Yes,No,6,Yes,Yes,Fiber optic,No,No,Yes,No,Yes,Yes,Two year,Yes,Electronic check,120.0,697.13,Yes
6630-FDTHU,Male,0,No,No,32,Yes,No,Fiber optic,No,No,No,No,No,No,Month-to-month,Yes,Electronic check,93.94,3014.76,No
4597-CDDQA,Female,0,Yes,No,71,Yes,Yes,DSL,No,No,No,No,Yes,Yes,Month-to-month,Yes,Electronic check,68.54,4881.34,No
3055-QNQCD,Female,0,Yes,No,28,Yes,Yes,No,No internet service,No internet service,No internet service,No internet service,No internet service,No internet service,Month-to-month,Yes,Bank transfer (automatic),42.66,1166.3,No
2988-VWHZU,Male,0,Yes,Yes,24,Yes,No,DSL,No,No,Yes,No,Yes,Yes,Two year,Yes,Bank transfer (automatic),91.47,2168.38,No
7500-MFQLW,Male,0,Yes,Yes,47,Yes,No,No,No internet service,No internet service,No internet service,No internet service,No internet service,No internet service,Month-to-month,No,Electronic check,41.01,1900.44,No
3428-NJDHG,Female,0,No,Yes,16,Yes,Yes,Fiber optic,No,Yes,No,Yes,No,Yes,Two year,Yes,Bank transfer (automatic),116.52,1862.9,No
6261-VNLQI,Female,1,No,No,20,Yes,No,No,No internet service,No internet service,No internet service,No internet service,No internet service,No internet service,Month-to-month,No,Electronic check,35.8,719.87,No
2797-FLVYV,Male,0,No,No,8,Yes,No,Fiber optic,No,Yes,Yes,No,No,Yes,Two year,Yes,Bank transfer (automatic),112.07,897.5,No
2046-WRJYR,Male,0,Yes,No,15,Yes,No,Fiber optic,Yes,Yes,Yes,Yes,No,No,Two year,Yes,Electronic check,115.9,1708.13,No
2775-BHWTU,Female,0,Yes,No,39,Yes,No,DSL,No,No,Yes,Yes,Yes,Yes,Month-to-month,Yes,Electronic check,87.11,3407.15,Yes
3842-GVHRE,Female,0,Yes,No,20,Yes,No,No,No internet service,No internet service,No internet service,No internet service,No internet service,No internet service,Two year,Yes,Mailed check,38.02,781.69,No
1943-GUHJP,Female,0,No,No,11,Yes,No,Fiber optic,No,No,No,Yes,Yes,Yes,Two year,Yes,Credit card (automatic),118.58,1281.3,Yes
4558-REFLJ,Male,1,No,No,57,Yes,Yes,Fiber optic,No,Yes,Yes,Yes,Yes,Yes,Month-to-month,Yes,Bank transfer (automatic),120.0,6832.49,Yes
2203-ZLAGD,Male,0,No,Yes,51,Yes,Yes,DSL,No,Yes,No,No,No,Yes,One year,No,Mailed check,77.48,3947.58,No
1877-EPVNR,Female,0,No,No,12,Yes,No,DSL,No,No,No,No,No,Yes,One year,Yes,Mailed check,76.03,892.61,Yes
5669-EGXNZ,Female,0,No,No,51,Yes,No,No,No internet service,No internet service,No internet service,No internet service,No internet service,No internet service,Two year,Yes,Mailed check,40.26,2042.44,No
2963-CNVLN,Female,0,Yes,No,38,Yes,No,Fiber optic,No,Yes,No,Yes,Yes,No,One year,Yes,Electronic check,111.08,4217.52,Yes
5912-TBRGO,Male,0,No,No,29,Yes,No,Fiber optic,No,No,No,Yes,Yes,No,One year,No,Bank transfer (automatic),101.81,2983.49,No
8112-MGLVU,Female,0,No,No,72,Yes,Yes,DSL,Yes,No,No,No,Yes,No,Month-to-month,Yes,Electronic check,78.5,5693.49,No
5464-YFTSV,Male,0,No,No,32,Yes,Yes,No,No internet service,No internet service,No internet service,No internet service,No internet service,No internet service,Two year,Yes,Mailed check,39.61,1280.41,No
7157-PKCDC,Male,0,Yes,Yes,13,Yes,Yes,Fiber optic,Yes,No,Yes,No,Yes,No,Month-to-month,No,Electronic check,110.0,1409.64,Yes
5554-XZPPA,Female,1,No,No,18,Yes,Yes,Fiber optic,Yes,No,Yes,No,Yes,No,One year,No,Credit card (automatic),114.11,2020.77,Yes
8708-XFQDG,Female,0,Yes,Yes,5,Yes,No,No,No internet service,No internet service,No internet service,No internet service,No internet service,No internet service,Month-to-month,Yes,Electronic check,39.88,194.56,No
4160-JRRBV,Female,0,No,Yes,37,No,No phone service,Fiber optic,Yes,Yes,No,No,No,No,Two year,Yes,Electronic check,87.87,3261.07,No
4729-FCTFK,Female,0,No,Yes,72,Yes,No,No,No internet service,No internet service,No internet service,No internet service,No internet service,No internet service,Two year,Yes,Mailed check,33.73,2402.07,No
5224-YICGV,Male,0,No,No,32,Yes,Yes,DSL,No,No,Yes,Yes,Yes,Yes,Month-to-month,No,Bank transfer (automatic),87.14,2816.87,Yes
7457-XXEWA,Female,1,Yes,No,29,Yes,No,Fiber optic,Yes,No,No,No,Yes,Yes,Two year,No,Credit card (automatic),118.34,3451.64,No
5591-OJZRJ,Male,0,Yes,No,46,Yes,Yes,Fiber optic,Yes,Yes,No,No,Yes,Yes,Two year,Yes,Electronic check,117.41,5403.55,No
7809-HFCRV,Male,0,No,No,41,Yes,Yes,DSL,No,No,No,No,Yes,Yes,Month-to-month,Yes,Electronic check,69.68,2830.0,No
5581-YDXFK,Female,0,No,Yes,58,Yes,No,Fiber optic,No,No,Yes,No,No,No,Month-to-month,Yes,Bank transfer (automatic),93.46,5428.29,No
1786-CZWIN,Female,1,No,No,25,No,No phone service,Fiber optic,No,No,Yes,No,Yes,No,Month-to-month,No,Electronic check,81.3,2007.63,Yes
5869-EWKOV,Female,0,Yes,Yes,35,Yes,No,DSL,No,No,Yes,Yes,Yes,Yes,Month-to-month,No,Electronic check,92.09,3243.3,Yes
8880-HXBCQ,Male,0,No,No,24,Yes,No,Fiber optic,No,No,Yes,No,No,No,Two year,Yes,Electronic check,92.79,2193.65,No
2391-CGQWK,Female,0,No,No,8,Yes,No,No,No internet service,No internet service,No internet service,No internet service,No internet service,No internet service,Month-to-month,No,Electronic check,40.03,335.56,No
7505-YBZGW,Male,0,Yes,No,10,Yes,No,Fiber optic,No,No,No,No,No,Yes,One year,No,Mailed check,107.0,1064.25,No
6671-SBBAY,Female,1,Yes,No,14,Yes,Yes,Fiber optic,No,Yes,No,No,No,Yes,Month-to-month,No,Mailed check,107.47,1472.97,Yes
5593-YUPFF,Female,0,No,No,8,No,No phone service,No,No internet service,No internet service,No internet service,No internet service,No internet service,No internet service,Month-to-month,Yes,Electronic check,19.13,172.89,Yes
8396-SCDKR,Female,0,Yes,Yes,28,Yes,No,DSL,No,No,No,No,No,Yes,One year,No,Electronic check,72.36,2040.3,No
8958-PCHGU,Male,0,No,No,48,Yes,No,Fiber optic,No,No,Yes,No,No,Yes,Month-to-month,Yes,Electronic check,111.5,5324.87,No
8665-DVTRU,Male,1,No,Yes,16,Yes,Yes,No,No internet service,No internet service,No internet service,No internet service,No internet service,No internet service,Two year,Yes,Credit card (automatic),47.21,765.37,No
2881-LYKOE,Male,0,Yes,No,4,Yes,No,No,No internet service,No internet service,No internet service,No internet service,No internet service,No internet service,Month-to-month,Yes,Mailed check,37.58,123.64,No
1678-UZTRW,Female,0,Yes,No,13,Yes,No,DSL,No,No,Yes,No,No,No,One year,No,Credit card (automatic),76.11,992.65,No
8518-EWUZE,Female,1,No,No,20,Yes,No,DSL,No,Yes,Yes,Yes,No,Yes,One year,Yes,Credit card (automatic),95.63,1908.59,Yes
7610-BHFJN,Male,0,No,No,45,Yes,Yes,DSL,No,No,Yes,No,No,Yes,One year,Yes,Mailed check,74.82,3347.87,No
5633-TMPCY,Female,1,No,Yes,26,Yes,Yes,Fiber optic,Yes,No,Yes,Yes,Yes,Yes,One year,Yes,Credit card (automatic),120.0,3134.13,No
2718-VETTQ,Female,0,No,No,26,Yes,No,DSL,No,No,Yes,No,Yes,Yes,Month-to-month,Yes,Electronic check,79.71,2073.41,No
4627-ABMDC,Male,0,No,No,36,Yes,Yes,Fiber optic,No,Yes,Yes,No,No,Yes,Two year,Yes,Electronic check,109.89,3924.35,No
6097-RPHNP,Male,0,No,No,50,Yes,Yes,DSL,No,Yes,Yes,No,Yes,No,One year,Yes,Bank transfer (automatic),86.71,4277.73,No
2763-MPBLR,Female,0,No,No,72,Yes,No,Fiber optic,Yes,No,No,No,Yes,No,Two year,Yes,Electronic check,102.01,7334.02,No
2877-KCBEC,Female,0,No,Yes,16,Yes,Yes,No,No internet service,No internet service,No internet service,No internet service,No internet service,No internet service,Month-to-month,No,Bank transfer (automatic),44.59,678.91,No
3938-OSXVO,Male,0,Yes,Yes,25,Yes,Yes,DSL,Yes,No,Yes,No,Yes,No,Month-to-month,Yes,Credit card (automatic),86.84,2194.83,No
4082-LJFPW,Female,1,Yes,No,16,Yes,Yes,DSL,No,Yes,No,No,No,No,Month-to-month,Yes,Credit card (automatic),72.32,1199.07,Yes
4776-UGVDS,Female,0,No,No,34,Yes,No,DSL,No,No,No,Yes,No,Yes,Month-to-month,Yes,Mailed check,90.22,3045.65,Yes
9502-PQYUM,Female,0,Yes,Yes,4,Yes,No,No,No internet service,No internet service,No internet service,No internet service,No internet service,No internet service,Month-to-month,No,Bank transfer (automatic),39.81,116.6,No
5996-GLMPN,Female,0,No,No,72,Yes,No,Fiber optic,No,No,Yes,Yes,No,Yes,Month-to-month,Yes,Bank transfer (automatic),115.39,8313.02,No
9704-GTWBI,Female,0,No,Yes,37,Yes,No,DSL,No,No,No,No,Yes,Yes,Month-to-month,No,Mailed check,79.36,2926.2,Yes
5294-GGJNW,Male,0,Yes,No,33,Yes,No,Fiber optic,No,No,Yes,No,No,No,Month-to-month,No,Mailed check,96.26,3192.84,No
6917-VIGLR,Male,0,Yes,No,13,Yes,No,No,No internet service,No internet service,No internet service,No internet service,No internet service,No internet service,Month-to-month,Yes,Bank transfer (automatic),36.88,476.93,Yes
4756-IPZIF,Male,0,No,No,18,Yes,No,Fiber optic,No,No,No,No,Yes,No,Two year,No,Mailed check,93.35,1669.53,No
4068-DAJMN,Female,0,Yes,Yes,8,Yes,Yes,Fiber optic,No,No,No,No,Yes,No,Two year,No,Bank transfer (automatic),99.63,800.11,Yes
3581-UGCQE,Male,0,No,Yes,13,No,No phone service,DSL,Yes,Yes,Yes,Yes,Yes,Yes,Month-to-month,No,Electronic check,81.38,1014.67,Yes
1507-EPDNH,Male,0,No,No,50,No,No phone service,No,No internet service,No internet service,No internet service,No internet service,No internet service,No internet service,Month-to-month,No,Bank transfer (automatic),18.41,925.87,Yes
1788-CCVYR,Female,1,No,No,5,Yes,No,No,No internet service,No internet service,No internet service,No internet service,No internet service,No internet service,Month-to-month,Yes,Mailed check,38.34,163.47,Yes
3880-NANOR,Male,0,No,Yes,72,No,No phone service,DSL,No,Yes,No,No,No,No,Two year,No,Electronic check,59.52,4277.58,No
6395-KKFRX,Male,0,No,No,57,No,No phone service,Fiber optic,No,No,No,Yes,No,No,Two year,No,Credit card (automatic),84.58,4825.09,No
4815-DOIEH,Male,0,Yes,Yes,33,Yes,Yes,DSL,Yes,No,No,No,No,No,Month-to-month,No,Mailed check,65.78,2153.82,No
9798-ENMHY,Male,0,Yes,No,12,Yes,No,Fiber optic,Yes,Yes,No,No,No,Yes,Month-to-month,No,Bank transfer (automatic),116.1,1394.12,No
6032-GDGYE,Male,0,Yes,No,42,Yes,Yes,No,No internet service,No internet service,No internet service,No internet service,No internet service,No internet service,Month-to-month,Yes,Electronic check,42.77,1766.06,No
8526-EASNM,Female,1,No,Yes,39,Yes,No,DSL,No,No,No,Yes,No,No,Month-to-month,No,Electronic check,75.65,2936.21,No
4335-BVZYO,Male,1,Yes,No,16,Yes,Yes,DSL,Yes,No,No,Yes,No,No,Month-to-month,Yes,Credit card (automatic),85.62,1358.11,Yes
1075-KKVTQ,Male,0,Yes,No,37,Yes,Yes,Fiber optic,No,No,No,No,No,No,One year,No,Mailed check,89.63,3347.7,No
3454-STPVO,Female,0,Yes,No,20,Yes,No,DSL,No,Yes,Yes,No,Yes,Yes,Month-to-month,No,Electronic check,99.72,2004.7,No
9322-UZPTH,Male,0,Yes,No,4,Yes,No,DSL,Yes,No,No,No,Yes,No,Month-to-month,No,Mailed check,70.52,263.58,Yes
9187-GDPXA,Female,0,Yes,No,8,Yes,Yes,DSL,Yes,No,Yes,No,Yes,No,One year,No,Mailed check,91.35,723.91,Yes
4144-MZTGP,Female,0,No,No,56,Yes,No,Fiber optic,Yes,Yes,Yes,No,No,Yes,Two year,No,Credit card (automatic),117.2,6550.89,No
5825-VGNDH,Female,0,Yes,Yes,17,Yes,Yes,DSL,Yes,Yes,No,Yes,Yes,No,Month-to-month,Yes,Electronic check,97.04,1652.31,No
2615-GMZFP,Male,0,No,No,14,Yes,No,No,No internet service,No internet service,No internet service,No internet service,No internet service,No internet service,Two year,No,Mailed check,42.62,629.12,No
7759-LQGVY,Male,0,Yes,Yes,28,Yes,No,No,No internet service,No internet service,No internet service,No internet service,No internet service,No internet service,Month-to-month,Yes,Electronic check,41.22,1112.03,No
5933-FQTZL,Female,0,Yes,Yes,3,Yes,No,Fiber optic,No,No,No,Yes,Yes,Yes,Month-to-month,Yes,Electronic check,112.47,284.34,Yes
7294-CMOAE,Male,0,Yes,No,26,Yes,No,DSL,Yes,No,No,No,Yes,Yes,Month-to-month,Yes,Bank transfer (automatic),89.93,2344.07,Yes
1336-CHNCO,Female,0,No,Yes,30,Yes,Yes,DSL,No,No,Yes,Yes,Yes,No,Month-to-month,Yes,Electronic check,80.4,2428.84,Yes
5725-HSEJJ,Male,0,No,No,41,Yes,Yes,Fiber optic,No,No,No,No,No,No,Month-to-month,No,Electronic check,85.99,3542.18,Yes
1776-AGFOB,Male,0,Yes,No,10,Yes,No,Fiber optic,No,No,No,Yes,No,No,One year,Yes,Mailed check,97.49,963.82,Yes
1406-GAAZY,Female,0,No,Yes,15,Yes,Yes,DSL,No,No,No,Yes,No,No,Two year,Yes,Mailed check,69.73,1047.47,No
9819-ATRTB,Female,0,Yes,No,29,Yes,Yes,No,No internet service,No internet service,No internet service,No internet service,No internet service,No internet service,Month-to-month,No,Credit card (automatic),40.95,1191.68,No
5714-OERGK,Female,0,No,No,11,Yes,No,Fiber optic,Yes,Yes,No,Yes,No,No,Month-to-month,Yes,Bank transfer (automatic),107.68,1199.22,No
9554-PCBHC,Female,0,No,No,31,Yes,Yes,DSL,No,No,No,No,Yes,No,Month-to-month,Yes,Electronic check,66.92,2087.28,Yes
4830-YYMHJ,Male,0,Yes,No,28,Yes,No,No,No internet service,No internet service,No internet service,No internet service,No internet service,No internet service,Month-to-month,Yes,Electronic check,42.46,1189.7,No
9349-WSEUR,Female,0,Yes,No,2,Yes,No,Fiber optic,Yes,No,Yes,No,Yes,Yes,Two year,Yes,Bank transfer (automatic),115.72,268.48,Yes
7188-UAHFS,Female,0,Yes,No,50,No,No phone service,No,No internet service,No internet service,No internet service,No internet service,No internet service,No internet service,Month-to-month,No,Electronic check,19.55,991.27,No
2020-ZAUTY,Male,0,No,No,11,Yes,Yes,No,No internet service,No internet service,No internet service,No internet service,No internet service,No internet service,One year,No,Electronic check,34.83,359.32,No
4645-RUYQD,Male,0,Yes,Yes,26,Yes,No,DSL,Yes,No,No,No,Yes,Yes,Month-to-month,No,Credit card (automatic),91.45,2393.34,Yes
5617-YRTTO,Female,0,No,No,72,Yes,No,Fiber optic,No,No,No,No,Yes,No,Two year,No,Bank transfer (automatic),95.71,6894.55,No
7062-BFIYQ,Male,0,Yes,Yes,12,Yes,No,DSL,Yes,No,No,No,No,No,Month-to-month,Yes,Electronic check,65.58,810.75,Yes
7952-ONDUJ,Female,0,No,Yes,36,Yes,Yes,Fiber optic,No,No,Yes,No,No,No,Month-to-month,No,Electronic check,90.05,3232.42,No
4729-MDCTC,Male,0,Yes,Yes,72,Yes,Yes,DSL,Yes,No,No,Yes,No,No,Month-to-month,No,Credit card (automatic),74.5,5377.8,No
9208-WGUAH,Male,0,No,No,40,Yes,No,Fiber optic,No,No,No,Yes,No,No,One year,Yes,Bank transfer (automatic),105.33,4228.67,No
3254-VOVRO,Male,0,Yes,No,57,Yes,No,No,No internet service,No internet service,No internet service,No internet service,No internet service,No internet service,Month-to-month,Yes,Electronic check,40.64,2340.79,No
4616-ZPFGO,Male,0,Yes,No,9,Yes,Yes,DSL,Yes,No,No,No,Yes,No,One year,Yes,Mailed check,78.95,693.37,No
5302-DSXAI,Female,0,Yes,No,71,Yes,Yes,Fiber optic,No,Yes,No,Yes,Yes,Yes,Month-to-month,Yes,Credit card (automatic),117.76,8388.38,No
7428-MCMCS,Female,0,No,No,4,Yes,No,No,No internet service,No internet service,No internet service,No internet service,No internet service,No internet service,Month-to-month,Yes,Electronic check,39.86,118.24,Yes
4355-CADDQ,Female,0,Yes,No,38,Yes,No,Fiber optic,No,No,No,No,No,No,One year,No,Bank transfer (automatic),84.31,3173.05,No
5775-UPPBV,Female,0,No,No,25,Yes,Yes,DSL,No,No,Yes,No,No,No,Month-to-month,Yes,Credit card (automatic),81.13,2023.13,Yes
9701-IPDLL,Male,0,No,No,20,Yes,No,Fiber optic,No,No,No,No,No,Yes,Two year,No,Mailed check,94.51,1923.41,No
5221-KHRLJ,Female,0,Yes,Yes,17,Yes,No,DSL,No,Yes,No,No,No,No,Two year,Yes,Credit card (automatic),74.53,1271.02,Yes
6872-QZHKB,Female,0,Yes,No,41,Yes,No,Fiber optic,Yes,No,No,No,No,No,Month-to-month,Yes,Electronic check,96.92,3914.18,Yes
8591-COSRL,Female,0,Yes,No,13,No,No phone service,Fiber optic,No,No,No,No,No,No,One year,No,Bank transfer (automatic),69.88,914.85,No
7483-MAGUU,Female,0,Yes,No,18,Yes,No,DSL,No,Yes,No,No,Yes,Yes,Month-to-month,Yes,Mailed check,93.26,1669.15,Yes
3691-BHNWB,Female,0,Yes,Yes,38,Yes,No,DSL,No,No,No,Yes,Yes,No,Two year,No,Mailed check,81.93,3124.99,No
4437-ELRKJ,Female,0,No,No,56,Yes,No,DSL,Yes,Yes,No,No,No,No,One year,Yes,Bank transfer (automatic),84.75,4761.8,No
1336-AQJOX,Female,0,Yes,No,23,Yes,No,No,No internet service,No internet service,No internet service,No internet service,No internet service,No internet service,Month-to-month,No,Bank transfer (automatic),42.68,985.97,No
7597-GBEKL,Female,0,Yes,Yes,72,Yes,No,DSL,Yes,No,Yes,No,Yes,No,One year,Yes,Mailed check,82.66,5949.71,No
4973-UWUFS,Female,0,No,No,29,No,No phone service,No,No internet service,No internet service,No internet service,No internet service,No internet service,No internet service,Month-to-month,Yes,Mailed check,19.28,580.35,No
2321-PVSHO,Male,0,Yes,No,27,Yes,Yes,No,No internet service,No internet service,No internet service,No internet service,No internet service,No internet service,Month-to-month,Yes,Mailed check,40.98,1116.57,Yes
6847-DDBKZ,Male,0,No,No,72,Yes,No,Fiber optic,Yes,No,No,No,Yes,No,Month-to-month,Yes,Credit card (automatic),99.92,7200.48,No
8366-PBMFK,Female,0,No,No,34,Yes,No,No,No internet service,No internet service,No internet service,No internet service,No internet service,No internet service,Month-to-month,Yes,Credit card (automatic),36.29,1225.5,No
5876-GLSXS,Male,1,Yes,No,72,Yes,No,Fiber optic,Yes,Yes,No,Yes,Yes,Yes,Month-to-month,Yes,Mailed check,120.0,8632.91,No
2470-XROYF,Male,0,No,No,72,Yes,No,DSL,No,Yes,No,Yes,Yes,No,Two year,No,Mailed check,80.36,5775.52,No
7983-PYROI,Female,0,No,No,9,Yes,Yes,DSL,No,No,No,No,No,No,Month-to-month,Yes,Credit card (automatic),59.4,534.11,No
9184-NMRQE,Female,0,No,Yes,13,Yes,Yes,No,No internet service,No internet service,No internet service,No internet service,No internet service,No internet service,Two year,Yes,Bank transfer (automatic),42.82,549.66,No
6349-HSHON,Female,0,No,No,5,Yes,No,No,No internet service,No internet service,No internet service,No internet service,No internet service,No internet service,Month-to-month,Yes,Bank transfer (automatic),41.54,211.99,Yes
1991-YZLVU,Male,0,No,No,43,Yes,No,No,No internet service,No internet service,No internet service,No internet service,No internet service,No internet service,Two year,No,Bank transfer (automatic),36.33,1551.63,No
7158-UXHAR,Male,1,No,Yes,43,Yes,Yes,Fiber optic,Yes,Yes,No,Yes,No,Yes,One year,Yes,Electronic check,120.0,5170.36,No
8651-BCVFU,Female,0,No,Yes,16,Yes,No,DSL,Yes,No,No,Yes,Yes,No,One year,No,Electronic check,82.27,1301.62,No
3011-VJWSX,Female,0,No,Yes,2,Yes,Yes,DSL,No,No,Yes,No,Yes,No,Two year,Yes,Electronic check,78.99,153.46,No
6787-UVJBY,Male,0,No,No,35,Yes,Yes,No,No internet service,No internet service,No internet service,No internet service,No internet service,No internet service,Month-to-month,Yes,Mailed check,38.17,1337.76,No
3726-GZHAZ,Female,0,No,No,6,Yes,Yes,DSL,No,Yes,No,No,No,Yes,One year,Yes,Bank transfer (automatic),84.55,528.1,Yes
3248-AXGOE,Male,0,Yes,No,22,Yes,No,Fiber optic,No,No,No,No,No,No,Two year,No,Bank transfer (automatic),85.04,1850.84,No
8093-HNESQ,Female,0,No,Yes,45,Yes,No,No,No internet service,No internet service,No internet service,No internet service,No internet service,No internet service,Month-to-month,Yes,Credit card (automatic),43.08,1934.28,No
4378-QZXHE,Female,0,Yes,No,29,Yes,Yes,No,No internet service,No internet service,No internet service,No internet service,No internet service,No internet service,Month-to-month,Yes,Electronic check,31.18,932.56,No
3584-TUUUO,Female,0,Yes,Yes,55,Yes,No,Fiber optic,No,No,Yes,Yes,Yes,Yes,Two year,No,Bank transfer (automatic),114.87,6323.3,Yes
1187-TONHI,Female,0,Yes,No,21,Yes,No,Fiber optic,No,No,Yes,No,No,No,Two year,Yes,Credit card (automatic),98.07,2072.86,No
1286-UJRRG,Male,0,Yes,Yes,14,Yes,Yes,Fiber optic,No,No,No,No,Yes,No,Month-to-month,No,Electronic check,99.37,1353.43,Yes
3660-RHAPV,Male,1,No,No,11,No,No phone service,Fiber optic,No,No,Yes,Yes,No,No,Two year,Yes,Electronic check,89.77,981.72,Yes
4943-RGRZI,Male,0,Yes,No,44,Yes,No,DSL,Yes,No,No,No,No,Yes,Two year,No,Credit card (automatic),79.7,3484.22,No
4052-FCZJU,Female,0,No,No,24,Yes,No,DSL,No,Yes,Yes,Yes,No,No,Month-to-month,No,Electronic check,90.28,2153.81,Yes
9293-LRSGW,Female,0,No,Yes,13,Yes,Yes,DSL,No,Yes,No,No,Yes,No,Month-to-month,Yes,Bank transfer (automatic),79.96,1036.16,Yes
7592-DEWEQ,Female,1,Yes,Yes,34,Yes,No,DSL,No,Yes,Yes,No,No,No,Month-to-month,No,Mailed check,84.46,2874.39,No
3833-RBSRH,Male,0,Yes,No,5,Yes,No,DSL,No,No,No,No,No,Yes,Month-to-month,No,Mailed check,61.51,303.58,No
3213-SMSXP,Male,0,No,No,27,Yes,Yes,No,No internet service,No internet service,No internet service,No internet service,No internet service,No internet service,Month-to-month,No,Credit card (automatic),35.57,955.82,No
8977-BRVSR,Female,0,No,No,32,Yes,No,Fiber optic,No,No,Yes,No,Yes,No,Two year,Yes,Mailed check,98.52,3157.45,No
8872-AZRZY,Female,1,Yes,No,35,Yes,Yes,No,No internet service,No internet service,No internet service,No internet service,No internet service,No internet service,One year,No,Mailed check,34.93,1220.77,No
2539-PQMLO,Female,0,Yes,No,72,Yes,Yes,Fiber optic,Yes,Yes,Yes,Yes,No,No,Two year,Yes,Electronic check,117.3,8458.54,No
3247-BKYZG,Male,0,Yes,No,20,Yes,No,Fiber optic,No,No,No,No,No,No,One year,No,Electronic check,86.86,1726.04,Yes
8716-VHMOB,Male,0,Yes,No,32,Yes,No,Fiber optic,No,Yes,No,No,No,No,Month-to-month,Yes,Mailed check,94.35,3044.47,Yes
2845-SFQJS,Female,0,Yes,No,36,Yes,No,Fiber optic,No,Yes,No,No,Yes,No,One year,No,Bank transfer (automatic),106.84,3867.36,No
2876-KJDLT,Female,1,No,No,24,Yes,Yes,DSL,No,No,No,No,No,No,One year,No,Electronic check,69.75,1655.25,No
3645-QGHRO,Male,0,Yes,No,8,Yes,No,Fiber optic,Yes,No,No,No,Yes,Yes,One year,No,Mailed check,111.35,895.73,No
9302-HUFGW,Female,0,Yes,No,47,Yes,Yes,Fiber optic,Yes,No,No,No,No,No,Month-to-month,No,Mailed check,95.22,4493.39,Yes
9104-IFDTG,Male,0,No,Yes,2,Yes,No,Fiber optic,Yes,No,No,No,No,Yes,Two year,No,Credit card (automatic),103.72,211.6,No
4820-GILDW,Male,0,No,Yes,9,Yes,No,Fiber optic,No,No,Yes,No,Yes,No,Month-to-month,No,Electronic check,103.21,951.41,Yes
9345-XUXOW,Female,0,Yes,Yes,19,Yes,No,No,No internet service,No internet service,No internet service,No internet service,No internet service,No internet service,Month-to-month,Yes,Credit card (automatic),43.85,844.38,No
2032-EPEEI,Female,0,No,No,9,Yes,No,Fiber optic,No,Yes,Yes,No,Yes,No,One year,Yes,Credit card (automatic),112.87,1026.0,Yes
4060-OCACU,Female,0,No,No,27,Yes,Yes,DSL,No,Yes,Yes,Yes,No,No,Two year,No,Electronic check,84.09,2278.1,No
7509-ALRHV,Male,0,Yes,Yes,59,Yes,No,DSL,No,No,No,No,No,No,Month-to-month,Yes,Mailed check,64.67,3842.44,No
1342-WIUTE,Female,1,Yes,Yes,72,Yes,No,No,No internet service,No internet service,No internet service,No internet service,No internet service,No internet service,Month-to-month,No,Bank transfer (automatic),38.0,2739.31,No
9986-LUJZC,Female,0,No,No,25,Yes,Yes,No,No internet service,No internet service,No internet service,No internet service,No internet service,No internet service,Two year,Yes,Electronic check,40.27,1039.11,No
9616-ITBJM,Female,0,No,Yes,34,Yes,Yes,No,No internet service,No internet service,No internet service,No internet service,No internet service,No internet service,Two year,Yes,Credit card (automatic),38.31,1321.59,No
7019-SEONS,Male,0,No,Yes,27,Yes,No,Fiber optic,No,No,No,No,Yes,No,Month-to-month,Yes,Credit card (automatic),97.17,2620.49,Yes
8600-VECZT,Female,1,Yes,Yes,24,Yes,No,No,No internet service,No internet service,No internet service,No internet service,No internet service,No internet service,Two year,No,Bank transfer (automatic),32.59,744.0,No
2330-AOHXS,Female,0,No,No,24,Yes,Yes,Fiber optic,No,No,No,No,Yes,Yes,Two year,Yes,Electronic check,105.21,2518.41,Yes
6202-BMUGD,Female,0,Yes,No,72,Yes,Yes,DSL,No,No,No,Yes,Yes,No,Month-to-month,Yes,Electronic check,65.73,4707.8,No
9731-CBNBT,Male,0,No,Yes,3,Yes,Yes,DSL,No,Yes,No,No,No,Yes,One year,Yes,Mailed check,79.52,248.05,No
2733-YFZZS,Female,1,No,Yes,50,Yes,No,No,No internet service,No internet service,No internet service,No internet service,No internet service,No internet service,Month-to-month,Yes,Electronic check,35.85,1767.54,No
5316-YZDRM,Male,1,Yes,Yes,12,Yes,No,No,No internet service,No internet service,No internet service,No internet service,No internet service,No internet service,Two year,Yes,Bank transfer (automatic),44.2,526.96,No
8709-QUESD,Male,0,Yes,No,21,Yes,No,DSL,No,No,No,No,No,No,Month-to-month,Yes,Mailed check,61.86,1272.73,Yes
9861-IGSMN,Female,0,No,No,8,Yes,Yes,DSL,No,No,No,No,Yes,No,One year,No,Bank transfer (automatic),72.12,574.04,No
9796-CBAPJ,Male,0,No,No,8,Yes,Yes,No,No internet service,No internet service,No internet service,No internet service,No internet service,No internet service,Two year,No,Bank transfer (automatic),41.9,336.99,No
4303-RKPID,Female,0,Yes,No,55,Yes,No,Fiber optic,No,Yes,No,No,No,Yes,Month-to-month,No,Electronic check,101.85,5576.14,No
8221-PNAWA,Male,0,No,No,14,No,No phone service,Fiber optic,Yes,No,No,No,No,Yes,One year,No,Bank transfer (automatic),82.85,1148.73,No
8376-IRNBA,Female,0,Yes,Yes,26,Yes,No,DSL,No,No,No,Yes,No,Yes,Month-to-month,Yes,Credit card (automatic),73.03,1855.58,Yes
7013-TJUVZ,Female,0,Yes,No,37,Yes,No,Fiber optic,No,No,No,No,No,No,Month-to-month,No,Mailed check,93.0,3439.61,No
8388-EIBLY,Female,1,Yes,No,72,Yes,No,Fiber optic,No,No,Yes,No,No,No,Two year,No,Bank transfer (automatic),95.56,6916.14,No
6973-QQRIU,Male,0,No,Yes,8,Yes,No,DSL,No,Yes,Yes,Yes,Yes,No,Two year,No,Electronic check,91.75,743.63,No
4916-HNRFQ,Male,0,Yes,No,72,Yes,Yes,DSL,No,No,Yes,No,No,No,One year,No,Bank transfer (automatic),77.39,5577.04,No
7567-EUVKN,Male,0,No,Yes,31,Yes,Yes,No,No internet service,No internet service,No internet service,No internet service,No internet service,No internet service,Two year,No,Credit card (automatic),38.34,1220.34,No
3014-PIXLQ,Male,0,Yes,No,30,Yes,Yes,DSL,No,No,No,No,Yes,Yes,Month-to-month,No,Bank transfer (automatic),77.47,2322.11,No
7743-KOIQP,Female,0,No,Yes,20,Yes,No,Fiber optic,No,No,No,No,No,No,Month-to-month,No,Electronic check,91.62,1821.07,Yes
3601-EQIBY,Male,1,No,No,17,Yes,Yes,Fiber optic,No,No,No,No,Yes,Yes,Two year,Yes,Electronic check,93.7,1574.95,Yes
8762-KEYOF,Male,0,Yes,Yes,5,Yes,Yes,Fiber optic,Yes,No,Yes,No,Yes,No,Two year,Yes,Credit card (automatic),111.51,556.93,No
7394-ENGYW,Male,0,Yes,No,62,Yes,No,No,No internet service,No internet service,No internet service,No internet service,No internet service,No internet service,Month-to-month,No,Bank transfer (automatic),41.33,2552.96,No
9459-FUXVL,Male,0,Yes,No,7,No,No phone service,Fiber optic,No,Yes,No,No,No,No,Month-to-month,No,Electronic check,81.81,559.19,No
2250-NYIIV,Female,0,Yes,No,15,Yes,No,Fiber optic,No,No,Yes,No,No,Yes,One year,No,Bank transfer (automatic),101.57,1533.98,No
2556-HUGAZ,Female,1,No,No,56,Yes,No,Fiber optic,No,No,Yes,Yes,Yes,No,Month-to-month,Yes,Electronic check,117.72,6625.83,No
6373-LRNGO,Male,0,No,Yes,23,Yes,No,No,No internet service,No internet service,No internet service,No internet service,No internet service,No internet service,Two year,Yes,Credit card (automatic),41.71,952.62,No
5981-HOEQF,Female,0,Yes,No,9,Yes,Yes,No,No internet service,No internet service,No internet service,No internet service,No internet service,No internet service,Month-to-month,No,Mailed check,42.27,370.1,No
8581-EGORG,Female,0,No,Yes,47,Yes,No,Fiber optic,Yes,Yes,No,No,Yes,No,Month-to-month,Yes,Electronic check,112.69,5298.93,No
9623-AGCLP,Male,0,Yes,No,17,Yes,Yes,Fiber optic,No,Yes,No,Yes,No,Yes,Month-to-month,Yes,Electronic check,113.83,1943.57,Yes
9589-DSVKL,Male,0,Yes,Yes,15,No,No phone service,No,No internet service,No internet service,No internet service,No internet service,No internet service,No internet service,One year,Yes,Electronic check,18.78,281.3,No
8047-KEBOE,Male,1,Yes,No,7,Yes,No,DSL,No,No,Yes,No,Yes,No,Two year,Yes,Bank transfer (automatic),85.42,596.16,No
4240-TWSWO,Male,0,Yes,No,16,Yes,No,No,No internet service,No internet service,No internet service,No internet service,No internet service,No internet service,Month-to-month,No,Bank transfer (automatic),35.94,594.31,No
3153-AZQXE,Male,1,No,No,19,Yes,No,DSL,No,Yes,No,No,Yes,No,Two year,Yes,Bank transfer (automatic),90.34,1715.61,No
7276-YRRVH,Male,0,Yes,No,37,Yes,No,Fiber optic,No,No,Yes,No,No,Yes,Month-to-month,Yes,Electronic check,114.28,4202.33,Yes
4156-MZIPS,Female,0,No,Yes,13,Yes,Yes,DSL,No,Yes,Yes,No,Yes,Yes,Month-to-month,No,Credit card (automatic),85.49,1121.53,Yes
7243-IWTZJ,Male,1,Yes,No,64,Yes,No,Fiber optic,Yes,No,No,No,Yes,No,Two year,Yes,Credit card (automatic),101.84,6529.32,No
5799-SDZNW,Female,0,No,Yes,57,Yes,No,DSL,No,No,No,Yes,Yes,Yes,Month-to-month,No,Bank transfer (automatic),89.94,5118.89,Yes
2907-XBXLU,Male,0,Yes,Yes,57,Yes,Yes,DSL,Yes,Yes,No,No,No,No,Month-to-month,Yes,Bank transfer (automatic),84.71,4809.56,No
3828-CUAOA,Male,1,Yes,No,29,Yes,Yes,Fiber optic,Yes,Yes,No,No,No,Yes,One year,No,Electronic check,108.83,3125.83,No
6520-KSKXW,Female,0,Yes,No,45,No,No phone service,No,No internet service,No internet service,No internet service,No internet service,No internet service,No internet service,Month-to-month,Yes,Credit card (automatic),18.25,846.22,No
3412-WGWTR,Female,1,Yes,No,42,Yes,Yes,DSL,No,Yes,No,Yes,No,Yes,Two year,Yes,Electronic check,92.41,3895.6,No
9789-YRQMH,Female,0,Yes,No,52,Yes,No,Fiber optic,No,Yes,Yes,No,No,Yes,Month-to-month,Yes,Credit card (automatic),113.91,5937.39,No
4725-OPPFE,Male,1,Yes,Yes,56,Yes,No,DSL,No,No,No,No,Yes,No,Month-to-month,Yes,Mailed check,69.97,3940.05,No
7949-LLWRX,Male,0,No,Yes,44,Yes,No,Fiber optic,Yes,No,Yes,No,Yes,No,Month-to-month,No,Electronic check,112.13,4904.33,No
3930-PQVJT,Male,0,Yes,No,44,Yes,No,DSL,No,No,No,No,Yes,No,Month-to-month,Yes,Electronic check,75.93,3330.3,Yes
3591-MNMMZ,Male,1,No,Yes,41,Yes,No,DSL,No,No,No,Yes,No,No,One year,No,Credit card (automatic),72.76,2978.07,No
2826-FDWNS,Female,0,No,No,44,Yes,Yes,Fiber optic,Yes,Yes,No,No,Yes,Yes,Month-to-month,Yes,Mailed check,120.0,5271.9,Yes
5759-NFTND,Male,0,No,No,27,Yes,No,DSL,No,No,No,No,No,No,Two year,Yes,Mailed check,56.42,1522.91,No
8231-PGKYP,Male,0,No,Yes,15,Yes,No,Fiber optic,No,No,No,No,No,No,Month-to-month,No,Credit card (automatic),92.27,1369.77,No
7821-QKPOK,Female,0,Yes,No,10,Yes,No,DSL,No,Yes,Yes,No,Yes,Yes,Month-to-month,No,Mailed check,95.63,979.21,No
3737-SWHBL,Male,1,No,No,7,Yes,No,Fiber optic,No,No,Yes,No,No,Yes,One year,Yes,Credit card (automatic),114.17,778.5,No
2107-OAKXK,Male,0,No,No,10,Yes,No,DSL,Yes,Yes,No,Yes,Yes,Yes,Month-to-month,Yes,Credit card (automatic),102.56,1005.84,Yes
8888-FZXWA,Male,0,No,No,54,Yes,Yes,Fiber optic,No,No,No,No,No,No,Month-to-month,Yes,Bank transfer (automatic),97.2,5228.56,Yes
2377-GGPRO,Male,0,Yes,No,70,Yes,No,DSL,Yes,Yes,No,Yes,No,No,One year,No,Electronic check,89.5,6277.59,No
9239-PSZGL,Female,1,No,No,43,Yes,No,Fiber optic,No,No,Yes,Yes,No,Yes,Month-to-month,Yes,Credit card (automatic),113.55,4875.78,Yes
9206-PVJMN,Female,1,Yes,No,32,Yes,No,DSL,Yes,No,No,No,No,Yes,Month-to-month,No,Bank transfer (automatic),71.19,2256.01,No
7235-VWPTF,Female,1,No,No,5,Yes,No,DSL,No,No,No,No,Yes,Yes,Two year,No,Mailed check,76.53,358.52,No
4589-YCBEZ,Male,0,Yes,No,24,Yes,No,Fiber optic,Yes,No,No,Yes,No,No,Month-to-month,Yes,Bank transfer (automatic),106.74,2547.3,No
4452-MVQOJ,Female,0,Yes,No,15,Yes,No,Fiber optic,No,No,Yes,Yes,Yes,Yes,One year,Yes,Electronic check,111.62,1662.66,Yes
4196-WSGWM,Female,0,No,No,15,Yes,No,DSL,Yes,No,No,No,No,No,Month-to-month,No,Electronic check,70.89,1054.98,Yes
8861-WCRTF,Male,0,No,No,29,Yes,No,Fiber optic,Yes,No,No,Yes,No,Yes,Two year,Yes,Bank transfer (automatic),113.8,3313.09,No
2803-KTMAO,Female,0,Yes,Yes,43,Yes,Yes,DSL,No,Yes,No,No,Yes,No,Month-to-month,Yes,Bank transfer (automatic),89.31,3883.37,Yes
5331-JBLLB,Male,0,No,No,27,Yes,No,DSL,No,No,Yes,Yes,No,Yes,Month-to-month,Yes,Mailed check,82.4,2223.07,No
2002-ECRMY,Female,0,No,No,72,Yes,Yes,Fiber optic,No,No,No,No,No,No,Month-to-month,Yes,Bank transfer (automatic),92.36,6634.69,No
9702-YDZXG,Female,0,No,No,31,Yes,No,No,No internet service,No internet service,No internet service,No internet service,No internet service,No internet service,One year,No,Credit card (automatic),37.79,1129.66,No
4388-KTHPJ,Male,0,No,No,4,Yes,Yes,Fiber optic,No,No,Yes,No,Yes,No,Month-to-month,No,Electronic check,101.32,378.17,Yes
3392-CQOVW,Male,0,Yes,No,72,Yes,Yes,Fiber optic,No,Yes,No,Yes,Yes,No,Two year,No,Mailed check,111.1,7972.13,No
9645-TIAUE,Male,0,Yes,No,25,Yes,Yes,Fiber optic,Yes,No,No,No,No,Yes,Month-to-month,Yes,Electronic check,97.51,2427.99,No
2751-YXTGB,Female,1,No,No,70,Yes,Yes,Fiber optic,No,No,No,Yes,No,Yes,Two year,Yes,Credit card (automatic),107.05,7484.68,No
6524-WHFLL,Male,0,Yes,No,7,Yes,No,DSL,No,No,No,No,No,Yes,Two year,No,Electronic check,68.72,481.45,No
1792-NHGHV,Female,1,No,No,13,No,No phone service,Fiber optic,Yes,Yes,No,No,Yes,No,Two year,Yes,Mailed check,98.74,1304.96,No
8104-WOXVM,Male,0,No,No,10,Yes,No,DSL,No,No,Yes,No,Yes,No,One year,Yes,Credit card (automatic),86.12,901.33,No
2128-UBDHD,Male,0,No,No,53,No,No phone service,Fiber optic,No,Yes,No,No,No,Yes,One year,Yes,Bank transfer (automatic),85.68,4536.73,Yes
4629-CBVHJ,Female,0,Yes,No,62,Yes,No,No,No internet service,No internet service,No internet service,No internet service,No internet service,No internet service,Two year,No,Electronic check,39.45,2451.41,No
1507-ESFWK,Female,0,No,No,39,No,No phone service,DSL,No,No,Yes,No,Yes,Yes,Month-to-month,Yes,Credit card (automatic),64.4,2532.69,No
3088-EAYEX,Female,0,No,Yes,33,Yes,No,Fiber optic,No,No,No,No,No,Yes,Two year,No,Electronic check,100.1,3287.66,No
1237-MAYML,Male,0,Yes,Yes,4,No,No phone service,DSL,Yes,No,No,No,No,No,One year,Yes,Mailed check,56.58,224.34,No
6745-VYRYN,Male,0,Yes,No,14,Yes,No,Fiber optic,No,Yes,No,No,No,No,Two year,Yes,Electronic check,91.03,1256.87,No
4660-TUIDK,Male,1,Yes,No,16,No,No phone service,Fiber optic,No,Yes,No,No,Yes,Yes,Month-to-month,Yes,Bank transfer (automatic),93.55,1521.59,Yes
3651-CYQVV,Female,0,Yes,No,6,Yes,Yes,Fiber optic,No,No,No,No,Yes,No,One year,Yes,Electronic check,94.34,561.17,Yes
2106-GSRRU,Female,0,No,Yes,24,Yes,No,Fiber optic,No,Yes,No,Yes,No,No,Month-to-month,No,Credit card (automatic),104.7,2520.92,Yes
9086-KNDPZ,Male,0,No,Yes,39,Yes,Yes,Fiber optic,No,Yes,Yes,No,Yes,Yes,Month-to-month,Yes,Mailed check,115.81,4563.85,No
2746-AWTYE,Female,0,Yes,No,49,Yes,No,DSL,No,Yes,No,No,No,No,Month-to-month,No,Electronic check,66.23,3239.3,No
2148-RUBUU,Male,0,No,No,41,Yes,Yes,DSL,No,No,No,No,Yes,No,One year,No,Credit card (automatic),72.87,2989.55,No
9903-JJBZZ,Female,0,Yes,No,21,Yes,No,No,No internet service,No internet service,No internet service,No internet service,No internet service,No internet service,Month-to-month,Yes,Bank transfer (automatic),45.8,979.01,No
2384-AWWRD,Female,0,Yes,No,17,Yes,Yes,No,No internet service,No internet service,No internet service,No internet service,No internet service,No internet service,Two year,Yes,Mailed check,36.92,653.03,No
4013-HREAQ,Female,0,Yes,No,22,Yes,No,DSL,No,Yes,Yes,Yes,No,Yes,Two year,No,Mailed check,102.11,2237.94,No
7646-NFHKX,Male,1,No,No,24,No,No phone service,No,No internet service,No internet service,No internet service,No internet service,No internet service,No internet service,Two year,No,Mailed check,18.25,446.88,No
7467-MYRQD,Female,1,No,Yes,10,Yes,No,No,No internet service,No internet service,No internet service,No internet service,No internet service,No internet service,Two year,Yes,Mailed check,40.14,418.93,No
7634-CSQIJ,Male,0,No,No,18,No,No phone service,Fiber optic,No,Yes,No,No,No,No,Month-to-month,No,Credit card (automatic),76.16,1384.82,Yes
5906-DJVIE,Female,1,No,No,15,Yes,No,Fiber optic,No,No,No,No,Yes,Yes,Two year,Yes,Electronic check,105.61,1575.24,Yes
7930-KGRZA,Male,0,Yes,No,72,Yes,No,DSL,No,No,No,Yes,Yes,No,Month-to-month,No,Mailed check,83.32,5993.61,No
2106-HLQTX,Female,0,No,No,52,Yes,Yes,No,No internet service,No internet service,No internet service,No internet service,No internet service,No internet service,Month-to-month,No,Bank transfer (automatic),37.17,1916.19,No
8169-XXDHB,Male,1,Yes,No,39,Yes,No,Fiber optic,No,No,No,No,No,Yes,Month-to-month,Yes,Credit card (automatic),100.45,3901.04,No
2769-DAPJH,Male,0,Yes,Yes,11,Yes,No,DSL,No,No,No,No,Yes,No,Month-to-month,Yes,Electronic check,69.21,767.22,Yes
1249-ORVAP,Female,0,No,Yes,45,Yes,Yes,Fiber optic,No,Yes,No,Yes,Yes,No,Month-to-month,No,Electronic check,114.34,5149.22,No
2037-URBJO,Female,0,Yes,No,14,Yes,No,No,No internet service,No internet service,No internet service,No internet service,No internet service,No internet service,Month-to-month,No,Credit card (automatic),48.23,639.39,Yes
6209-WZKKX,Male,0,Yes,No,45,Yes,No,No,No internet service,No internet service,No internet service,No internet service,No internet service,No internet service,Two year,Yes,Credit card (automatic),39.55,1788.33,No
7814-KHNQD,Female,0,Yes,No,21,Yes,Yes,No,No internet service,No internet service,No internet service,No internet service,No internet service,No internet service,Month-to-month,Yes,Bank transfer (automatic),40.85,866.39,No
3023-LFERO,Male,0,Yes,Yes,58,Yes,No,DSL,No,Yes,No,Yes,No,No,Two year,Yes,Mailed check,79.66,4634.05,No
3266-HKCEX,Male,0,No,No,7,Yes,No,Fiber optic,Yes,No,No,Yes,Yes,No,Two year,Yes,Electronic check,104.32,718.82,Yes
4730-AVZOB,Male,0,Yes,Yes,44,Yes,No,No,No internet service,No internet service,No internet service,No internet service,No internet service,No internet service,Two year,Yes,Credit card (automatic),38.47,1651.59,No
9137-HXCYS,Male,0,No,No,62,Yes,No,No,No internet service,No internet service,No internet service,No internet service,No internet service,No internet service,Two year,Yes,Bank transfer (automatic),41.17,2585.8,No
3512-DXIQL,Male,0,No,Yes,22,Yes,Yes,Fiber optic,No,Yes,No,Yes,No,Yes,Two year,Yes,Bank transfer (automatic),109.15,2390.71,No
3424-XNUYV,Male,1,No,No,21,Yes,No,Fiber optic,Yes,Yes,Yes,No,Yes,No,Month-to-month,Yes,Credit card (automatic),116.41,2380.26,Yes
8611-YBPKD,Male,0,Yes,No,26,Yes,No,No,No internet service,No internet service,No internet service,No internet service,No internet service,No internet service,Month-to-month,No,Credit card (automatic),42.46,1108.73,No
1344-AYJKA,Male,0,No,Yes,39,Yes,No,Fiber optic,No,No,Yes,Yes,No,Yes,Month-to-month,Yes,Electronic check,108.5,4246.85,No
2365-SUEBW,Male,0,Yes,No,16,Yes,No,DSL,No,No,Yes,No,Yes,No,Month-to-month,No,Electronic check,73.0,1146.89,No
4628-RZYHQ,Female,0,Yes,No,14,Yes,Yes,Fiber optic,No,No,Yes,No,No,Yes,Month-to-month,Yes,Electronic check,100.97,1423.79,Yes
4627-VAEDQ,Female,0,No,Yes,72,Yes,No,No,No internet service,No internet service,No internet service,No internet service,No internet service,No internet service,Month-to-month,No,Credit card (automatic),34.45,2482.17,No
7420-SHEBE,Male,0,Yes,Yes,20,Yes,Yes,DSL,Yes,No,No,No,No,Yes,Two year,No,Mailed check,80.21,1601.68,No
7496-IPGZV,Male,0,No,No,25,Yes,Yes,Fiber optic,Yes,No,No,No,No,No,Month-to-month,Yes,Bank transfer (automatic),95.66,2377.51,Yes
5840-XCNIU,Female,0,Yes,No,18,Yes,No,No,No internet service,No internet service,No internet service,No internet service,No internet service,No internet service,Two year,No,Mailed check,36.81,695.95,No
2719-QOQHL,Female,0,No,No,41,Yes,No,Fiber optic,No,No,No,No,Yes,No,Month-to-month,Yes,Mailed check,95.44,3907.98,No
3489-EQXMX,Female,0,No,No,15,Yes,Yes,Fiber optic,No,Yes,No,No,No,No,One year,Yes,Electronic check,96.9,1470.5,No
7174-YRTDF,Female,0,No,No,23,No,No phone service,Fiber optic,Yes,No,No,No,No,No,Month-to-month,Yes,Credit card (automatic),73.96,1688.02,Yes
1516-CLKXA,Female,0,Yes,No,54,Yes,Yes,Fiber optic,Yes,Yes,No,No,No,No,Two year,Yes,Mailed check,108.35,5870.37,No
8250-TWKZO,Female,0,Yes,No,49,Yes,No,Fiber optic,No,Yes,No,Yes,Yes,No,One year,Yes,Credit card (automatic),103.79,5088.85,No
4652-HUEJT,Male,0,No,No,20,Yes,No,DSL,Yes,Yes,Yes,No,Yes,Yes,Month-to-month,No,Electronic check,98.51,2004.51,Yes
1036-NKSIA,Male,0,No,Yes,27,Yes,No,No,No internet service,No internet service,No internet service,No internet service,No internet service,No internet service,Two year,Yes,Electronic check,34.59,921.03,No
3568-GQAPW,Male,0,Yes,Yes,12,Yes,Yes,DSL,No,No,No,No,No,No,Month-to-month,No,Electronic check,63.14,767.06,No
1641-TTJYH,Male,0,Yes,No,27,Yes,No,Fiber optic,No,No,Yes,No,Yes,Yes,Two year,Yes,Electronic check,97.1,2611.17,No
3990-ZQVFI,Female,0,No,No,72,Yes,Yes,Fiber optic,No,Yes,No,No,Yes,No,Month-to-month,Yes,Bank transfer (automatic),102.58,7357.01,No
2124-LADRP,Female,0,No,No,47,Yes,No,DSL,Yes,Yes,No,No,No,No,Month-to-month,Yes,Electronic check,82.75,3871.41,Yes
1426-VIUMK,Female,0,No,Yes,12,Yes,No,DSL,No,Yes,Yes,Yes,No,No,Month-to-month,No,Mailed check,91.38,1082.74,No
2003-XTJZG,Male,0,No,No,6,Yes,Yes,Fiber optic,No,No,Yes,No,Yes,No,One year,No,Electronic check,104.67,660.94,Yes
6802-FLMOY,Male,0,Yes,No,12,Yes,No,DSL,No,No,Yes,No,Yes,No,Two year,No,Credit card (automatic),78.07,930.06,Yes
6082-MTMAC,Male,0,Yes,No,9,Yes,No,No,No internet service,No internet service,No internet service,No internet service,No internet service,No internet service,One year,Yes,Electronic check,36.86,322.65,Yes
9956-KSTVS,Female,1,No,Yes,24,Yes,Yes,No,No internet service,No internet service,No internet service,No internet service,No internet service,No internet service,Month-to-month,No,Bank transfer (automatic),39.06,955.64,Yes
5536-NIFQG,Male,0,No,No,57,No,No phone service,No,No internet service,No internet service,No internet service,No internet service,No internet service,No internet service,Month-to-month,Yes,Credit card (automatic),19.28,1139.49,No
4679-BIHOE,Male,0,Yes,No,24,Yes,No,No,No internet service,No internet service,No internet service,No internet service,No internet service,No internet service,Month-to-month,No,Credit card (automatic),40.87,999.16,Yes
6441-WVPII,Female,0,No,Yes,15,Yes,Yes,DSL,Yes,No,No,Yes,Yes,No,Month-to-month,Yes,Bank transfer (automatic),91.64,1400.71,No
6732-BXCKX,Female,0,Yes,No,20,Yes,Yes,Fiber optic,No,No,No,No,No,Yes,Month-to-month,Yes,Bank transfer (automatic),101.23,2006.11,Yes
9550-QNPZT,Female,0,Yes,Yes,38,Yes,Yes,Fiber optic,Yes,Yes,No,No,No,No,Month-to-month,Yes,Mailed check,106.17,4035.58,No
1633-RAUYY,Male,0,No,No,30,Yes,Yes,DSL,No,No,No,Yes,No,Yes,One year,Yes,Bank transfer (automatic),76.58,2248.29,No
8060-RUEVJ,Male,0,Yes,Yes,12,Yes,No,Fiber optic,No,No,No,No,No,Yes,One year,Yes,Credit card (automatic),98.4,1212.16,Yes
2186-QVRJH,Male,0,Yes,No,47,Yes,No,DSL,No,Yes,Yes,No,Yes,Yes,Month-to-month,Yes,Mailed check,95.61,4499.7,No
2985-ZEFOI,Male,0,No,Yes,10,Yes,Yes,No,No internet service,No internet service,No internet service,No internet service,No internet service,No internet service,Two year,Yes,Bank transfer (automatic),34.34,358.21,No
6306-FJQBH,Female,0,Yes,No,28,Yes,No,No,No internet service,No internet service,No internet service,No internet service,No internet service,No internet service,Two year,Yes,Credit card (automatic),37.87,1095.81,No
7890-IISNS,Male,0,Yes,Yes,18,Yes,No,No,No internet service,No internet service,No internet service,No internet service,No internet service,No internet service,Two year,No,Electronic check,44.41,783.61,No
1625-OUIEH,Male,0,No,No,22,Yes,Yes,DSL,No,Yes,Yes,No,Yes,No,Two year,No,Bank transfer (automatic),86.37,1899.17,No
3806-YDTZS,Female,0,Yes,Yes,11,Yes,No,DSL,Yes,No,Yes,No,No,No,Month-to-month,No,Electronic check,84.35,915.36,No
1388-BWBCY,Male,0,No,No,27,Yes,Yes,DSL,Yes,No,No,Yes,Yes,No,Two year,Yes,Mailed check,85.03,2313.32,No
1619-NGOAO,Male,1,Yes,No,10,Yes,Yes,No,No internet service,No internet service,No internet service,No internet service,No internet service,No internet service,Month-to-month,Yes,Bank transfer (automatic),48.36,499.23,No
6700-VSMZP,Male,0,Yes,No,17,Yes,Yes,Fiber optic,No,Yes,No,No,No,No,Month-to-month,No,Mailed check,98.98,1694.51,No
1121-NPCHA,Male,0,No,Yes,21,Yes,No,Fiber optic,No,No,No,No,No,Yes,Two year,No,Electronic check,97.04,2037.7,No
9205-XDANT,Male,0,Yes,No,13,Yes,No,DSL,Yes,No,No,No,No,Yes,Two year,No,Credit card (automatic),81.69,1069.67,No
4710-CEHGG,Female,0,No,No,64,Yes,Yes,Fiber optic,No,No,No,No,No,No,Month-to-month,No,Electronic check,91.85,5862.5,No
7681-QFBZZ,Female,0,No,No,17,Yes,Yes,Fiber optic,Yes,Yes,No,No,Yes,No,Two year,Yes,Mailed check,111.28,1905.44,No
4204-LSMRS,Male,0,No,No,20,Yes,No,No,No internet service,No internet service,No internet service,No internet service,No internet service,No internet service,One year,No,Electronic check,43.53,890.6,No
8340-FSLUL,Male,0,Yes,No,26,No,No phone service,Fiber optic,Yes,No,No,No,Yes,No,Month-to-month,No,Credit card (automatic),77.06,1992.63,Yes
9282-EPGYU,Male,0,Yes,No,7,Yes,Yes,DSL,No,Yes,No,Yes,No,No,Two year,Yes,Mailed check,76.72,508.56,No
7593-UXKGZ,Female,1,No,No,5,Yes,No,Fiber optic,Yes,No,No,Yes,No,No,Month-to-month,No,Credit card (automatic),105.63,558.76,Yes
6221-HJTPI,Female,1,Yes,Yes,21,Yes,No,Fiber optic,No,Yes,No,Yes,Yes,No,Two year,Yes,Mailed check,101.38,2158.41,No
2133-SVNUG,Female,0,No,Yes,6,Yes,No,No,No internet service,No internet service,No internet service,No internet service,No internet service,No internet service,Two year,Yes,Mailed check,40.95,251.91,No
1740-PUHSV,Male,0,No,No,33,No,No phone service,Fiber optic,No,Yes,Yes,No,Yes,No,Month-to-month,No,Electronic check,87.4,2891.36,No
8010-DIHPF,Male,0,Yes,No,34,Yes,Yes,No,No internet service,No internet service,No internet service,No internet service,No internet service,No internet service,Two year,No,Mailed check,42.31,1417.98,No
9380-AOVHN,Male,1,Yes,No,33,Yes,Yes,Fiber optic,No,No,No,Yes,Yes,No,Month-to-month,No,Credit card (automatic),109.45,3616.19,No
3482-RJUFI,Male,1,No,Yes,44,No,No phone service,DSL,Yes,No,No,No,No,Yes,Two year,No,Bank transfer (automatic),53.31,2331.46,No
5774-OTNHB,Male,0,No,No,21,Yes,No,No,No internet service,No internet service,No internet service,No internet service,No internet service,No internet service,One year,Yes,Electronic check,40.56,831.64,No
7230-UDQCI,Female,0,Yes,No,65,Yes,Yes,No,No internet service,No internet service,No internet service,No internet service,No internet service,No internet service,One year,Yes,Mailed check,37.51,2449.81,No
3970-RUAES,Male,0,No,No,31,Yes,No,DSL,No,No,No,No,Yes,Yes,Two year,Yes,Mailed check,80.5,2531.34,No
2083-XKKOP,Female,0,No,No,62,No,No phone service,Fiber optic,No,Yes,No,No,Yes,No,One year,No,Bank transfer (automatic),82.57,5119.99,No
5295-SJMIQ,Female,0,Yes,Yes,43,Yes,No,Fiber optic,No,No,Yes,No,Yes,No,Month-to-month,Yes,Bank transfer (automatic),109.09,4666.32,No
2635-NLUKM,Female,0,Yes,No,22,Yes,No,Fiber optic,No,No,No,No,No,Yes,One year,Yes,Mailed check,87.37,1913.79,No
8500-RPIIB,Male,0,No,Yes,31,Yes,No,No,No internet service,No internet service,No internet service,No internet service,No internet service,No internet service,One year,No,Credit card (automatic),39.26,1229.4,No
3604-IVGNE,Female,0,No,No,38,Yes,Yes,No,No internet service,No internet service,No internet service,No internet service,No internet service,No internet service,Month-to-month,Yes,Bank transfer (automatic),45.89,1783.65,No
7465-VOPYM,Male,0,No,No,4,Yes,No,DSL,No,No,No,No,No,Yes,Month-to-month,No,Electronic check,70.45,234.3,No
5630-AOBZB,Male,0,Yes,Yes,7,Yes,No,Fiber optic,Yes,Yes,No,No,No,Yes,Month-to-month,No,Mailed check,112.58,777.05,Yes
3120-ZRYEL,Male,0,No,No,72,Yes,No,DSL,No,Yes,No,No,No,No,Two year,No,Credit card (automatic),73.95,5317.2,No
3896-IWNNY,Male,0,No,No,38,Yes,No,Fiber optic,Yes,No,No,No,No,Yes,One year,Yes,Electronic check,102.96,3894.75,No
6488-LIQBM,Female,0,No,No,53,Yes,No,No,No internet service,No internet service,No internet service,No internet service,No internet service,No internet service,Two year,Yes,Electronic check,46.8,2483.32,No
4523-SNWBF,Female,0,Yes,No,21,Yes,Yes,DSL,Yes,No,No,No,Yes,No,Month-to-month,Yes,Bank transfer (automatic),80.91,1678.05,No
4797-ZGVZZ,Female,0,Yes,No,63,Yes,Yes,DSL,No,Yes,No,No,Yes,Yes,Two year,Yes,Mailed check,87.67,5523.44,No
7976-VUKAF,Male,0,No,No,22,Yes,No,No,No internet service,No internet service,No internet service,No internet service,No internet service,No internet service,Two year,Yes,Electronic check,43.14,912.4,No
3662-ZCJET,Male,0,Yes,No,37,Yes,Yes,Fiber optic,No,No,No,No,Yes,Yes,Month-to-month,Yes,Credit card (automatic),108.53,4024.67,No
5367-JERUX,Female,0,Yes,No,69,Yes,No,DSL,No,No,No,No,No,No,Month-to-month,Yes,Electronic check,74.22,5127.97,Yes
5972-UYQUS,Male,0,No,Yes,41,Yes,No,Fiber optic,No,No,No,No,No,No,Two year,Yes,Bank transfer (automatic),87.85,3624.79,No
5368-VFCYQ,Female,0,Yes,Yes,10,Yes,Yes,Fiber optic,Yes,Yes,No,Yes,No,Yes,Two year,Yes,Mailed check,120.0,1203.74,Yes
9451-UXVQU,Female,0,No,Yes,23,Yes,No,Fiber optic,Yes,No,No,No,No,Yes,Month-to-month,Yes,Bank transfer (automatic),106.93,2446.0,No
5877-WHAHJ,Female,0,No,No,32,Yes,Yes,Fiber optic,No,Yes,Yes,No,Yes,Yes,Two year,Yes,Bank transfer (automatic),118.55,3779.79,No
4251-DZIKO,Female,0,No,No,39,Yes,No,DSL,No,Yes,No,No,No,No,Two year,No,Electronic check,69.53,2724.26,No
7222-FFFQP,Male,0,Yes,Yes,58,Yes,No,Fiber optic,No,No,No,No,Yes,Yes,Month-to-month,Yes,Credit card (automatic),104.86,6093.36,Yes
6511-HCGRS,Male,0,No,No,39,Yes,No,Fiber optic,No,Yes,No,Yes,No,No,Month-to-month,Yes,Bank transfer (automatic),103.07,4006.16,Yes
1616-IUBYI,Male,0,No,No,24,Yes,No,DSL,No,Yes,No,No,Yes,Yes,One year,No,Credit card (automatic),78.16,1825.96,No
9046-CWAKC,Male,0,No,Yes,20,No,No phone service,No,No internet service,No internet service,No internet service,No internet service,No internet service,No internet service,Month-to-month,No,Electronic check,24.5,498.28,No
3631-YQDAK,Male,0,Yes,No,21,Yes,Yes,No,No internet service,No internet service,No internet service,No internet service,No internet service,No internet service,Two year,No,Bank transfer (automatic),41.47,852.45,No
4436-MEPGK,Female,0,Yes,No,17,Yes,No,No,No internet service,No internet service,No internet service,No internet service,No internet service,No internet service,Month-to-month,No,Credit card (automatic),45.7,761.86,No
3559-VJESD,Male,0,No,Yes,16,Yes,No,Fiber optic,No,No,No,No,Yes,No,Month-to-month,No,Bank transfer (automatic),100.15,1628.28,Yes
6758-CVDYM,Female,0,Yes,No,52,Yes,Yes,DSL,No,No,No,No,No,Yes,Month-to-month,No,Credit card (automatic),69.62,3619.17,No
6466-QWRUH,Female,1,No,Yes,28,Yes,No,No,No internet service,No internet service,No internet service,No internet service,No internet service,No internet service,One year,No,Mailed check,43.12,1218.78,Yes
8375-NELUX,Female,0,Yes,No,17,Yes,No,DSL,No,No,Yes,Yes,Yes,Yes,Month-to-month,No,Bank transfer (automatic),95.04,1658.62,Yes
6263-ACYGB,Male,0,Yes,No,26,Yes,Yes,Fiber optic,Yes,Yes,No,No,Yes,No,Month-to-month,No,Mailed check,114.92,2999.03,No
2435-YKBSW,Female,0,No,No,18,Yes,Yes,No,No internet service,No internet service,No internet service,No internet service,No internet service,No internet service,Month-to-month,No,Electronic check,40.71,751.95,No
8742-RLRSN,Male,0,No,No,5,Yes,Yes,No,No internet service,No internet service,No internet service,No internet service,No internet service,No internet service,Month-to-month,Yes,Bank transfer (automatic),42.19,240.85,Yes
2365-RLUVS,Male,1,No,Yes,40,Yes,Yes,Fiber optic,Yes,No,No,No,Yes,No,Two year,No,Mailed check,106.65,4279.85,No
7554-REEJV,Male,0,Yes,No,54,Yes,No,No,No internet service,No internet service,No internet service,No internet service,No internet service,No internet service,Month-to-month,Yes,Credit card (automatic),42.81,2336.44,No
7780-CSFIU,Male,1,No,No,48,Yes,Yes,DSL,No,No,No,No,Yes,No,Month-to-month,Yes,Credit card (automatic),71.78,3433.23,No
3324-QIMBU,Male,0,No,No,46,Yes,No,DSL,No,Yes,Yes,No,No,No,Month-to-month,Yes,Credit card (automatic),77.99,3569.14,Yes
3956-TDPVC,Male,0,Yes,No,10,No,No phone service,Fiber optic,No,No,No,No,No,Yes,Month-to-month,No,Bank transfer (automatic),75.73,763.69,Yes
7314-ZCMRM,Female,1,Yes,No,62,Yes,No,No,No internet service,No internet service,No internet service,No internet service,No internet service,No internet service,Month-to-month,Yes,Credit card (automatic),32.79,2009.72,No
7783-ACGEK,Male,0,Yes,Yes,16,Yes,No,DSL,No,No,No,Yes,No,No,One year,No,Mailed check,71.12,1153.2,No
2567-SFHEY,Male,0,No,No,8,Yes,Yes,Fiber optic,No,No,No,Yes,No,No,One year,Yes,Bank transfer (automatic),95.47,780.44,No
6139-YTWQM,Female,0,Yes,No,2,Yes,No,No,No internet service,No internet service,No internet service,No internet service,No internet service,No internet service,Month-to-month,Yes,Electronic check,30.15,20.48,No
8333-JQULP,Female,1,No,No,31,Yes,No,No,No internet service,No internet service,No internet service,No internet service,No internet service,No internet service,Month-to-month,No,Bank transfer (automatic),39.95,1220.21,Yes
5342-DUDFO,Female,0,Yes,No,64,Yes,Yes,Fiber optic,Yes,No,No,No,Yes,Yes,Month-to-month,Yes,Electronic check,109.97,7033.13,Yes
9751-GZBWC,Male,0,No,No,58,Yes,No,No,No internet service,No internet service,No internet service,No internet service,No internet service,No internet service,Two year,No,Credit card (automatic),37.83,2205.93,No
3843-JKOOY,Female,0,No,No,26,Yes,No,Fiber optic,Yes,Yes,No,No,Yes,No,Month-to-month,No,Mailed check,109.72,2868.85,No
9809-ZIBKS,Female,0,No,No,51,Yes,Yes,DSL,Yes,Yes,Yes,No,No,No,One year,Yes,Credit card (automatic),91.2,4610.56,Yes
5674-PFNSF,Male,0,Yes,No,72,Yes,No,Fiber optic,Yes,No,Yes,Yes,Yes,No,Two year,Yes,Credit card (automatic),112.26,8095.05,No
4707-QBOTF,Male,0,Yes,No,19,Yes,No,DSL,Yes,Yes,No,No,Yes,No,Month-to-month,Yes,Bank transfer (automatic),88.41,1701.91,No
4589-FZOLJ,Female,0,No,No,36,Yes,Yes,Fiber optic,No,No,No,Yes,No,No,Month-to-month,Yes,Electronic check,99.98,3584.58,No
8136-GEUOZ,Male,1,Yes,Yes,64,Yes,Yes,DSL,No,No,Yes,No,No,No,Two year,No,Bank transfer (automatic),67.72,4315.31,No
8292-LEAGG,Male,0,No,No,9,No,No phone service,Fiber optic,Yes,Yes,No,No,No,No,Two year,Yes,Bank transfer (automatic),88.92,789.75,Yes
1556-URUFH,Female,0,Yes,Yes,9,Yes,No,Fiber optic,No,No,Yes,No,No,No,Month-to-month,Yes,Mailed check,104.28,910.03,Yes
1855-EDDMI,Female,0,Yes,No,71,Yes,Yes,No,No internet service,No internet service,No internet service,No internet service,No internet service,No internet service,One year,No,Bank transfer (automatic),37.08,2641.45,No
8127-VWBCW,Female,0,Yes,No,52,Yes,No,DSL,Yes,No,No,No,No,No,One year,No,Credit card (automatic),65.78,3413.9,No
1983-UDVBY,Female,1,No,No,15,Yes,No,Fiber optic,No,No,No,No,Yes,No,Month-to-month,Yes,Electronic check,100.13,1508.94,Yes
6001-MDAMA,Female,0,No,No,11,Yes,No,No,No internet service,No internet service,No internet service,No internet service,No internet service,No internet service,One year,Yes,Mailed check,46.67,558.33,No
8432-LGPAX,Male,0,Yes,No,10,Yes,Yes,Fiber optic,Yes,No,No,No,No,No,Month-to-month,Yes,Credit card (automatic),94.73,943.28,Yes
7766-XFQPU,Male,0,Yes,Yes,30,Yes,Yes,DSL,No,Yes,No,No,No,No,Two year,Yes,Mailed check,71.36,2164.26,No
3512-IIWRA,Female,0,Yes,No,15,Yes,Yes,Fiber optic,Yes,No,No,Yes,No,No,Month-to-month,Yes,Credit card (automatic),106.15,1594.3,Yes
9054-ADFLC,Male,0,No,No,15,Yes,Yes,No,No internet service,No internet service,No internet service,No internet service,No internet service,No internet service,Month-to-month,No,Mailed check,40.9,594.54,No
2898-DEMLR,Male,0,No,Yes,10,Yes,Yes,DSL,No,No,Yes,No,No,No,One year,No,Mailed check,78.85,784.81,Yes
6802-UMNAM,Female,0,Yes,Yes,27,Yes,Yes,No,No internet service,No internet service,No internet service,No internet service,No internet service,No internet service,Month-to-month,Yes,Credit card (automatic),36.88,1009.6,No
6143-FWGTZ,Female,1,No,No,9,Yes,Yes,DSL,No,No,Yes,No,No,Yes,Month-to-month,Yes,Electronic check,78.81,732.53,Yes
8080-JRWDC,Male,0,No,No,40,Yes,Yes,No,No internet service,No internet service,No internet service,No internet service,No internet service,No internet service,Month-to-month,Yes,Mailed check,41.95,1679.74,No
5761-VGBFF,Male,0,No,No,59,No,No phone service,Fiber optic,No,No,No,No,No,Yes,One year,No,Electronic check,70.79,4178.43,No
8822-TQWVF,Female,0,No,No,31,Yes,No,DSL,No,No,No,Yes,No,No,Month-to-month,No,Credit card (automatic),72.17,2250.98,No
2959-VQTFJ,Male,0,No,No,52,Yes,Yes,Fiber optic,No,No,No,No,No,Yes,Two year,No,Electronic check,89.82,4628.92,No
8486-LPFEB,Female,0,No,Yes,23,Yes,No,Fiber optic,No,No,No,No,Yes,No,Two year,Yes,Electronic check,99.34,2309.88,No
6550-CRTTA,Female,0,Yes,No,13,Yes,No,Fiber optic,No,Yes,No,No,No,No,Month-to-month,Yes,Electronic check,97.37,1271.97,Yes
5735-DVWNS,Female,0,Yes,No,19,Yes,No,DSL,No,No,No,No,Yes,No,One year,No,Bank transfer (automatic),71.32,1342.94,No
1416-BWNZN,Male,0,Yes,No,6,Yes,Yes,DSL,No,Yes,No,No,Yes,No,Month-to-month,Yes,Electronic check,80.07,484.85,No
4439-WAOIS,Female,0,Yes,No,16,Yes,No,DSL,No,Yes,No,No,No,Yes,Month-to-month,Yes,Electronic check,83.72,1327.04,No
9817-ZISXS,Male,1,Yes,Yes,22,Yes,Yes,Fiber optic,Yes,No,No,No,No,No,Month-to-month,Yes,Mailed check,96.93,2118.89,No
3122-UVJBL,Female,0,No,Yes,26,Yes,Yes,DSL,No,No,Yes,No,No,Yes,Month-to-month,No,Bank transfer (automatic),86.43,2245.52,No
9963-IXGKH,Male,1,No,No,53,Yes,Yes,Fiber optic,No,No,Yes,No,No,Yes,Two year,Yes,Bank transfer (automatic),101.17,5367.87,No
1585-YIRNY,Male,0,Yes,No,66,Yes,Yes,Fiber optic,Yes,No,No,Yes,No,No,Two year,No,Bank transfer (automatic),103.68,6837.37,No
5632-BZORI,Female,0,Yes,No,30,Yes,Yes,DSL,No,Yes,No,No,No,No,Month-to-month,Yes,Bank transfer (automatic),64.33,1958.71,No
1318-BTAIX,Male,0,No,No,10,Yes,No,No,No internet service,No internet service,No internet service,No internet service,No internet service,No internet service,Month-to-month,No,Credit card (automatic),41.38,378.03,Yes
6657-OHKCJ,Female,0,No,No,10,No,No phone service,Fiber optic,No,Yes,No,Yes,No,No,Month-to-month,No,Bank transfer (automatic),85.58,834.19,No
6791-ANGCI,Female,0,Yes,No,16,No,No phone service,Fiber optic,Yes,No,No,Yes,Yes,Yes,Month-to-month,No,Bank transfer (automatic),105.79,1664.54,Yes
2942-QWCHR,Male,0,No,Yes,14,Yes,No,Fiber optic,No,Yes,Yes,No,Yes,No,Two year,Yes,Mailed check,110.47,1558.31,No
5902-XJQXB,Male,0,Yes,Yes,31,Yes,Yes,Fiber optic,No,No,Yes,No,No,No,Month-to-month,Yes,Credit card (automatic),99.64,3078.64,No
3290-NAEAC,Female,0,Yes,No,11,Yes,No,DSL,No,No,No,No,No,Yes,Two year,No,Credit card (automatic),66.65,715.37,No
6260-LGYUP,Male,0,No,No,67,Yes,Yes,Fiber optic,Yes,No,No,No,No,No,Month-to-month,Yes,Bank transfer (automatic),96.63,6462.95,No
2390-WRMWD,Male,0,No,No,47,Yes,No,DSL,Yes,No,Yes,No,No,No,One year,Yes,Mailed check,75.06,3508.09,No
9804-PNNZY,Male,0,Yes,Yes,54,Yes,No,Fiber optic,Yes,No,Yes,No,Yes,Yes,One year,No,Electronic check,120.0,6476.63,No
2943-VFXKG,Male,0,No,No,15,Yes,Yes,Fiber optic,No,No,Yes,No,No,Yes,Month-to-month,No,Credit card (automatic),107.39,1590.4,Yes
6311-QPMRX,Female,0,No,Yes,11,Yes,No,Fiber optic,Yes,No,Yes,No,Yes,Yes,One year,No,Electronic check,120.0,1331.66,Yes
9783-GDKAD,Male,0,Yes,Yes,15,Yes,No,Fiber optic,No,No,Yes,No,No,No,Two year,Yes,Mailed check,97.76,1462.13,No
2705-AQELC,Female,0,No,No,28,Yes,No,DSL,No,Yes,No,Yes,No,No,Month-to-month,Yes,Mailed check,80.32,2244.28,Yes
5625-SJLBU,Male,0,Yes,No,26,Yes,No,Fiber optic,No,No,No,No,Yes,No,Month-to-month,Yes,Electronic check,110.89,2862.32,No
4231-RRLEC,Female,0,Yes,Yes,63,No,No phone service,No,No internet service,No internet service,No internet service,No internet service,No internet service,No internet service,Month-to-month,No,Mailed check,23.64,1465.26,No
7276-GUQZC,Male,0,Yes,No,70,No,No phone service,Fiber optic,No,Yes,No,No,No,No,Two year,No,Bank transfer (automatic),69.56,4858.92,No
6255-OPRWM,Male,0,Yes,No,29,Yes,Yes,Fiber optic,No,No,No,No,No,No,Two year,Yes,Electronic check,91.68,2663.9,No
8407-AZENH,Female,0,Yes,No,7,Yes,Yes,No,No internet service,No internet service,No internet service,No internet service,No internet service,No internet service,Month-to-month,Yes,Electronic check,40.52,279.01,No
5723-IAOBG,Male,0,No,No,20,Yes,No,No,No internet service,No internet service,No internet service,No internet service,No internet service,No internet service,Two year,No,Bank transfer (automatic),43.76,857.66,No
9797-NNISW,Male,0,Yes,Yes,72,Yes,No,DSL,No,Yes,Yes,No,Yes,No,Two year,Yes,Bank transfer (automatic),83.87,6031.97,No
2930-ZLJMA,Female,0,No,No,8,Yes,No,DSL,Yes,No,No,No,Yes,No,Two year,Yes,Bank transfer (automatic),70.08,570.5,No
3516-JQMFH,Male,0,Yes,No,32,Yes,No,No,No internet service,No internet service,No internet service,No internet service,No internet service,No internet service,Month-to-month,No,Credit card (automatic),48.24,1559.09,No
1788-OQLUA,Male,0,No,Yes,15,Yes,No,Fiber optic,Yes,No,No,Yes,No,No,Two year,Yes,Electronic check,112.77,1679.33,No
6255-PECPN,Male,0,No,No,72,Yes,No,DSL,Yes,No,No,Yes,No,No,Two year,No,Mailed check,79.58,5747.29,No
7899-RLKRN,Female,0,Yes,Yes,34,Yes,Yes,Fiber optic,No,No,No,No,Yes,No,One year,No,Mailed check,100.75,3446.79,No
1090-PWWSJ,Female,0,No,No,15,Yes,No,DSL,No,No,No,No,Yes,No,Month-to-month,No,Electronic check,89.62,1349.17,Yes
9858-PBWAK,Female,0,No,No,18,Yes,Yes,Fiber optic,No,Yes,No,Yes,No,No,Month-to-month,Yes,Credit card (automatic),96.34,1708.27,No
6014-AXJMF,Female,0,No,No,4,Yes,No,DSL,No,No,Yes,No,No,No,Month-to-month,No,Electronic check,70.52,290.37,No
2948-GQXQS,Male,0,Yes,Yes,31,No,No phone service,DSL,No,No,No,Yes,No,No,Two year,No,Mailed check,48.01,1468.44,No
4275-QOEAD,Male,0,No,Yes,32,Yes,No,DSL,No,Yes,No,Yes,No,No,Two year,No,Electronic check,77.3,2460.2,No
2420-DHVDH,Male,0,No,No,8,Yes,No,No,No internet service,No internet service,No internet service,No internet service,No internet service,No internet service,Two year,Yes,Mailed check,43.5,367.38,No
4376-MDSVX,Male,0,Yes,Yes,40,Yes,No,DSL,No,No,No,No,No,No,Month-to-month,No,Credit card (automatic),73.57,2952.65,No
6359-ORLHZ,Male,0,No,No,70,Yes,No,Fiber optic,No,Yes,Yes,No,Yes,No,Two year,No,Bank transfer (automatic),113.36,7947.47,No
9307-PNJFN,Female,0,Yes,No,9,Yes,No,DSL,No,No,No,No,No,No,Two year,Yes,Bank transfer (automatic),66.69,625.4,No
6723-FUSXD,Female,0,Yes,Yes,39,Yes,Yes,DSL,No,No,No,No,No,Yes,Month-to-month,No,Electronic check,77.73,3017.5,No
9925-AVCDS,Female,0,No,No,40,Yes,Yes,DSL,Yes,No,No,Yes,Yes,No,Month-to-month,Yes,Electronic check,89.69,3579.13,No
9358-LTNNT,Female,0,No,Yes,29,Yes,Yes,DSL,No,No,No,No,No,No,Two year,Yes,Bank transfer (automatic),57.8,1708.3,No
6942-RCXFP,Female,0,Yes,No,30,Yes,No,Fiber optic,No,No,No,No,No,No,One year,Yes,Electronic check,92.18,2756.09,No
8154-PGKQQ,Male,0,Yes,No,18,Yes,Yes,Fiber optic,No,No,No,Yes,No,No,Month-to-month,Yes,Mailed check,97.37,1772.0,Yes
3359-WUTDD,Female,0,Yes,No,4,Yes,No,DSL,No,Yes,Yes,Yes,Yes,No,Two year,Yes,Credit card (automatic),97.64,409.83,No
9138-DZFBZ,Female,1,No,No,33,Yes,Yes,No,No internet service,No internet service,No internet service,No internet service,No internet service,No internet service,Month-to-month,No,Mailed check,44.24,1473.51,No
6239-XDATR,Male,1,Yes,No,47,Yes,No,Fiber optic,Yes,No,No,No,Yes,No,One year,Yes,Mailed check,108.22,5090.78,No
3678-MYIKN,Male,0,Yes,Yes,12,No,No phone service,No,No internet service,No internet service,No internet service,No internet service,No internet service,No internet service,Two year,Yes,Credit card (automatic),18.25,251.09,No
9144-TFEBE,Female,0,Yes,Yes,15,Yes,Yes,Fiber optic,Yes,No,Yes,No,Yes,Yes,Month-to-month,Yes,Credit card (automatic),120.0,1808.43,No
7523-JNVNJ,Male,0,No,Yes,13,No,No phone service,DSL,Yes,Yes,No,No,No,No,Month-to-month,No,Electronic check,60.2,762.77,No
9934-SURVO,Female,0,Yes,No,35,Yes,No,DSL,No,No,No,Yes,No,No,One year,Yes,Credit card (automatic),76.34,2687.05,No
6737-AULJT,Female,0,No,No,32,Yes,Yes,DSL,No,No,Yes,No,No,No,One year,No,Mailed check,69.52,2233.07,No
2534-ZRMPW,Male,0,Yes,No,12,Yes,Yes,Fiber optic,No,No,Yes,Yes,No,No,Month-to-month,No,Credit card (automatic),103.67,1249.05,Yes
9297-MHKNE,Male,0,Yes,No,25,Yes,No,Fiber optic,No,No,Yes,No,No,No,Month-to-month,No,Mailed check,89.37,2227.03,No
2759-WUBNX,Male,0,Yes,No,26,Yes,No,DSL,Yes,No,No,Yes,Yes,No,Month-to-month,No,Credit card (automatic),80.17,2084.18,Yes
7896-JYPBW,Male,0,Yes,Yes,34,Yes,No,No,No internet service,No internet service,No internet service,No internet service,No internet service,No internet service,Two year,No,Credit card (automatic),39.11,1320.75,No
2078-BYDKE,Male,0,Yes,Yes,19,Yes,Yes,No,No internet service,No internet service,No internet service,No internet service,No internet service,No internet service,One year,Yes,Mailed check,40.34,756.07,No
5114-PSGRP,Female,0,Yes,No,56,No,No phone service,DSL,Yes,No,No,No,No,No,Month-to-month,Yes,Mailed check,49.24,2744.59,No
4461-UOGGE,Male,0,Yes,No,34,No,No phone service,DSL,Yes,No,Yes,No,No,No,Month-to-month,Yes,Electronic check,59.43,1999.68,No
9717-APSLN,Male,0,Yes,No,55,No,No phone service,No,No internet service,No internet service,No internet service,No internet service,No internet service,No internet service,Month-to-month,No,Electronic check,20.38,1110.71,No
8646-ERBQO,Male,1,Yes,Yes,33,Yes,Yes,No,No internet service,No internet service,No internet service,No internet service,No internet service,No internet service,Month-to-month,No,Mailed check,44.92,1473.7,No
5245-XTODR,Female,0,Yes,No,36,Yes,Yes,Fiber optic,No,No,No,No,No,No,Month-to-month,No,Mailed check,94.19,3378.99,Yes
5990-XRCAO,Male,0,Yes,Yes,6,No,No phone service,No,No internet service,No internet service,No internet service,No internet service,No internet service,No internet service,Two year,No,Bank transfer (automatic),18.25,145.13,Yes
4279-GBPKP,Male,0,Yes,No,32,Yes,Yes,No,No internet service,No internet service,No internet service,No internet service,No internet service,No internet service,Two year,Yes,Bank transfer (automatic),38.05,1229.8,No
9097-RAIYH,Female,1,No,Yes,25,Yes,Yes,No,No internet service,No internet service,No internet service,No internet service,No internet service,No internet service,Month-to-month,Yes,Electronic check,39.97,1033.0,No
8964-KLBDA,Male,1,No,Yes,59,Yes,Yes,Fiber optic,Yes,No,No,No,No,No,Two year,Yes,Electronic check,93.94,5530.49,No
6556-KJWZB,Male,0,No,No,54,Yes,Yes,Fiber optic,Yes,No,No,Yes,No,No,One year,Yes,Electronic check,99.68,5369.47,No
5380-FVMLG,Male,0,Yes,No,63,Yes,No,Fiber optic,Yes,Yes,No,No,Yes,No,One year,No,Mailed check,108.37,6793.79,No
9529-MZUMG,Male,0,No,No,15,Yes,Yes,Fiber optic,No,No,Yes,No,No,Yes,Two year,No,Mailed check,90.61,1364.32,Yes
2189-LLSUB,Male,0,No,Yes,26,Yes,No,DSL,No,No,No,Yes,Yes,No,Month-to-month,Yes,Electronic check,80.19,2075.74,Yes
8408-BYFUV,Female,1,Yes,No,67,Yes,No,Fiber optic,No,No,No,Yes,Yes,No,One year,Yes,Electronic check,101.98,6863.63,No
7395-GJOPZ,Male,0,Yes,No,15,Yes,Yes,Fiber optic,Yes,Yes,Yes,No,Yes,Yes,Month-to-month,No,Electronic check,120.0,1784.85,No
3449-MYEFB,Male,0,No,No,59,No,No phone service,Fiber optic,No,Yes,No,No,No,No,Two year,No,Mailed check,72.75,4286.52,No
6495-RNITL,Male,0,No,Yes,55,Yes,Yes,No,No internet service,No internet service,No internet service,No internet service,No internet service,No internet service,Month-to-month,No,Credit card (automatic),44.88,2509.7,No
4332-QIBFO,Female,0,No,No,25,Yes,Yes,No,No internet service,No internet service,No internet service,No internet service,No internet service,No internet service,One year,Yes,Credit card (automatic),43.11,1074.43,No
5015-XZGJT,Female,0,No,No,72,Yes,Yes,DSL,No,Yes,No,No,No,No,Month-to-month,Yes,Mailed check,70.65,5075.12,No
8266-PDOWE,Male,0,No,No,57,No,No phone service,Fiber optic,No,No,No,No,Yes,Yes,Month-to-month,Yes,Mailed check,84.36,4829.67,No
5666-GQEFV,Male,0,No,No,9,Yes,Yes,Fiber optic,No,Yes,No,No,Yes,No,Month-to-month,Yes,Mailed check,104.35,945.09,Yes
9524-YGQOG,Male,0,Yes,No,71,Yes,Yes,DSL,No,No,No,Yes,No,No,One year,Yes,Mailed check,61.74,4394.23,Yes
4710-ZGWCV,Male,1,Yes,Yes,25,No,No phone service,Fiber optic,No,Yes,No,No,Yes,Yes,Month-to-month,Yes,Credit card (automatic),91.51,2301.68,No
2658-TVAXS,Male,0,No,Yes,35,No,No phone service,Fiber optic,Yes,Yes,No,No,No,No,Month-to-month,No,Electronic check,87.82,3106.39,No
5800-QBCMK,Male,1,Yes,Yes,35,Yes,Yes,No,No internet service,No internet service,No internet service,No internet service,No internet service,No internet service,Month-to-month,Yes,Mailed check,43.56,1497.1,No
9911-TOMAD,Female,0,Yes,No,41,Yes,No,Fiber optic,Yes,Yes,Yes,No,No,Yes,Month-to-month,Yes,Credit card (automatic),116.38,4748.11,Yes
2398-XFKNZ,Male,0,Yes,Yes,68,Yes,Yes,No,No internet service,No internet service,No internet service,No internet service,No internet service,No internet service,Month-to-month,Yes,Mailed check,34.32,2331.45,No
4402-MOJWK,Male,0,Yes,Yes,35,Yes,No,DSL,No,No,No,No,Yes,No,Month-to-month,Yes,Mailed check,72.29,2555.02,Yes
8050-WNPIC,Male,0,Yes,No,24,Yes,Yes,Fiber optic,Yes,No,No,Yes,Yes,No,Month-to-month,No,Credit card (automatic),109.24,2628.8,Yes
1469-OZRLZ,Female,0,No,Yes,12,Yes,No,Fiber optic,No,Yes,Yes,No,Yes,No,Two year,No,Electronic check,112.98,1317.91,Yes
8749-UKIKU,Female,0,Yes,No,18,Yes,No,Fiber optic,No,No,No,No,No,Yes,Month-to-month,Yes,Credit card (automatic),90.61,1633.86,No
4596-SMKQS,Male,0,No,No,54,Yes,Yes,DSL,Yes,Yes,Yes,No,No,No,Month-to-month,Yes,Electronic check,84.1,4572.07,No
5756-NCYZK,Male,0,Yes,No,62,Yes,No,Fiber optic,Yes,Yes,No,No,Yes,No,Two year,Yes,Bank transfer (automatic),109.51,6844.84,No
6318-VPUPC,Female,0,No,No,20,Yes,No,DSL,Yes,No,No,Yes,Yes,Yes,Month-to-month,No,Electronic check,91.19,1838.62,No
1929-NLPKA,Female,1,No,No,47,Yes,Yes,No,No internet service,No internet service,No internet service,No internet service,No internet service,No internet service,Two year,No,Mailed check,36.14,1680.96,No
3137-RQATH,Male,1,No,No,17,Yes,Yes,No,No internet service,No internet service,No internet service,No internet service,No internet service,No internet service,Month-to-month,Yes,Electronic check,43.22,740.23,No
2072-CWFTD,Female,1,Yes,No,5,Yes,Yes,Fiber optic,No,No,No,No,Yes,Yes,Month-to-month,No,Bank transfer (automatic),108.73,565.04,Yes
9793-IISQW,Female,0,Yes,No,7,Yes,Yes,No,No internet service,No internet service,No internet service,No internet service,No internet service,No internet service,Two year,Yes,Bank transfer (automatic),41.06,276.35,No
2730-WTHDZ,Male,1,No,Yes,57,Yes,Yes,Fiber optic,No,No,No,No,No,No,Month-to-month,No,Mailed check,95.67,5441.6,No
7603-OVUMH,Female,0,No,No,5,Yes,No,Fiber optic,No,No,No,No,Yes,Yes,Two year,No,Credit card (automatic),112.53,608.05,No
4078-WZMRC,Male,1,Yes,No,44,Yes,Yes,No,No internet service,No internet service,No internet service,No internet service,No internet service,No internet service,Month-to-month,Yes,Credit card (automatic),42.03,1865.7,No
5449-VOUHG,Male,0,No,No,33,Yes,No,No,No internet service,No internet service,No internet service,No internet service,No internet service,No internet service,Month-to-month,No,Bank transfer (automatic),40.83,1373.88,No
7887-QFECC,Male,0,No,No,60,Yes,Yes,Fiber optic,No,No,Yes,No,No,No,Month-to-month,Yes,Bank transfer (automatic),99.81,5946.84,No
4439-YFGRN,Male,1,Yes,No,30,No,No phone service,DSL,No,No,No,No,Yes,No,Month-to-month,No,Electronic check,51.53,1523.69,Yes
1000-TLSSO,Female,0,No,No,38,Yes,Yes,No,No internet service,No internet service,No internet service,No internet service,No internet service,No internet service,Two year,Yes,Electronic check,41.7,1529.33,No
6642-UWNCZ,Male,0,Yes,No,32,Yes,No,Fiber optic,No,Yes,No,No,Yes,No,Month-to-month,No,Electronic check,105.46,3372.2,Yes
1595-FMIJR,Male,0,Yes,Yes,35,Yes,Yes,DSL,No,No,Yes,No,No,Yes,Month-to-month,Yes,Mailed check,71.59,2492.97,No
6103-KWBLB,Male,0,No,No,27,Yes,No,DSL,No,No,No,Yes,Yes,No,Month-to-month,Yes,Electronic check,76.39,2073.17,No
6093-GKEYX,Female,0,No,Yes,39,Yes,No,Fiber optic,No,No,No,No,Yes,No,One year,No,Electronic check,100.14,3915.67,Yes
5061-PFOML,Female,1,No,No,22,Yes,Yes,Fiber optic,Yes,No,Yes,No,Yes,No,Month-to-month,No,Bank transfer (automatic),108.91,2421.09,Yes
6555-YCVSR,Female,1,No,No,52,Yes,Yes,DSL,No,Yes,No,No,Yes,Yes,Month-to-month,Yes,Electronic check,83.93,4384.99,Yes
5123-BZUKT,Male,1,No,No,30,Yes,No,Fiber optic,Yes,Yes,Yes,No,No,No,Month-to-month,No,Electronic check,110.3,3306.57,Yes
2057-MPIZM,Female,0,Yes,No,49,Yes,Yes,DSL,No,No,Yes,No,No,No,One year,No,Bank transfer (automatic),77.31,3812.23,No
3052-MIHJY,Female,0,Yes,No,15,Yes,No,Fiber optic,No,No,No,No,Yes,No,Two year,No,Electronic check,87.51,1295.06,No
1995-XXYVE,Female,0,Yes,No,20,Yes,No,DSL,No,No,Yes,Yes,No,No,Month-to-month,Yes,Mailed check,74.51,1494.82,No
9477-VIFYS,Male,0,No,Yes,8,Yes,No,No,No internet service,No internet service,No internet service,No internet service,No internet service,No internet service,Month-to-month,No,Credit card (automatic),46.67,351.22,No
2151-YWXOF,Female,0,No,No,36,Yes,No,DSL,No,No,No,No,No,No,Month-to-month,Yes,Mailed check,67.42,2426.47,No
6905-IARQR,Male,0,No,Yes,35,No,No phone service,DSL,No,Yes,No,No,Yes,Yes,One year,Yes,Electronic check,69.45,2422.28,No
2664-QNYKS,Male,1,Yes,Yes,18,Yes,No,Fiber optic,No,Yes,Yes,No,Yes,Yes,Month-to-month,No,Bank transfer (automatic),120.0,2191.46,No
1159-XWQUJ,Male,0,Yes,No,28,Yes,No,DSL,No,No,Yes,No,No,No,Month-to-month,Yes,Bank transfer (automatic),73.05,2061.89,No
5340-GRHYM,Male,0,No,No,12,Yes,No,Fiber optic,No,No,Yes,No,No,Yes,One year,Yes,Bank transfer (automatic),106.34,1267.72,No
5785-QVLIB,Male,0,No,No,55,Yes,Yes,DSL,No,Yes,Yes,No,Yes,No,Month-to-month,No,Mailed check,82.04,4508.77,No
9468-UFGBX,Male,0,Yes,Yes,54,No,No phone service,DSL,Yes,Yes,Yes,Yes,Yes,No,Month-to-month,Yes,Bank transfer (automatic),80.81,4365.11,No
2914-WVVXX,Male,0,No,No,27,No,No phone service,Fiber optic,No,Yes,No,No,No,No,Two year,Yes,Mailed check,71.84,1934.16,No
4413-IECBA,Female,0,No,Yes,23,Yes,No,No,No internet service,No internet service,No internet service,No internet service,No internet service,No internet service,Two year,Yes,Electronic check,42.27,971.95,No
2931-QSKUI,Male,0,No,Yes,6,Yes,No,DSL,No,Yes,No,Yes,Yes,No,One year,No,Bank transfer (automatic),85.61,526.41,No
2924-MEVEO,Female,0,Yes,Yes,48,Yes,No,DSL,No,No,No,Yes,No,Yes,Month-to-month,Yes,Electronic check,89.1,4264.97,No
2679-ADCFF,Female,1,No,No,14,Yes,No,Fiber optic,No,Yes,No,No,Yes,No,Month-to-month,Yes,Bank transfer (automatic),100.17,1397.55,No
6834-EGMGU,Female,0,Yes,No,51,Yes,No,No,No internet service,No internet service,No internet service,No internet service,No internet service,No internet service,Month-to-month,No,Credit card (automatic),36.43,1866.04,No
3829-KPGOR,Female,0,Yes,Yes,7,No,No phone service,Fiber optic,Yes,No,No,Yes,No,Yes,One year,No,Mailed check,96.82,716.24,No
9460-VQSGI,Male,0,No,Yes,11,Yes,No,Fiber optic,No,Yes,No,No,No,No,Two year,No,Electronic check,103.4,1146.32,Yes
2888-PJHZR,Female,0,Yes,No,9,Yes,No,DSL,Yes,Yes,Yes,No,No,No,Month-to-month,Yes,Bank transfer (automatic),82.41,749.85,No
6691-MGXDP,Female,0,Yes,No,13,Yes,No,Fiber optic,No,No,No,No,No,No,Month-to-month,No,Credit card (automatic),85.76,1125.24,No
2340-CXKNO,Male,0,Yes,Yes,72,Yes,Yes,DSL,No,Yes,No,Yes,Yes,No,Month-to-month,Yes,Electronic check,86.37,6198.32,No
4619-JWHTX,Male,1,Yes,No,24,No,No phone service,DSL,No,No,Yes,No,No,Yes,One year,No,Bank transfer (automatic),65.4,1570.46,No
8960-VEPNF,Female,0,No,No,43,No,No phone service,Fiber optic,Yes,No,Yes,No,No,Yes,Month-to-month,Yes,Electronic check,89.68,3834.24,No
3672-EQSRO,Male,0,Yes,No,11,Yes,No,Fiber optic,No,No,Yes,No,No,Yes,One year,No,Credit card (automatic),101.69,1119.71,Yes
6455-OPRFQ,Male,0,No,Yes,15,Yes,No,Fiber optic,Yes,Yes,Yes,Yes,No,No,One year,No,Electronic check,111.19,1640.48,Yes
5112-QNIXZ,Female,0,No,No,72,No,No phone service,Fiber optic,No,No,No,No,No,No,Month-to-month,Yes,Bank transfer (automatic),68.65,4933.94,No
1873-VILYK,Female,0,Yes,No,25,No,No phone service,DSL,No,No,Yes,No,No,Yes,Two year,Yes,Bank transfer (automatic),60.1,1536.35,No
1555-SXEAZ,Male,1,No,No,31,Yes,No,Fiber optic,No,No,No,No,Yes,Yes,Two year,Yes,Mailed check,111.95,3485.18,No
1129-OUFTQ,Female,0,Yes,No,37,Yes,No,Fiber optic,No,No,No,No,Yes,No,One year,Yes,Credit card (automatic),95.74,3557.85,No
6504-ZSUAH,Male,0,Yes,No,72,Yes,No,DSL,No,Yes,No,No,Yes,Yes,Month-to-month,Yes,Credit card (automatic),86.13,6209.52,No
2173-WNDOI,Female,0,Yes,No,2,Yes,Yes,No,No internet service,No internet service,No internet service,No internet service,No internet service,No internet service,Month-to-month,Yes,Mailed check,37.26,102.94,Yes
8746-MDXVW,Female,0,Yes,No,57,Yes,No,No,No internet service,No internet service,No internet service,No internet service,No internet service,No internet service,Month-to-month,Yes,Mailed check,41.26,2387.95,No
8804-OIKJI,Male,1,Yes,Yes,65,Yes,No,No,No internet service,No internet service,No internet service,No internet service,No internet service,No internet service,Month-to-month,Yes,Bank transfer (automatic),39.54,2564.84,No
9122-VPZHJ,Male,0,Yes,No,40,Yes,No,Fiber optic,No,Yes,No,No,Yes,Yes,Month-to-month,Yes,Electronic check,115.36,4633.89,Yes
7647-WXNLU,Female,0,No,No,22,Yes,Yes,No,No internet service,No internet service,No internet service,No internet service,No internet service,No internet service,Two year,No,Electronic check,38.58,859.7,No
3495-EKTVD,Male,0,No,No,34,Yes,Yes,DSL,Yes,No,No,No,Yes,No,Month-to-month,Yes,Electronic check,79.0,2631.41,No
7275-JZSCT,Male,0,No,No,10,Yes,No,No,No internet service,No internet service,No internet service,No internet service,No internet service,No internet service,Month-to-month,Yes,Electronic check,41.46,393.18,Yes
8174-BZDGO,Male,0,No,Yes,4,Yes,No,No,No internet service,No internet service,No internet service,No internet service,No internet service,No internet service,Two year,Yes,Bank transfer (automatic),33.49,171.03,No
8470-LYSNL,Female,0,No,No,31,Yes,No,DSL,No,No,No,No,No,No,One year,Yes,Electronic check,68.14,2153.76,No
1034-GXRYB,Male,0,Yes,No,1,Yes,Yes,Fiber optic,No,No,No,Yes,Yes,No,Month-to-month,Yes,Electronic check,110.19,88.84,Yes
7794-LIOWB,Female,0,No,No,18,Yes,No,DSL,No,No,Yes,No,No,Yes,Two year,Yes,Credit card (automatic),78.76,1413.54,No
3420-RWWOA,Female,1,Yes,No,12,Yes,No,Fiber optic,No,Yes,No,No,No,No,Month-to-month,Yes,Electronic check,97.27,1209.75,Yes
8172-JSUMO,Male,0,No,Yes,22,Yes,No,No,No internet service,No internet service,No internet service,No internet service,No internet service,No internet service,One year,Yes,Electronic check,45.07,992.72,No
5341-DPOLF,Female,0,No,Yes,23,Yes,No,DSL,No,Yes,No,Yes,Yes,No,Month-to-month,Yes,Mailed check,83.5,1934.92,No
3245-EAJMO,Female,0,Yes,No,9,Yes,Yes,Fiber optic,No,No,No,Yes,No,No,One year,No,Credit card (automatic),104.94,979.94,No
1301-TMXCI,Male,0,No,No,39,No,No phone service,DSL,No,No,Yes,Yes,No,Yes,Two year,No,Credit card (automatic),72.4,2815.18,No
3585-LPCCX,Female,0,No,No,63,No,No phone service,Fiber optic,Yes,No,Yes,No,Yes,Yes,One year,No,Electronic check,99.9,6327.79,No
6246-IOFDK,Male,0,No,No,10,Yes,Yes,DSL,No,No,No,No,No,No,Month-to-month,Yes,Bank transfer (automatic),61.91,642.44,No
4500-NCACV,Male,0,Yes,No,10,Yes,Yes,No,No internet service,No internet service,No internet service,No internet service,No internet service,No internet service,Two year,Yes,Mailed check,42.42,420.75,Yes
9168-OIONX,Male,0,No,No,26,Yes,No,DSL,Yes,No,Yes,No,Yes,No,Month-to-month,No,Bank transfer (automatic),92.81,2425.83,Yes
5041-CNWCC,Female,0,No,No,4,No,No phone service,DSL,No,No,No,No,No,Yes,Two year,Yes,Mailed check,54.67,208.36,No
3149-MFXWT,Female,0,Yes,No,26,Yes,No,No,No internet service,No internet service,No internet service,No internet service,No internet service,No internet service,Month-to-month,Yes,Electronic check,36.21,963.49,No
2450-MLDEA,Male,0,No,No,57,Yes,No,Fiber optic,No,No,Yes,No,Yes,No,Month-to-month,No,Credit card (automatic),110.49,6315.82,No
4001-TQVAC,Female,0,Yes,No,10,Yes,Yes,Fiber optic,No,No,No,No,No,No,Two year,Yes,Mailed check,89.54,883.3,Yes
4447-XMZTQ,Female,0,No,No,72,No,No phone service,Fiber optic,Yes,No,No,Yes,No,Yes,One year,Yes,Mailed check,88.66,6415.09,No
9166-HCWSA,Female,0,Yes,No,19,Yes,No,No,No internet service,No internet service,No internet service,No internet service,No internet service,No internet service,Month-to-month,No,Bank transfer (automatic),36.72,694.03,No
2559-RWPIQ,Female,1,Yes,Yes,21,Yes,No,No,No internet service,No internet service,No internet service,No internet service,No internet service,No internet service,One year,No,Mailed check,43.52,887.94,No
3859-BHUKE,Male,0,Yes,No,16,Yes,No,Fiber optic,No,No,No,No,No,Yes,Month-to-month,No,Credit card (automatic),100.92,1595.4,No
9591-CZFGW,Female,0,No,No,47,Yes,Yes,Fiber optic,Yes,No,Yes,Yes,No,Yes,Month-to-month,No,Electronic check,106.5,5003.34,Yes
2799-EEQND,Male,0,No,No,29,Yes,No,Fiber optic,No,No,No,No,No,No,Month-to-month,Yes,Electronic check,85.51,2487.08,No
4319-QUDFB,Male,0,Yes,Yes,20,Yes,No,Fiber optic,No,Yes,No,Yes,No,Yes,Month-to-month,Yes,Mailed check,100.34,2012.33,Yes
9567-RPBHC,Male,0,Yes,No,14,Yes,No,DSL,Yes,Yes,No,No,No,No,Month-to-month,Yes,Electronic check,78.27,1069.52,No
2932-KXGPG,Female,0,No,Yes,33,Yes,No,DSL,No,Yes,No,No,No,Yes,One year,Yes,Electronic check,85.29,2819.62,No
9660-KZVUB,Female,0,Yes,No,66,Yes,No,Fiber optic,Yes,Yes,No,No,Yes,No,One year,No,Electronic check,110.23,7263.36,No
3796-KSCUI,Male,1,Yes,No,21,Yes,No,No,No internet service,No internet service,No internet service,No internet service,No internet service,No internet service,Month-to-month,Yes,Bank transfer (automatic),40.9,849.06,No
9251-BFJNI,Male,0,No,No,28,Yes,No,DSL,No,No,No,No,No,No,One year,Yes,Credit card (automatic),70.7,1977.31,No
6076-RTSLW,Male,0,Yes,No,6,Yes,No,Fiber optic,No,Yes,No,No,Yes,No,Month-to-month,No,Bank transfer (automatic),106.12,633.71,Yes
2058-BASXW,Female,1,No,No,28,Yes,No,DSL,No,Yes,No,No,No,No,Two year,Yes,Bank transfer (automatic),68.68,1946.63,No
2611-FDGHJ,Male,1,Yes,No,72,Yes,Yes,Fiber optic,No,No,No,Yes,No,Yes,Two year,Yes,Credit card (automatic),110.44,7982.09,No
3946-QIAAM,Female,0,No,No,9,Yes,No,No,No internet service,No internet service,No internet service,No internet service,No internet service,No internet service,Two year,No,Credit card (automatic),44.66,414.08,Yes
4757-UXTZF,Male,0,No,No,35,Yes,No,DSL,No,No,Yes,Yes,No,No,Two year,Yes,Electronic check,75.62,2629.21,No
7428-APMEC,Male,0,Yes,No,17,No,No phone service,Fiber optic,No,Yes,Yes,Yes,Yes,No,One year,No,Electronic check,101.97,1716.65,No
2707-IWFNR,Female,0,No,No,6,Yes,No,Fiber optic,Yes,Yes,No,Yes,No,Yes,Month-to-month,Yes,Bank transfer (automatic),113.53,681.61,Yes
9034-MCGXC,Male,0,No,Yes,19,Yes,No,No,No internet service,No internet service,No internet service,No internet service,No internet service,No internet service,Two year,Yes,Credit card (automatic),41.57,779.52,No
7019-AGHVB,Male,0,No,No,72,Yes,No,DSL,Yes,No,No,No,No,Yes,Two year,Yes,Credit card (automatic),80.49,5812.53,No
2073-NTZFS,Male,1,Yes,No,34,Yes,No,No,No internet service,No internet service,No internet service,No internet service,No internet service,No internet service,Month-to-month,Yes,Electronic check,42.1,1421.24,Yes
1213-QBVDU,Female,0,Yes,Yes,32,Yes,Yes,No,No internet service,No internet service,No internet service,No internet service,No internet service,No internet service,Month-to-month,Yes,Credit card (automatic),34.54,1109.14,No
1484-YDCBT,Male,0,No,Yes,9,Yes,No,No,No internet service,No internet service,No internet service,No internet service,No internet service,No internet service,Month-to-month,No,Electronic check,31.67,317.55,No
4157-XOANA,Male,0,Yes,No,54,Yes,No,Fiber optic,No,No,No,No,No,No,Month-to-month,Yes,Mailed check,95.53,5182.93,No
4797-FLXUT,Male,0,Yes,No,69,Yes,No,DSL,No,No,No,Yes,No,No,Two year,Yes,Credit card (automatic),72.53,4982.77,No
7119-FWXYE,Female,1,Yes,No,67,Yes,No,Fiber optic,No,Yes,Yes,No,Yes,No,Month-to-month,Yes,Mailed check,111.02,7432.75,Yes
4029-ACLBD,Female,0,No,No,52,Yes,Yes,DSL,No,Yes,Yes,No,No,No,Month-to-month,No,Bank transfer (automatic),75.96,3955.72,No
5086-IAXHF,Female,0,Yes,No,12,No,No phone service,DSL,No,Yes,No,No,Yes,No,Month-to-month,Yes,Electronic check,57.54,692.0,Yes
2059-HEBFP,Male,0,Yes,No,10,Yes,Yes,No,No internet service,No internet service,No internet service,No internet service,No internet service,No internet service,One year,Yes,Credit card (automatic),42.74,429.86,No
4007-LCXMV,Female,0,No,Yes,4,Yes,No,No,No internet service,No internet service,No internet service,No internet service,No internet service,No internet service,One year,No,Electronic check,40.85,146.95,No
4469-PQOLY,Male,0,Yes,No,11,No,No phone service,DSL,No,No,No,No,No,No,One year,No,Bank transfer (automatic),45.78,505.1,No
3198-AXLFW,Female,0,Yes,No,33,Yes,No,Fiber optic,Yes,No,No,Yes,Yes,No,Month-to-month,Yes,Electronic check,118.27,3912.14,No
5412-RRZYA,Female,0,Yes,No,11,Yes,Yes,DSL,No,No,No,No,No,Yes,Two year,Yes,Electronic check,69.78,796.98,Yes
7260-EKJPK,Female,0,Yes,Yes,56,Yes,No,DSL,No,Yes,No,Yes,Yes,No,Month-to-month,Yes,Electronic check,93.05,5254.21,No
3205-SOHLY,Female,0,No,No,62,Yes,No,No,No internet service,No internet service,No internet service,No internet service,No internet service,No internet service,Month-to-month,Yes,Electronic check,43.38,2737.55,No
6034-SBJJL,Female,0,Yes,No,60,Yes,No,No,No internet service,No internet service,No internet service,No internet service,No internet service,No internet service,Month-to-month,No,Electronic check,33.62,2008.96,Yes
6375-ZODPW,Male,0,No,No,5,Yes,No,Fiber optic,No,Yes,Yes,No,No,No,Month-to-month,Yes,Electronic check,100.61,528.36,Yes
4047-YNOJJ,Female,0,Yes,No,32,Yes,Yes,No,No internet service,No internet service,No internet service,No internet service,No internet service,No internet service,Month-to-month,Yes,Credit card (automatic),37.08,1180.56,No
8993-GEOXJ,Female,0,Yes,No,29,Yes,No,DSL,Yes,No,No,No,No,Yes,One year,Yes,Electronic check,77.58,2268.53,No
3731-RSRRP,Female,0,Yes,No,58,Yes,Yes,Fiber optic,No,Yes,Yes,No,Yes,Yes,Month-to-month,Yes,Bank transfer (automatic),110.16,6406.28,Yes
4653-HLPET,Female,0,No,No,6,Yes,No,DSL,Yes,Yes,Yes,No,No,Yes,Two year,Yes,Bank transfer (automatic),94.0,541.96,Yes
3797-MBAVA,Male,0,Yes,Yes,29,Yes,Yes,Fiber optic,No,No,No,No,No,No,Month-to-month,Yes,Credit card (automatic),81.39,2395.27,No
5248-OGEWY,Female,0,Yes,No,6,Yes,No,Fiber optic,No,Yes,Yes,Yes,Yes,Yes,Month-to-month,No,Mailed check,120.0,766.07,Yes
5950-ISPVL,Male,1,No,No,53,Yes,Yes,DSL,No,No,No,No,Yes,No,One year,Yes,Electronic check,75.39,3988.99,No
1707-YYCFX,Female,0,Yes,No,2,No,No phone service,DSL,No,No,Yes,No,No,No,One year,No,Electronic check,50.32,110.16,No
8151-IZICO,Female,0,No,No,72,Yes,No,DSL,No,No,No,Yes,No,Yes,Two year,Yes,Electronic check,78.11,5669.93,No
6070-JSNBC,Male,0,Yes,No,39,Yes,No,Fiber optic,No,No,No,No,No,Yes,Month-to-month,No,Mailed check,96.06,3765.03,No
8261-UYUCY,Female,0,Yes,No,26,Yes,No,DSL,Yes,No,No,Yes,No,No,Month-to-month,Yes,Bank transfer (automatic),75.56,1970.72,Yes
8226-CHQBC,Female,0,No,No,15,Yes,No,DSL,No,Yes,Yes,No,No,No,Two year,Yes,Bank transfer (automatic),77.44,1174.67,No
2242-WRLZR,Female,0,Yes,Yes,60,Yes,Yes,DSL,No,Yes,Yes,Yes,Yes,No,Month-to-month,Yes,Credit card (automatic),97.19,5838.39,No
6400-LLPJE,Male,0,Yes,No,6,Yes,No,DSL,No,No,No,Yes,Yes,No,One year,No,Credit card (automatic),86.12,547.54,No
7014-ASKML,Male,0,Yes,Yes,2,Yes,No,Fiber optic,No,No,No,No,No,Yes,Month-to-month,Yes,Electronic check,94.02,224.64,Yes
7189-AJTLU,Female,0,Yes,No,38,No,No phone service,DSL,No,No,No,No,Yes,Yes,Month-to-month,No,Bank transfer (automatic),60.06,2266.28,Yes
6244-GVIEO,Female,0,No,No,24,Yes,No,Fiber optic,No,No,No,Yes,Yes,No,Two year,Yes,Electronic check,100.47,2373.36,No
5817-SGOQS,Female,0,Yes,No,33,No,No phone service,DSL,No,Yes,No,Yes,Yes,No,Two year,No,Credit card (automatic),69.41,2273.58,No
5720-GETFH,Female,1,No,Yes,30,Yes,Yes,DSL,Yes,No,No,No,No,Yes,Two year,No,Mailed check,81.26,2410.07,No
8071-OEPSY,Male,0,Yes,No,42,Yes,No,Fiber optic,Yes,No,No,No,No,No,Two year,Yes,Bank transfer (automatic),101.49,4268.73,No
1362-BLIUL,Female,0,Yes,No,26,No,No phone service,DSL,No,Yes,No,No,Yes,Yes,Month-to-month,No,Bank transfer (automatic),74.02,1934.9,No
5528-NYZDI,Male,0,Yes,No,19,Yes,Yes,DSL,Yes,No,Yes,No,Yes,No,One year,Yes,Mailed check,87.27,1668.74,Yes
3937-AIQMP,Female,0,No,No,26,Yes,Yes,Fiber optic,Yes,No,No,Yes,No,No,Month-to-month,Yes,Mailed check,104.56,2684.77,Yes
1101-LUULL,Female,0,No,No,47,Yes,Yes,DSL,Yes,No,No,No,No,No,Two year,Yes,Credit card (automatic),73.55,3495.01,No
3411-NRWKL,Female,0,No,No,49,Yes,No,Fiber optic,No,No,Yes,No,Yes,Yes,One year,Yes,Mailed check,105.97,5179.97,Yes
6296-MUCEQ,Female,0,Yes,Yes,34,Yes,No,DSL,No,No,No,No,No,Yes,One year,No,Bank transfer (automatic),73.41,2489.19,No
2615-FQPFG,Male,0,Yes,Yes,3,No,No phone service,DSL,No,No,No,No,No,No,Month-to-month,Yes,Mailed check,46.12,145.5,No
1282-GOKEO,Male,0,No,No,32,Yes,No,DSL,No,Yes,Yes,No,No,No,Month-to-month,Yes,Electronic check,77.83,2505.17,Yes
9545-HFJJA,Male,0,Yes,No,5,Yes,No,DSL,No,No,Yes,No,No,No,Two year,Yes,Mailed check,76.34,386.95,No
7635-FFFSK,Female,1,No,Yes,51,Yes,No,Fiber optic,No,Yes,No,No,No,Yes,Two year,No,Electronic check,98.55,5040.85,No
4805-PQUDB,Male,0,Yes,Yes,46,Yes,No,Fiber optic,No,Yes,Yes,Yes,No,No,Month-to-month,No,Mailed check,120.0,5520.98,No
9563-IFNDR,Female,0,Yes,No,12,Yes,No,DSL,Yes,No,No,Yes,No,No,Month-to-month,No,Electronic check,70.85,887.14,Yes
2552-OGTEB,Male,0,Yes,Yes,41,Yes,No,DSL,No,No,No,Yes,No,Yes,Two year,No,Bank transfer (automatic),84.27,3420.87,No
8099-HWWMA,Male,0,Yes,No,28,Yes,No,Fiber optic,No,No,Yes,No,No,No,One year,No,Bank transfer (automatic),105.17,2945.09,Yes
6714-NOKGL,Male,1,No,No,14,Yes,Yes,DSL,No,No,Yes,Yes,No,Yes,One year,No,Electronic check,85.36,1239.02,No
8061-WHEAO,Male,0,No,No,40,Yes,No,Fiber optic,No,No,No,No,No,Yes,Two year,Yes,Bank transfer (automatic),98.19,3922.87,No
8549-VMEIX,Male,0,No,No,72,Yes,Yes,No,No internet service,No internet service,No internet service,No internet service,No internet service,No internet service,One year,Yes,Credit card (automatic),36.96,2651.86,No
6905-IPZQR,Male,0,No,Yes,18,Yes,Yes,Fiber optic,No,No,Yes,No,No,Yes,One year,No,Electronic check,90.22,1619.53,No
1430-AHQSL,Female,0,Yes,Yes,35,Yes,No,DSL,No,No,Yes,No,Yes,Yes,One year,Yes,Mailed check,81.41,2874.37,No
7210-VOXCK,Female,0,No,Yes,11,Yes,Yes,DSL,No,Yes,No,No,No,No,Month-to-month,Yes,Credit card (automatic),67.86,780.49,Yes
2978-CTKKA,Female,1,Yes,No,15,Yes,Yes,Fiber optic,No,No,No,No,Yes,No,Month-to-month,No,Electronic check,96.35,1455.27,Yes
7930-DRDDK,Male,0,No,No,27,Yes,No,No,No internet service,No internet service,No internet service,No internet service,No internet service,No internet service,Month-to-month,Yes,Credit card (automatic),43.55,1164.01,No
6814-VENIJ,Female,0,Yes,Yes,13,Yes,Yes,DSL,No,Yes,No,Yes,No,No,One year,No,Credit card (automatic),72.48,918.79,No
4934-LNKIL,Female,0,No,No,13,Yes,No,DSL,Yes,No,No,Yes,No,No,Month-to-month,No,Mailed check,81.18,1044.21,Yes
4931-BMGBQ,Female,0,No,No,10,Yes,No,Fiber optic,No,No,Yes,Yes,Yes,Yes,Two year,Yes,Mailed check,120.0,1186.39,No
2960-SFYOG,Male,1,No,Yes,62,Yes,Yes,Fiber optic,No,No,Yes,No,No,Yes,Month-to-month,No,Credit card (automatic),103.81,6477.9,Yes
5217-ZRIRC,Female,0,No,Yes,47,Yes,Yes,No,No internet service,No internet service,No internet service,No internet service,No internet service,No internet service,One year,Yes,Electronic check,36.68,1720.29,No
9962-IPGYQ,Female,0,No,No,26,Yes,No,Fiber optic,Yes,Yes,No,No,No,No,Month-to-month,No,Electronic check,106.13,2738.13,No
4664-GDAVG,Male,0,No,No,50,Yes,Yes,DSL,No,No,Yes,Yes,No,Yes,Month-to-month,Yes,Electronic check,90.35,4483.01,Yes
2787-DLEPC,Male,0,No,No,52,Yes,No,Fiber optic,No,Yes,No,No,No,No,Month-to-month,Yes,Bank transfer (automatic),100.17,5218.26,No
5593-RWLSN,Female,0,Yes,Yes,23,Yes,Yes,DSL,No,No,No,No,No,Yes,One year,Yes,Bank transfer (automatic),70.16,1613.48,Yes
7102-WNKLR,Male,0,No,No,11,Yes,Yes,No,No internet service,No internet service,No internet service,No internet service,No internet service,No internet service,Month-to-month,No,Credit card (automatic),39.26,453.73,No
8823-CVJOT,Male,0,Yes,Yes,35,Yes,No,Fiber optic,No,Yes,No,No,No,No,Month-to-month,No,Electronic check,91.33,3198.39,No
3642-BBMKQ,Female,0,No,No,62,Yes,Yes,No,No internet service,No internet service,No internet service,No internet service,No internet service,No internet service,Two year,Yes,Mailed check,35.13,2184.98,No
1675-VPEVI,Male,0,No,No,44,Yes,Yes,DSL,Yes,Yes,Yes,Yes,Yes,Yes,One year,No,Bank transfer (automatic),92.93,4112.75,No
9972-UQCGM,Male,0,Yes,No,70,Yes,No,Fiber optic,No,Yes,Yes,No,No,No,Two year,No,Electronic check,101.32,7100.14,No
1436-IQKEN,Male,0,No,Yes,52,Yes,No,Fiber optic,No,No,No,Yes,No,No,Two year,No,Credit card (automatic),90.45,4701.46,No
4016-KAJPE,Female,0,Yes,Yes,72,Yes,No,DSL,No,No,Yes,No,No,No,One year,Yes,Electronic check,62.39,4501.26,No
1003-VKHZI,Male,0,No,No,37,Yes,No,Fiber optic,Yes,No,No,No,No,No,Month-to-month,No,Electronic check,101.55,3781.16,Yes
5957-JKGCY,Female,0,No,Yes,21,Yes,No,Fiber optic,No,Yes,No,No,Yes,Yes,Month-to-month,No,Electronic check,119.69,2520.86,Yes
3709-AACJN,Male,0,No,No,47,Yes,No,Fiber optic,No,No,No,No,No,No,Month-to-month,No,Credit card (automatic),90.25,4256.1,No
2965-QKIBK,Female,0,No,Yes,64,Yes,No,DSL,No,No,No,No,No,No,Month-to-month,Yes,Bank transfer (automatic),63.46,4037.57,No
5907-QFVYG,Female,0,Yes,Yes,32,No,No phone service,DSL,Yes,No,Yes,Yes,No,No,One year,No,Credit card (automatic),70.29,2227.58,No
2566-CZRLJ,Female,0,Yes,No,53,Yes,No,DSL,Yes,No,No,No,No,No,Two year,Yes,Bank transfer (automatic),67.31,3577.97,No
2656-NUZRT,Female,0,No,Yes,19,Yes,No,DSL,No,Yes,Yes,No,Yes,No,One year,Yes,Credit card (automatic),83.09,1556.76,No
1171-TSEYP,Male,0,Yes,No,52,Yes,No,Fiber optic,No,No,Yes,No,Yes,Yes,Month-to-month,Yes,Mailed check,110.58,5752.64,Yes
7398-YAGAA,Female,0,Yes,No,72,Yes,No,DSL,Yes,Yes,No,Yes,No,No,Two year,No,Credit card (automatic),86.52,6229.6,No
6212-OEDOM,Female,0,Yes,Yes,19,Yes,No,DSL,No,Yes,No,No,Yes,No,Month-to-month,No,Credit card (automatic),84.46,1616.01,No
7708-UQXHB,Female,0,Yes,No,33,Yes,No,DSL,No,Yes,Yes,No,No,Yes,Month-to-month,Yes,Mailed check,78.77,2623.68,Yes
3494-NMQFD,Female,1,No,No,42,Yes,Yes,No,No internet service,No internet service,No internet service,No internet service,No internet service,No internet service,Month-to-month,No,Electronic check,44.06,1849.18,No
4344-BXDZW,Female,0,Yes,No,25,Yes,Yes,Fiber optic,No,Yes,No,No,Yes,No,Two year,Yes,Credit card (automatic),110.66,2749.17,No
6903-OSHBA,Male,0,Yes,No,20,Yes,No,Fiber optic,No,No,Yes,Yes,No,No,One year,Yes,Mailed check,102.28,2039.47,No
1557-JCBPP,Male,0,No,No,29,Yes,Yes,No,No internet service,No internet service,No internet service,No internet service,No internet service,No internet service,One year,No,Bank transfer (automatic),39.0,1148.91,No
1568-GFWCW,Male,0,No,No,58,Yes,Yes,Fiber optic,No,No,No,No,No,No,One year,Yes,Mailed check,91.81,5324.29,No
6871-UFZIL,Male,0,Yes,No,7,Yes,Yes,DSL,No,No,No,Yes,Yes,No,One year,No,Mailed check,79.71,554.22,No
8811-FZYLC,Female,0,No,No,13,Yes,No,Fiber optic,No,Yes,No,No,Yes,Yes,Month-to-month,Yes,Mailed check,108.54,1432.78,Yes
5425-RGWCK,Female,0,Yes,No,25,Yes,No,No,No internet service,No internet service,No internet service,No internet service,No internet service,No internet service,One year,Yes,Mailed check,33.3,861.86,No
6754-LOYGQ,Male,0,No,Yes,54,Yes,No,Fiber optic,No,No,Yes,Yes,No,No,Month-to-month,No,Bank transfer (automatic),102.17,5507.55,No
4260-IBHUX,Male,0,Yes,Yes,29,Yes,No,No,No internet service,No internet service,No internet service,No internet service,No internet service,No internet service,Month-to-month,Yes,Credit card (automatic),39.86,1161.64,No
1070-DDXVJ,Female,1,Yes,Yes,16,Yes,No,Fiber optic,No,No,No,Yes,No,No,Month-to-month,No,Mailed check,98.19,1544.96,No
1845-WWCIN,Female,0,Yes,Yes,72,Yes,Yes,Fiber optic,No,Yes,Yes,No,Yes,No,Month-to-month,No,Mailed check,108.13,7767.39,No
9056-OGRKK,Female,0,No,No,33,Yes,No,Fiber optic,No,No,No,Yes,No,Yes,Two year,Yes,Electronic check,103.11,3386.85,Yes
8383-VHNXT,Female,0,Yes,No,20,Yes,Yes,Fiber optic,No,No,No,No,Yes,Yes,Month-to-month,No,Mailed check,110.38,2193.4,No
3525-PJVBF,Female,0,Yes,Yes,42,Yes,Yes,DSL,No,Yes,No,Yes,No,Yes,Month-to-month,Yes,Electronic check,81.11,3422.65,No
8412-SVQIN,Female,0,No,No,41,Yes,Yes,No,No internet service,No internet service,No internet service,No internet service,No internet service,No internet service,Month-to-month,No,Bank transfer (automatic),32.84,1350.23,No
7563-ZURJS,Male,0,Yes,No,33,Yes,No,No,No internet service,No internet service,No internet service,No internet service,No internet service,No internet service,One year,Yes,Bank transfer (automatic),40.33,1324.33,No
6660-KPPIL,Female,0,No,No,16,Yes,No,DSL,No,Yes,No,No,No,No,Month-to-month,Yes,Electronic check,69.83,1070.12,Yes
3273-RFOHW,Male,0,Yes,No,53,Yes,Yes,Fiber optic,No,No,No,Yes,Yes,No,Two year,Yes,Mailed check,103.81,5527.45,No
6531-HUFGV,Male,0,Yes,No,72,Yes,No,Fiber optic,Yes,Yes,No,Yes,Yes,No,Month-to-month,No,Electronic check,120.0,8691.8,Yes
9144-PETCN,Male,0,Yes,No,37,Yes,No,DSL,No,Yes,No,No,No,No,Month-to-month,Yes,Credit card (automatic),62.16,2292.66,No
2688-WAKLS,Male,0,Yes,Yes,8,Yes,No,Fiber optic,No,No,No,Yes,Yes,Yes,Month-to-month,No,Electronic check,115.95,920.03,Yes
3323-TUXFZ,Male,0,Yes,Yes,72,Yes,Yes,DSL,No,No,Yes,Yes,Yes,Yes,Two year,Yes,Credit card (automatic),97.66,7015.47,No
8563-STXZE,Female,0,No,No,42,Yes,No,DSL,No,Yes,No,Yes,No,No,Month-to-month,Yes,Bank transfer (automatic),81.22,3386.04,No
4647-XNTNA,Female,0,No,Yes,12,Yes,Yes,DSL,No,Yes,No,No,No,Yes,Month-to-month,No,Credit card (automatic),75.06,925.79,No
3933-GBZEV,Male,0,Yes,Yes,51,Yes,No,DSL,No,No,No,No,No,Yes,Month-to-month,No,Bank transfer (automatic),64.93,3346.36,No
3101-MMFTF,Female,0,Yes,Yes,62,Yes,Yes,Fiber optic,No,Yes,Yes,No,No,Yes,Month-to-month,Yes,Bank transfer (automatic),111.93,6958.11,No
7453-RJHRV,Male,0,No,No,29,No,No phone service,Fiber optic,Yes,No,Yes,Yes,No,No,Month-to-month,Yes,Mailed check,101.39,2925.87,No
1569-WBPPQ,Male,0,Yes,No,5,Yes,Yes,Fiber optic,No,No,No,No,No,No,Month-to-month,No,Mailed check,93.93,479.58,Yes
9026-UNUMK,Female,0,No,No,35,Yes,No,No,No internet service,No internet service,No internet service,No internet service,No internet service,No internet service,One year,No,Electronic check,41.16,1433.8,No
8513-MPVXJ,Male,0,No,No,11,Yes,No,Fiber optic,Yes,Yes,No,Yes,No,No,Two year,No,Credit card (automatic),105.07,1182.78,No
1550-HGQFI,Female,1,Yes,No,43,Yes,No,Fiber optic,No,No,Yes,Yes,No,Yes,Month-to-month,No,Mailed check,104.96,4541.94,No
4652-VZCMF,Female,0,No,No,16,Yes,No,Fiber optic,No,Yes,No,Yes,No,No,Month-to-month,Yes,Bank transfer (automatic),101.8,1600.36,Yes
9952-FKTTL,Male,0,No,No,39,Yes,No,No,No internet service,No internet service,No internet service,No internet service,No internet service,No internet service,Month-to-month,Yes,Electronic check,37.77,1476.81,No
5255-OPPSO,Male,0,No,Yes,21,Yes,No,Fiber optic,No,Yes,No,No,Yes,Yes,Two year,No,Mailed check,114.69,2439.95,No
6460-WEYXZ,Female,0,No,Yes,36,Yes,Yes,DSL,No,No,Yes,No,No,No,One year,Yes,Electronic check,81.14,2907.91,No
2665-KSRWE,Female,0,Yes,No,52,Yes,No,DSL,No,No,No,No,No,No,Month-to-month,No,Electronic check,63.96,3344.2,No
7562-QONNQ,Female,0,No,No,53,Yes,No,DSL,No,No,Yes,Yes,No,No,One year,Yes,Mailed check,82.64,4390.77,No
4577-CAWJC,Male,0,Yes,No,14,Yes,Yes,No,No internet service,No internet service,No internet service,No internet service,No internet service,No internet service,Month-to-month,No,Electronic check,45.01,653.45,No
5934-EXWBJ,Male,0,Yes,No,23,Yes,Yes,Fiber optic,No,Yes,No,No,No,No,Month-to-month,Yes,Bank transfer (automatic),99.0,2238.52,No
7316-ZEVBJ,Female,0,No,No,24,Yes,Yes,Fiber optic,No,No,Yes,No,Yes,Yes,Two year,No,Mailed check,116.81,2797.89,No
7357-OEUMW,Female,0,Yes,Yes,34,Yes,No,Fiber optic,No,No,Yes,No,Yes,No,Month-to-month,Yes,Mailed check,108.23,3682.07,No
8136-YGAGG,Male,0,No,No,65,No,No phone service,No,No internet service,No internet service,No internet service,No internet service,No internet service,No internet service,Month-to-month,No,Bank transfer (automatic),20.54,1373.34,No
6825-OECTF,Female,0,No,No,26,Yes,Yes,Fiber optic,No,No,No,Yes,No,Yes,One year,No,Bank transfer (automatic),106.74,2764.92,No
9712-YESTD,Female,0,No,No,40,Yes,No,DSL,No,No,No,No,Yes,No,One year,Yes,Mailed check,79.67,3213.47,No
3551-NMCEZ,Male,0,No,Yes,25,Yes,No,Fiber optic,Yes,No,No,No,No,No,Month-to-month,Yes,Credit card (automatic),97.45,2462.18,No
8914-VAPNZ,Male,0,No,Yes,16,Yes,Yes,DSL,No,No,Yes,Yes,Yes,No,One year,No,Electronic check,87.81,1398.68,Yes
8081-FZWNY,Female,1,No,No,7,Yes,Yes,No,No internet service,No internet service,No internet service,No internet service,No internet service,No internet service,One year,Yes,Bank transfer (automatic),39.4,276.77,No
1096-RGWDB,Female,1,No,Yes,20,Yes,No,Fiber optic,No,No,No,Yes,Yes,Yes,Two year,No,Credit card (automatic),107.4,2135.45,No
1587-WQKPP,Male,0,No,Yes,10,Yes,Yes,DSL,No,No,Yes,No,No,Yes,Month-to-month,No,Electronic check,78.1,807.33,No
1225-YUEHR,Male,0,No,No,10,Yes,No,DSL,No,No,No,No,No,No,Month-to-month,No,Mailed check,70.72,677.07,Yes
3145-TEWTB,Female,0,Yes,No,36,Yes,No,Fiber optic,No,No,No,Yes,No,No,Two year,Yes,Electronic check,101.18,3600.95,No
3970-HIJFG,Male,0,Yes,Yes,39,Yes,Yes,Fiber optic,No,No,No,No,Yes,No,One year,Yes,Electronic check,92.39,3656.24,No
5625-WZDKR,Female,0,Yes,No,55,Yes,Yes,DSL,No,No,No,Yes,No,No,Month-to-month,Yes,Electronic check,61.03,3346.64,No
3692-YNLVH,Female,0,Yes,Yes,4,No,No phone service,Fiber optic,Yes,Yes,No,No,Yes,No,One year,Yes,Bank transfer (automatic),90.32,332.08,No
7678-GPTRX,Female,1,Yes,No,49,Yes,No,DSL,No,No,No,No,Yes,No,Month-to-month,No,Electronic check,66.75,3304.76,No
5609-PNHSH,Male,1,No,No,1,Yes,No,No,No internet service,No internet service,No internet service,No internet service,No internet service,No internet service,Two year,Yes,Electronic check,36.46,8.87,No
2870-AAMBW,Male,0,No,No,16,Yes,Yes,No,No internet service,No internet service,No internet service,No internet service,No internet service,No internet service,One year,Yes,Electronic check,46.61,777.53,No
5962-QIWXU,Male,0,No,Yes,25,Yes,No,Fiber optic,No,No,Yes,Yes,No,Yes,Two year,Yes,Bank transfer (automatic),101.71,2563.8,No
3871-JJFBL,Female,0,No,No,16,Yes,No,Fiber optic,No,No,Yes,No,No,No,One year,Yes,Electronic check,91.21,1462.5,Yes
1637-LBROC,Male,0,No,No,28,Yes,Yes,DSL,No,No,No,Yes,Yes,No,Two year,No,Bank transfer (automatic),76.19,2114.61,No
4287-COZJD,Male,1,No,No,33,Yes,Yes,DSL,Yes,No,No,No,Yes,Yes,Month-to-month,Yes,Electronic check,81.25,2679.55,No
8562-CVRCH,Male,0,No,No,1,Yes,No,Fiber optic,No,No,No,No,No,Yes,Month-to-month,Yes,Electronic check,95.07,77.96,Yes
8034-GTAZL,Male,0,Yes,Yes,40,Yes,No,No,No internet service,No internet service,No internet service,No internet service,No internet service,No internet service,Month-to-month,Yes,Credit card (automatic),40.02,1602.06,No
5581-LWJTO,Male,0,No,Yes,19,Yes,No,Fiber optic,No,Yes,Yes,No,No,No,Two year,Yes,Bank transfer (automatic),111.44,2122.61,No
4296-BDMUO,Female,0,Yes,No,47,Yes,No,No,No internet service,No internet service,No internet service,No internet service,No internet service,No internet service,One year,No,Bank transfer (automatic),36.16,1663.81,No
1999-NREVG,Female,0,Yes,No,49,Yes,Yes,No,No internet service,No internet service,No internet service,No internet service,No internet service,No internet service,Month-to-month,No,Credit card (automatic),43.75,2140.69,No
3829-FOALF,Male,0,Yes,No,30,No,No phone service,Fiber optic,No,No,Yes,Yes,Yes,No,Month-to-month,No,Credit card (automatic),93.69,2800.95,Yes
1492-JGKEA,Male,0,No,Yes,53,Yes,No,DSL,No,Yes,No,Yes,Yes,Yes,One year,No,Credit card (automatic),88.83,4729.63,No
7585-DAGEN,Male,0,No,Yes,13,Yes,No,No,No internet service,No internet service,No internet service,No internet service,No internet service,No internet service,One year,Yes,Electronic check,39.94,539.77,No
1368-JNUTV,Female,0,Yes,Yes,17,No,No phone service,DSL,Yes,No,Yes,No,No,No,Month-to-month,Yes,Electronic check,58.71,1010.64,No
2415-BISHM,Male,0,No,Yes,4,Yes,Yes,No,No internet service,No internet service,No internet service,No internet service,No internet service,No internet service,One year,Yes,Credit card (automatic),38.81,134.3,No
9374-WCHXA,Female,0,Yes,No,41,Yes,No,DSL,Yes,No,No,No,No,No,Month-to-month,No,Bank transfer (automatic),75.86,3139.6,No
8027-IIHQB,Male,0,Yes,Yes,28,Yes,Yes,Fiber optic,Yes,Yes,No,No,Yes,Yes,Month-to-month,Yes,Mailed check,118.29,3319.43,Yes
6062-VGXWX,Male,0,Yes,No,25,Yes,Yes,DSL,No,No,Yes,No,No,Yes,Month-to-month,Yes,Mailed check,81.35,2021.06,No
7812-ZMLHG,Female,0,Yes,Yes,23,Yes,No,DSL,No,No,No,Yes,Yes,No,Month-to-month,Yes,Bank transfer (automatic),83.21,1927.22,Yes
4849-AOYOZ,Female,0,No,No,21,Yes,Yes,Fiber optic,No,No,Yes,No,Yes,No,Month-to-month,No,Bank transfer (automatic),98.85,2076.83,No
7041-PYHXI,Female,0,Yes,No,10,Yes,No,Fiber optic,No,No,Yes,No,No,Yes,Two year,Yes,Electronic check,108.2,1084.86,Yes
6359-FNUKN,Female,0,Yes,Yes,9,Yes,No,Fiber optic,No,Yes,No,Yes,Yes,No,Month-to-month,Yes,Electronic check,113.47,1026.39,Yes
8574-RJAIO,Female,0,Yes,Yes,72,Yes,No,Fiber optic,No,Yes,No,Yes,No,Yes,Month-to-month,Yes,Electronic check,117.56,8446.61,Yes
1465-TMSMV,Female,0,No,No,39,No,No phone service,Fiber optic,Yes,No,No,No,Yes,Yes,Month-to-month,Yes,Credit card (automatic),94.79,3656.44,Yes
1766-TZYBI,Male,0,No,Yes,24,Yes,No,Fiber optic,No,No,Yes,No,Yes,Yes,Month-to-month,No,Mailed check,102.74,2459.25,Yes
3035-MGLAR,Male,0,No,Yes,22,Yes,No,No,No internet service,No internet service,No internet service,No internet service,No internet service,No internet service,Two year,No,Credit card (automatic),46.02,975.95,No
6827-BDRER,Male,0,No,No,36,Yes,Yes,No,No internet service,No internet service,No internet service,No internet service,No internet service,No internet service,Two year,No,Bank transfer (automatic),44.71,1605.86,No
4892-NVDJK,Male,0,No,No,61,Yes,No,DSL,No,Yes,Yes,Yes,No,No,One year,No,Credit card (automatic),86.79,5316.89,No
7638-OQORO,Male,0,Yes,No,31,Yes,Yes,Fiber optic,No,No,Yes,No,Yes,Yes,Month-to-month,Yes,Credit card (automatic),111.61,3422.45,No
9397-JWFCK,Male,0,Yes,Yes,72,Yes,Yes,DSL,No,Yes,No,Yes,Yes,No,Month-to-month,No,Mailed check,88.53,6391.89,No
6733-LFDQV,Male,0,No,Yes,43,Yes,No,DSL,Yes,No,No,No,No,Yes,Month-to-month,No,Mailed check,77.51,3355.42,Yes
1377-HRMHK,Female,1,Yes,No,19,Yes,Yes,DSL,Yes,No,No,No,No,No,One year,No,Bank transfer (automatic),71.84,1361.91,No
1332-AQEHA,Male,0,Yes,No,8,Yes,No,No,No internet service,No internet service,No internet service,No internet service,No internet service,No internet service,Month-to-month,Yes,Electronic check,36.44,290.87,No
9805-YEYNE,Female,1,Yes,Yes,59,Yes,No,Fiber optic,No,No,Yes,No,Yes,Yes,Two year,Yes,Electronic check,107.04,6322.55,No
6036-CRJPY,Male,0,Yes,No,12,No,No phone service,No,No internet service,No internet service,No internet service,No internet service,No internet service,No internet service,Two year,No,Bank transfer (automatic),23.47,274.46,No
8310-TRZME,Female,1,No,No,48,Yes,No,DSL,No,No,Yes,No,No,No,One year,No,Credit card (automatic),65.92,3159.61,No
2211-UGYDH,Female,1,Yes,No,36,Yes,No,No,No internet service,No internet service,No internet service,No internet service,No internet service,No internet service,Month-to-month,No,Electronic check,41.55,1518.17,Yes
1106-MVKYU,Male,1,Yes,No,7,Yes,Yes,Fiber optic,Yes,No,No,Yes,No,Yes,Two year,Yes,Mailed check,108.61,738.35,No
8725-IXLAD,Male,0,No,No,35,Yes,No,DSL,No,Yes,Yes,Yes,No,Yes,Month-to-month,Yes,Credit card (automatic),94.43,3300.75,No
9117-YMCDH,Female,0,No,No,40,Yes,Yes,DSL,No,Yes,No,Yes,Yes,No,Two year,No,Electronic check,84.53,3367.4,No
9578-LNPSC,Female,0,Yes,Yes,21,Yes,No,Fiber optic,No,No,No,No,Yes,No,Month-to-month,Yes,Credit card (automatic),93.55,1971.48,Yes
5814-VQTNF,Male,0,Yes,No,20,Yes,No,DSL,Yes,No,No,No,Yes,Yes,One year,Yes,Electronic check,83.03,1633.1,No
9288-XPALQ,Female,0,Yes,No,22,No,No phone service,DSL,No,No,No,No,Yes,Yes,Month-to-month,No,Electronic check,53.76,1197.63,No
6360-RRYXQ,Female,1,Yes,No,58,Yes,Yes,No,No internet service,No internet service,No internet service,No internet service,No internet service,No internet service,One year,Yes,Electronic check,39.07,2247.3,No
2032-RNIOY,Male,0,Yes,No,19,Yes,Yes,Fiber optic,No,Yes,No,Yes,Yes,No,Month-to-month,Yes,Electronic check,104.25,1983.4,No
1734-WRTND,Male,0,Yes,Yes,5,Yes,No,Fiber optic,Yes,No,No,No,Yes,No,Month-to-month,Yes,Electronic check,108.17,521.24,Yes
8015-IMLPR,Male,0,No,No,28,Yes,No,Fiber optic,No,Yes,No,No,Yes,Yes,Month-to-month,Yes,Bank transfer (automatic),111.4,3106.34,Yes
5059-FFQGR,Female,0,No,No,4,Yes,No,Fiber optic,Yes,Yes,No,No,No,Yes,Month-to-month,Yes,Electronic check,108.41,413.6,Yes
9002-CJMWC,Female,0,No,No,34,Yes,Yes,Fiber optic,Yes,No,No,No,No,No,Month-to-month,No,Credit card (automatic),103.39,3502.29,Yes
3821-FOCXT,Female,0,No,No,11,Yes,Yes,No,No internet service,No internet service,No internet service,No internet service,No internet service,No internet service,Two year,No,Mailed check,33.68,376.1,No
5126-DLVWR,Female,0,No,Yes,23,No,No phone service,Fiber optic,No,Yes,No,No,Yes,No,Month-to-month,Yes,Mailed check,81.61,1904.11,Yes
7875-HFACZ,Male,1,No,No,11,Yes,No,No,No internet service,No internet service,No internet service,No internet service,No internet service,No internet service,One year,No,Bank transfer (automatic),42.54,433.38,No
1406-RHJQZ,Male,0,No,No,72,Yes,No,Fiber optic,No,No,No,No,No,Yes,Month-to-month,Yes,Electronic check,94.49,6808.99,No
9721-BAVHJ,Male,0,No,No,36,No,No phone service,Fiber optic,No,No,No,Yes,Yes,No,One year,Yes,Bank transfer (automatic),84.61,3035.8,Yes
7433-FYERD,Male,0,No,Yes,11,Yes,No,No,No internet service,No internet service,No internet service,No internet service,No internet service,No internet service,Two year,Yes,Electronic check,39.72,446.4,No
9629-UBAPC,Female,1,No,No,31,Yes,Yes,DSL,Yes,No,No,No,No,No,Month-to-month,Yes,Credit card (automatic),67.97,2119.19,No
6754-CZEZR,Female,1,No,Yes,9,Yes,No,Fiber optic,No,Yes,No,Yes,No,No,Two year,Yes,Mailed check,99.62,874.96,No
1365-DYLGX,Male,0,Yes,No,23,Yes,No,Fiber optic,No,No,No,No,No,No,One year,Yes,Electronic check,96.71,2226.87,No
6654-MEVYC,Female,0,Yes,Yes,61,Yes,No,DSL,Yes,No,Yes,No,No,Yes,One year,No,Bank transfer (automatic),86.93,5287.04,No
3636-KICEV,Female,0,Yes,No,36,Yes,No,DSL,No,No,No,No,Yes,Yes,Month-to-month,No,Electronic check,73.99,2659.57,No
4690-YJEKR,Male,0,Yes,Yes,12,Yes,Yes,Fiber optic,No,Yes,No,Yes,Yes,Yes,Two year,Yes,Credit card (automatic),117.53,1428.81,No
7870-EJSWE,Female,0,Yes,Yes,7,Yes,Yes,No,No internet service,No internet service,No internet service,No internet service,No internet service,No internet service,Two year,No,Mailed check,39.99,294.07,No
4099-OPMRK,Female,0,Yes,No,40,Yes,No,Fiber optic,Yes,Yes,Yes,Yes,No,No,Month-to-month,Yes,Mailed check,116.48,4655.53,No
4190-LVTIH,Female,0,Yes,No,72,Yes,No,Fiber optic,Yes,No,No,No,Yes,No,Month-to-month,Yes,Electronic check,106.07,7652.79,No
5835-BUVHA,Female,0,No,No,24,Yes,No,No,No internet service,No internet service,No internet service,No internet service,No internet service,No internet service,Month-to-month,Yes,Mailed check,44.87,1078.44,No
4961-ESPLU,Male,0,Yes,No,59,Yes,No,DSL,No,No,Yes,Yes,No,No,Month-to-month,Yes,Bank transfer (automatic),79.45,4666.76,No
4438-GITWV,Female,1,Yes,No,37,Yes,No,DSL,Yes,Yes,No,No,Yes,Yes,Month-to-month,Yes,Mailed check,98.1,3634.16,Yes
1564-BKOJR,Male,0,Yes,No,40,Yes,No,DSL,No,Yes,No,Yes,No,Yes,Two year,Yes,Bank transfer (automatic),82.14,3276.07,No
6410-QXTSC,Female,0,Yes,Yes,9,Yes,No,DSL,No,No,Yes,No,No,No,Two year,Yes,Electronic check,72.31,663.22,No
6517-HVUTZ,Male,0,No,Yes,23,Yes,No,Fiber optic,Yes,Yes,No,No,No,No,Month-to-month,Yes,Credit card (automatic),99.16,2287.85,Yes
6643-AWDIY,Male,1,No,No,24,No,No phone service,DSL,No,No,No,No,No,No,Month-to-month,Yes,Mailed check,49.37,1172.93,Yes
5761-VNHSQ,Female,0,Yes,No,3,Yes,No,DSL,No,Yes,Yes,No,No,Yes,One year,No,Mailed check,75.24,197.0,No
8814-IBKEU,Male,0,No,Yes,15,Yes,Yes,DSL,Yes,No,Yes,No,No,Yes,Two year,Yes,Electronic check,94.92,1433.6,No
3579-VMTXF,Male,0,Yes,No,17,Yes,No,DSL,No,No,No,Yes,No,Yes,Two year,No,Electronic check,77.1,1318.91,No
8089-KFTSS,Female,0,No,No,12,Yes,Yes,Fiber optic,Yes,No,No,Yes,No,Yes,Two year,Yes,Electronic check,115.0,1391.08,No
8128-QDDJW,Male,1,No,No,22,No,No phone service,DSL,Yes,No,No,No,Yes,Yes,Two year,No,Credit card (automatic),67.74,1485.25,No
5288-ECPJQ,Female,0,No,Yes,46,Yes,No,Fiber optic,No,No,No,No,Yes,Yes,Month-to-month,No,Mailed check,96.74,4443.3,No
8821-HCFQD,Male,0,Yes,No,47,Yes,No,Fiber optic,No,No,Yes,No,No,No,Month-to-month,Yes,Electronic check,96.57,4527.29,Yes
6599-BDCMS,Male,0,No,No,66,Yes,No,Fiber optic,No,No,Yes,Yes,No,No,Two year,No,Bank transfer (automatic),103.52,6868.29,No
4367-PCDTV,Female,0,No,No,52,Yes,Yes,Fiber optic,No,Yes,No,No,Yes,Yes,One year,No,Mailed check,108.03,5601.05,Yes
1575-KHOIC,Male,0,No,No,32,Yes,No,Fiber optic,Yes,Yes,Yes,No,Yes,Yes,Two year,Yes,Electronic check,120.0,3833.66,No
6944-OWFQA,Male,0,Yes,Yes,67,Yes,No,Fiber optic,No,Yes,No,Yes,Yes,Yes,One year,Yes,Bank transfer (automatic),120.0,8057.75,No
2722-NPUQL,Female,0,Yes,No,18,Yes,No,DSL,Yes,No,Yes,Yes,No,No,Month-to-month,Yes,Electronic check,94.27,1735.99,Yes
1901-MZLQQ,Female,0,Yes,No,26,Yes,No,DSL,Yes,Yes,No,No,Yes,No,Month-to-month,No,Bank transfer (automatic),79.94,2088.47,No
6136-YBTMR,Male,1,Yes,No,72,Yes,No,Fiber optic,No,No,Yes,Yes,No,No,Two year,Yes,Bank transfer (automatic),112.93,8083.34,No
1388-CFZYX,Female,1,No,No,17,Yes,No,No,No internet service,No internet service,No internet service,No internet service,No internet service,No internet service,Month-to-month,No,Electronic check,41.05,675.04,Yes
7490-FMKWH,Female,1,Yes,No,2,Yes,No,Fiber optic,No,No,No,No,Yes,Yes,Month-to-month,Yes,Bank transfer (automatic),93.75,184.88,No
2131-PFIBE,Female,0,Yes,Yes,8,Yes,No,DSL,No,No,No,Yes,No,Yes,One year,Yes,Electronic check,82.49,681.55,No
4159-PHMLD,Male,0,No,Yes,24,Yes,Yes,DSL,No,Yes,Yes,Yes,No,No,Month-to-month,Yes,Credit card (automatic),86.41,2119.36,No
2367-FJPUR,Female,0,No,No,11,Yes,Yes,DSL,No,No,No,Yes,No,No,One year,Yes,Electronic check,65.45,709.21,No
3026-FLIJC,Female,1,No,No,7,Yes,Yes,No,No internet service,No internet service,No internet service,No internet service,No internet service,No internet service,One year,No,Electronic check,37.11,225.24,No
9561-OYREC,Female,0,No,No,48,Yes,No,DSL,No,No,No,Yes,No,Yes,One year,Yes,Electronic check,78.39,3750.62,No
2766-WUWBJ,Male,0,No,No,37,Yes,No,No,No internet service,No internet service,No internet service,No internet service,No internet service,No internet service,Two year,Yes,Mailed check,28.83,1066.64,No
7867-WEUMF,Female,0,No,No,3,Yes,No,No,No internet service,No internet service,No internet service,No internet service,No internet service,No internet service,Month-to-month,No,Electronic check,41.98,102.8,Yes
7011-RQDRX,Female,0,Yes,No,55,Yes,No,Fiber optic,Yes,No,No,Yes,No,No,Two year,No,Mailed check,98.39,5438.41,No
6605-CRNHU,Male,1,Yes,No,72,Yes,Yes,Fiber optic,No,No,Yes,Yes,Yes,No,Two year,No,Credit card (automatic),110.93,7977.12,No
2641-VWZJT,Female,0,No,No,15,Yes,No,DSL,No,No,No,No,No,No,Two year,Yes,Electronic check,65.71,989.77,No
1216-ESXOJ,Female,0,Yes,Yes,37,Yes,No,Fiber optic,No,No,No,No,Yes,Yes,Two year,No,Electronic check,108.02,3994.57,No
7835-EFAYO,Male,0,Yes,No,10,Yes,No,DSL,Yes,No,No,No,No,No,Month-to-month,Yes,Electronic check,59.82,618.78,No
1573-OIMZB,Female,0,No,No,30,Yes,Yes,DSL,No,Yes,No,No,No,No,Month-to-month,Yes,Bank transfer (automatic),62.13,1872.87,Yes
1077-SRAAZ,Male,0,Yes,No,38,Yes,No,DSL,No,No,Yes,No,Yes,Yes,Month-to-month,No,Bank transfer (automatic),78.81,2982.83,No
1909-AXUES,Female,1,Yes,No,24,Yes,No,Fiber optic,Yes,No,Yes,No,No,No,One year,Yes,Credit card (automatic),107.15,2578.54,No
1596-HUYAT,Female,0,Yes,Yes,13,Yes,Yes,DSL,Yes,No,No,No,No,No,Month-to-month,Yes,Bank transfer (automatic),72.61,954.72,Yes
4402-ZTFGD,Female,0,Yes,No,17,Yes,No,Fiber optic,No,No,No,Yes,Yes,No,Month-to-month,Yes,Bank transfer (automatic),106.83,1828.49,No
1103-IAVEW,Male,0,No,Yes,4,Yes,Yes,DSL,Yes,No,Yes,Yes,No,Yes,Two year,Yes,Electronic check,86.7,361.57,No
9828-TQOPL,Female,0,Yes,Yes,27,Yes,Yes,No,No internet service,No internet service,No internet service,No internet service,No internet service,No internet service,Two year,Yes,Credit card (automatic),47.07,1266.29,No
1475-XYHON,Male,0,No,No,72,Yes,Yes,Fiber optic,No,Yes,No,No,No,No,One year,No,Electronic check,99.3,7117.89,No
3032-IARQM,Female,0,Yes,No,8,Yes,No,Fiber optic,No,No,Yes,No,No,No,Month-to-month,Yes,Bank transfer (automatic),98.29,778.77,No
8275-JJRFY,Female,1,No,No,66,Yes,Yes,DSL,No,Yes,No,Yes,Yes,Yes,Two year,Yes,Credit card (automatic),95.53,6317.14,No
2855-PYKOT,Male,0,Yes,No,21,Yes,Yes,Fiber optic,Yes,No,No,No,No,Yes,Two year,Yes,Electronic check,117.0,2461.42,No
4797-IOBKN,Male,0,Yes,Yes,4,Yes,No,DSL,No,No,Yes,No,No,Yes,Month-to-month,Yes,Electronic check,78.58,312.65,Yes
3513-AAZZD,Male,0,No,No,48,Yes,No,Fiber optic,Yes,No,Yes,No,No,No,Month-to-month,Yes,Electronic check,102.78,4941.29,No
7094-LFOBS,Female,0,Yes,Yes,27,Yes,No,Fiber optic,No,No,No,Yes,Yes,No,Two year,Yes,Credit card (automatic),104.85,2815.31,No
4325-MSEKA,Male,0,No,No,9,Yes,No,Fiber optic,No,No,No,No,Yes,No,Month-to-month,No,Mailed check,88.5,780.93,Yes
5304-BDXXH,Male,1,Yes,No,14,Yes,Yes,DSL,No,Yes,No,No,No,Yes,One year,No,Mailed check,79.05,1098.38,No
7949-FTARZ,Male,0,Yes,No,16,Yes,Yes,No,No internet service,No internet service,No internet service,No internet service,No internet service,No internet service,One year,Yes,Mailed check,40.85,607.8,No
8298-HYNHE,Male,1,Yes,No,23,Yes,No,Fiber optic,No,No,No,No,No,No,Month-to-month,Yes,Bank transfer (automatic),84.3,1925.58,Yes
2205-JMEEB,Male,0,No,No,29,Yes,Yes,Fiber optic,No,No,No,No,Yes,No,Month-to-month,No,Bank transfer (automatic),90.54,2621.84,Yes
2633-OOFKX,Male,0,Yes,No,30,Yes,No,DSL,Yes,No,No,Yes,Yes,Yes,One year,No,Bank transfer (automatic),89.43,2677.59,No
5576-YUNSZ,Male,0,Yes,No,45,Yes,No,Fiber optic,No,No,Yes,No,No,No,One year,No,Credit card (automatic),90.07,4003.25,Yes
5698-BROEP,Female,0,No,No,27,Yes,Yes,No,No internet service,No internet service,No internet service,No internet service,No internet service,No internet service,Two year,No,Electronic check,35.49,940.89,No
7116-DCAAW,Male,1,Yes,No,34,Yes,Yes,No,No internet service,No internet service,No internet service,No internet service,No internet service,No internet service,Month-to-month,Yes,Electronic check,40.74,1386.43,No
5015-HWURP,Female,0,No,Yes,27,Yes,No,No,No internet service,No internet service,No internet service,No internet service,No internet service,No internet service,Two year,Yes,Bank transfer (automatic),43.86,1176.26,No
9899-ZAHNC,Female,0,No,No,1,Yes,No,Fiber optic,No,No,No,No,No,No,Month-to-month,Yes,Electronic check,94.41,63.68,Yes
2989-SQAJT,Female,0,No,No,8,Yes,No,DSL,No,No,No,No,No,No,Month-to-month,No,Bank transfer (automatic),69.08,558.97,Yes
8684-UZPFU,Male,1,Yes,Yes,10,Yes,Yes,DSL,No,Yes,Yes,No,No,No,Two year,No,Credit card (automatic),81.29,773.99,No
5383-VNZPO,Male,0,Yes,No,26,Yes,No,Fiber optic,Yes,No,Yes,Yes,No,No,Month-to-month,Yes,Mailed check,107.5,2791.17,No
1213-OZIHH,Female,0,No,Yes,28,Yes,No,DSL,Yes,No,Yes,No,Yes,Yes,Month-to-month,No,Electronic check,92.43,2558.76,No
4639-CWELP,Female,0,No,No,21,No,No phone service,DSL,No,No,No,Yes,No,No,Month-to-month,No,Credit card (automatic),53.98,1088.69,No
5819-VOOQT,Female,1,Yes,No,38,Yes,Yes,DSL,Yes,Yes,No,Yes,Yes,Yes,One year,No,Mailed check,101.07,3830.06,No
6556-PIXBD,Male,0,No,No,42,Yes,No,DSL,No,No,No,No,No,No,Two year,No,Electronic check,65.97,2775.24,No
3513-OHGST,Male,0,No,No,23,Yes,Yes,Fiber optic,No,Yes,No,No,Yes,Yes,Two year,Yes,Mailed check,106.96,2436.87,No
9330-TABID,Male,1,Yes,No,45,Yes,No,Fiber optic,No,No,Yes,No,No,Yes,Month-to-month,No,Electronic check,99.49,4487.14,No
1467-ZKBNF,Male,0,Yes,No,20,Yes,Yes,Fiber optic,No,No,Yes,No,No,No,Month-to-month,No,Electronic check,93.44,1886.33,No
6645-PZIWL,Female,0,No,No,32,Yes,No,Fiber optic,Yes,Yes,No,Yes,No,No,Month-to-month,Yes,Electronic check,109.21,3461.6,Yes
8872-MQFXH,Male,0,No,No,2,Yes,Yes,No,No internet service,No internet service,No internet service,No internet service,No internet service,No internet service,Two year,Yes,Mailed check,39.43,72.46,No
1447-QJSZD,Male,0,No,No,23,Yes,Yes,DSL,Yes,No,Yes,Yes,No,Yes,One year,Yes,Mailed check,99.15,2285.58,Yes
3228-EQWTA,Female,0,Yes,No,47,Yes,No,Fiber optic,No,No,Yes,No,No,Yes,Month-to-month,No,Bank transfer (automatic),110.72,5207.2,Yes
7221-ZBOBN,Female,0,Yes,No,26,Yes,No,Fiber optic,No,No,No,No,Yes,No,Month-to-month,No,Mailed check,92.34,2393.05,Yes
4286-HEPLA,Male,0,Yes,No,10,Yes,No,Fiber optic,No,Yes,No,No,No,No,Month-to-month,Yes,Credit card (automatic),102.8,1033.48,Yes
3607-QYRWP,Male,0,Yes,Yes,31,Yes,Yes,No,No internet service,No internet service,No internet service,No internet service,No internet service,No internet service,One year,Yes,Credit card (automatic),41.34,1295.2,No
9645-LKHPB,Female,0,No,No,21,Yes,No,DSL,No,Yes,Yes,No,No,No,Month-to-month,Yes,Electronic check,79.01,1636.8,Yes
4972-KKMGL,Female,0,Yes,No,33,No,No phone service,No,No internet service,No internet service,No internet service,No internet service,No internet service,No internet service,One year,No,Electronic check,23.17,781.6,No
8528-RUQYU,Female,0,Yes,No,13,Yes,Yes,Fiber optic,Yes,Yes,No,Yes,No,No,Month-to-month,Yes,Bank transfer (automatic),109.36,1442.15,No
1459-RERWZ,Female,0,No,No,22,Yes,No,No,No internet service,No internet service,No internet service,No internet service,No internet service,No internet service,Month-to-month,Yes,Electronic check,43.45,956.16,No
9274-SWOIJ,Female,0,Yes,Yes,9,Yes,Yes,Fiber optic,No,Yes,No,No,No,No,One year,No,Mailed check,102.05,896.68,No
7388-QVNIX,Male,0,Yes,No,16,Yes,Yes,DSL,Yes,No,No,No,No,No,One year,Yes,Electronic check,68.88,1142.01,No
7960-KSYFH,Male,0,No,No,29,Yes,No,Fiber optic,Yes,No,No,No,No,No,Month-to-month,Yes,Mailed check,100.92,2910.59,Yes
7598-HIXXE,Female,0,Yes,Yes,4,Yes,Yes,No,No internet service,No internet service,No internet service,No internet service,No internet service,No internet service,One year,Yes,Mailed check,38.44,177.66,No
3720-TNUZD,Male,0,No,No,23,Yes,No,DSL,No,Yes,No,Yes,No,No,Two year,No,Credit card (automatic),82.35,1922.71,No
9976-TWMKK,Male,1,Yes,No,8,Yes,Yes,No,No internet service,No internet service,No internet service,No internet service,No internet service,No internet service,One year,Yes,Bank transfer (automatic),36.76,272.58,No
7252-WPSGH,Male,0,Yes,No,20,Yes,Yes,Fiber optic,Yes,No,Yes,Yes,Yes,No,One year,Yes,Mailed check,108.96,2186.32,No
2274-SGMIT,Female,0,No,Yes,6,Yes,No,No,No internet service,No internet service,No internet service,No internet service,No internet service,No internet service,One year,No,Mailed check,37.66,210.89,No
6114-BDNYH,Male,0,Yes,No,72,Yes,Yes,No,No internet service,No internet service,No internet service,No internet service,No internet service,No internet service,Month-to-month,Yes,Mailed check,34.43,2501.22,No
9284-ZBQFD,Male,0,No,No,47,Yes,No,DSL,No,No,No,Yes,No,No,Month-to-month,Yes,Electronic check,72.07,3381.22,No
5163-QWBOP,Male,0,Yes,No,21,Yes,No,Fiber optic,No,Yes,No,No,Yes,No,Month-to-month,Yes,Bank transfer (automatic),111.93,2329.15,Yes
7902-AXCJM,Male,0,No,Yes,65,Yes,Yes,Fiber optic,Yes,No,Yes,No,Yes,Yes,Month-to-month,No,Mailed check,118.36,7691.79,No
7919-JRMVW,Female,1,Yes,Yes,13,Yes,No,No,No internet service,No internet service,No internet service,No internet service,No internet service,No internet service,One year,No,Bank transfer (automatic),42.85,550.83,No
8973-NCYYJ,Male,0,No,No,56,Yes,Yes,DSL,No,No,No,No,Yes,Yes,One year,No,Electronic check,86.54,4817.24,Yes
6527-NHXSG,Female,0,No,Yes,34,Yes,No,No,No internet service,No internet service,No internet service,No internet service,No internet service,No internet service,Month-to-month,Yes,Electronic check,38.2,1326.66,No
8272-CMLTY,Male,0,No,Yes,14,Yes,No,DSL,No,No,Yes,No,No,Yes,Two year,Yes,Bank transfer (automatic),81.91,1130.44,No
8641-LKJQX,Female,0,Yes,No,38,Yes,No,Fiber optic,Yes,No,No,No,No,No,Two year,No,Bank transfer (automatic),102.67,3881.06,Yes
5638-FYCFO,Female,1,No,No,48,Yes,Yes,Fiber optic,No,No,No,No,No,Yes,Month-to-month,Yes,Electronic check,88.63,4257.81,No
7189-RIFMO,Female,0,No,No,24,Yes,No,Fiber optic,No,Yes,No,No,No,Yes,Month-to-month,No,Credit card (automatic),104.71,2536.25,No
4942-QHFGJ,Female,0,Yes,Yes,44,Yes,No,DSL,Yes,No,Yes,No,No,No,Month-to-month,Yes,Credit card (automatic),83.27,3648.64,No
2112-QBFXE,Male,0,No,No,41,No,No phone service,Fiber optic,Yes,No,No,Yes,Yes,No,Two year,Yes,Mailed check,89.5,3679.66,Yes
1595-SSPZM,Female,0,Yes,No,31,Yes,No,DSL,Yes,No,Yes,No,Yes,Yes,One year,No,Bank transfer (automatic),89.56,2763.88,No
8132-RIIJX,Female,0,Yes,No,6,Yes,Yes,Fiber optic,Yes,No,No,Yes,No,No,One year,Yes,Bank transfer (automatic),107.87,638.48,No
8324-TAGQF,Female,0,No,Yes,30,Yes,Yes,Fiber optic,No,Yes,No,No,No,Yes,Two year,Yes,Electronic check,98.26,2941.7,No
5037-JRGAE,Female,0,Yes,Yes,23,No,No phone service,No,No internet service,No internet service,No internet service,No internet service,No internet service,No internet service,One year,Yes,Electronic check,22.95,513.94,No
1365-QWYYZ,Female,0,Yes,No,37,Yes,Yes,DSL,No,No,No,Yes,No,No,Two year,Yes,Credit card (automatic),72.9,2673.82,No
3341-WPKYT,Female,0,No,Yes,10,No,No phone service,Fiber optic,No,No,No,No,No,Yes,Month-to-month,Yes,Mailed check,76.12,775.97,Yes
3441-PILYZ,Female,0,No,No,45,Yes,Yes,No,No internet service,No internet service,No internet service,No internet service,No internet service,No internet service,Month-to-month,No,Credit card (automatic),38.62,1742.66,No
5663-LNHQJ,Female,0,Yes,Yes,16,Yes,No,Fiber optic,Yes,Yes,Yes,No,Yes,No,Month-to-month,Yes,Mailed check,112.24,1798.6,Yes
2936-IBWRO,Male,0,Yes,Yes,10,No,No phone service,DSL,No,No,Yes,Yes,Yes,No,Two year,Yes,Electronic check,69.04,694.0,Yes
5168-URJYP,Male,0,Yes,No,40,Yes,Yes,No,No internet service,No internet service,No internet service,No internet service,No internet service,No internet service,Month-to-month,No,Electronic check,44.08,1726.22,No
1950-XVZAP,Male,0,No,No,66,Yes,No,DSL,No,Yes,No,No,Yes,No,Month-to-month,Yes,Electronic check,74.89,4925.24,No
2664-VBFCQ,Male,1,Yes,No,27,Yes,No,Fiber optic,Yes,No,No,Yes,No,Yes,Two year,Yes,Bank transfer (automatic),105.58,2839.19,No
5973-GDAUQ,Male,0,No,No,63,No,No phone service,Fiber optic,No,No,No,No,No,Yes,Month-to-month,Yes,Electronic check,75.04,4731.01,Yes
9201-CAFPS,Male,0,No,Yes,14,Yes,No,DSL,No,No,Yes,No,No,No,One year,No,Credit card (automatic),77.89,1109.0,No
8007-YBENG,Male,0,No,No,12,Yes,Yes,Fiber optic,Yes,No,No,No,No,No,Month-to-month,Yes,Bank transfer (automatic),95.24,1136.71,No
9461-EDSXF,Male,0,Yes,Yes,53,Yes,No,Fiber optic,Yes,No,Yes,No,No,Yes,Month-to-month,Yes,Electronic check,112.24,5943.2,No
7124-UVSBH,Female,1,Yes,No,37,Yes,No,Fiber optic,No,Yes,Yes,No,Yes,No,Month-to-month,Yes,Mailed check,110.63,4092.2,No
5691-DASRI,Female,0,Yes,No,7,Yes,No,Fiber optic,No,Yes,No,Yes,Yes,No,Two year,Yes,Credit card (automatic),114.44,829.51,Yes
5332-AGVNR,Female,0,Yes,No,71,Yes,No,DSL,Yes,No,Yes,No,No,No,Month-to-month,Yes,Electronic check,69.16,4936.02,No
4082-WSCFI,Male,1,Yes,Yes,23,Yes,No,DSL,No,No,No,Yes,Yes,No,Month-to-month,Yes,Mailed check,70.94,1655.68,Yes
4428-VYVCC,Male,0,No,No,25,Yes,Yes,DSL,No,No,No,Yes,No,Yes,One year,Yes,Mailed check,77.45,1944.62,No
5871-HVWQL,Female,0,Yes,No,72,Yes,Yes,DSL,No,No,Yes,No,No,Yes,Month-to-month,Yes,Credit card (automatic),73.83,5349.34,No
5877-OQIJF,Male,0,Yes,No,64,Yes,No,Fiber optic,Yes,No,No,Yes,No,No,Month-to-month,Yes,Credit card (automatic),112.21,7127.06,Yes
2729-CDNKZ,Female,0,No,Yes,61,Yes,No,DSL,Yes,No,Yes,No,No,No,Month-to-month,Yes,Credit card (automatic),77.83,4722.54,No
7360-BTODU,Male,0,No,No,14,Yes,No,No,No internet service,No internet service,No internet service,No internet service,No internet service,No internet service,Two year,Yes,Mailed check,39.8,541.98,No
4339-HDLUK,Male,0,Yes,No,31,Yes,Yes,DSL,Yes,No,Yes,Yes,No,No,Two year,No,Credit card (automatic),84.39,2627.19,No
5182-HRSZN,Female,0,No,No,35,Yes,No,No,No internet service,No internet service,No internet service,No internet service,No internet service,No internet service,Month-to-month,No,Mailed check,46.54,1666.91,No
4490-HQKOU,Male,0,No,No,11,Yes,Yes,Fiber optic,No,No,No,No,No,Yes,One year,Yes,Bank transfer (automatic),96.66,1084.98,Yes
9457-VWYHD,Male,0,Yes,No,7,Yes,Yes,Fiber optic,Yes,No,No,No,No,Yes,Month-to-month,Yes,Credit card (automatic),107.72,739.52,Yes
6794-GSSSH,Female,0,No,No,22,Yes,No,DSL,Yes,Yes,Yes,No,No,No,Month-to-month,Yes,Electronic check,86.76,1896.05,Yes
8279-XCTQA,Male,0,Yes,No,45,Yes,Yes,No,No internet service,No internet service,No internet service,No internet service,No internet service,No internet service,Month-to-month,No,Credit card (automatic),45.9,2059.28,No
1286-CTUGG,Female,0,Yes,Yes,1,No,No phone service,DSL,Yes,Yes,No,No,Yes,No,Two year,No,Mailed check,72.18,95.48,Yes
5595-AQXLH,Male,0,Yes,Yes,26,Yes,Yes,DSL,No,No,No,No,Yes,No,Two year,Yes,Credit card (automatic),70.9,1868.63,No
1807-JJBTM,Male,0,Yes,No,8,Yes,No,No,No internet service,No internet service,No internet service,No internet service,No internet service,No internet service,One year,No,Mailed check,38.37,323.2,No
2500-BNCRS,Female,0,No,No,48,Yes,No,Fiber optic,No,Yes,Yes,No,Yes,Yes,Month-to-month,Yes,Electronic check,109.93,5278.77,No
2321-TWUWH,Male,0,No,No,32,No,No phone service,DSL,No,No,No,No,No,No,One year,No,Bank transfer (automatic),48.61,1561.61,No
9860-LWFFM,Female,0,Yes,Yes,8,Yes,No,DSL,No,No,No,Yes,Yes,Yes,Month-to-month,No,Electronic check,83.45,680.77,Yes
7189-UFYSU,Female,0,No,No,48,Yes,No,DSL,No,No,Yes,Yes,No,Yes,Month-to-month,Yes,Electronic check,93.82,4509.44,Yes
3826-QMFQN,Female,0,Yes,No,32,Yes,No,DSL,No,Yes,Yes,No,No,Yes,Two year,No,Electronic check,88.4,2801.16,No
4436-QOZXX,Male,0,Yes,No,21,No,No phone service,DSL,No,Yes,No,No,No,No,Two year,Yes,Credit card (automatic),54.36,1161.55,No
3722-KBXYQ,Female,0,No,No,72,Yes,No,DSL,No,Yes,Yes,No,No,Yes,Two year,No,Credit card (automatic),84.44,6095.59,No
1406-LAAMT,Female,0,Yes,No,22,Yes,Yes,DSL,No,No,No,No,No,Yes,One year,Yes,Bank transfer (automatic),71.74,1577.23,No
7338-DOEGY,Female,0,No,Yes,16,Yes,No,Fiber optic,No,No,No,Yes,No,No,One year,Yes,Electronic check,109.22,1765.94,No
2407-HYEIS,Male,1,Yes,No,39,Yes,No,Fiber optic,Yes,No,No,No,No,No,Month-to-month,Yes,Mailed check,92.17,3596.93,Yes
1978-SPACJ,Female,0,No,No,72,Yes,Yes,Fiber optic,No,No,No,No,Yes,No,Two year,Yes,Electronic check,101.56,7315.22,No
5808-RRCTV,Male,0,Yes,No,1,Yes,Yes,DSL,No,Yes,No,No,Yes,Yes,Month-to-month,Yes,Electronic check,83.15,123.33,Yes
8198-LBSKT,Female,1,Yes,Yes,55,Yes,Yes,Fiber optic,No,No,No,Yes,No,No,Month-to-month,Yes,Credit card (automatic),95.43,5251.39,Yes
7305-AHSHV,Male,1,No,No,40,Yes,No,No,No internet service,No internet service,No internet service,No internet service,No internet service,No internet service,Month-to-month,Yes,Electronic check,39.04,1573.31,Yes
2346-FAFTJ,Female,0,No,Yes,65,Yes,No,No,No internet service,No internet service,No internet service,No internet service,No internet service,No internet service,Two year,No,Electronic check,42.05,2731.67,No
3621-LVYFW,Female,0,Yes,No,58,No,No phone service,No,No internet service,No internet service,No internet service,No internet service,No internet service,No internet service,Month-to-month,Yes,Electronic check,22.68,1287.19,No
8627-SXOXO,Male,1,No,No,34,Yes,No,DSL,No,Yes,No,No,No,No,Two year,Yes,Credit card (automatic),70.38,2395.48,No
8036-HBKIE,Female,0,Yes,No,39,Yes,No,No,No internet service,No internet service,No internet service,No internet service,No internet service,No internet service,One year,Yes,Mailed check,36.0,1397.62,No
5927-XQFNM,Female,0,Yes,No,27,Yes,No,DSL,Yes,No,Yes,No,Yes,Yes,Month-to-month,Yes,Bank transfer (automatic),102.61,2750.9,Yes
5787-RBXNR,Male,0,Yes,No,67,Yes,No,DSL,Yes,No,Yes,No,No,No,Two year,Yes,Electronic check,77.48,5163.98,No
3035-BJWGU,Male,0,No,No,14,Yes,Yes,Fiber optic,Yes,No,No,Yes,No,No,Two year,Yes,Mailed check,105.65,1482.74,Yes
4957-WFNYX,Female,0,No,No,27,No,No phone service,DSL,No,No,No,Yes,No,No,Month-to-month,Yes,Bank transfer (automatic),50.27,1351.29,No
1720-DXYUF,Male,0,No,No,45,Yes,No,Fiber optic,No,Yes,No,No,No,Yes,Month-to-month,Yes,Electronic check,102.43,4592.48,No
3241-CUTPY,Male,0,No,Yes,48,Yes,No,No,No internet service,No internet service,No internet service,No internet service,No internet service,No internet service,One year,Yes,Electronic check,35.79,1740.45,No
7018-DIMAP,Female,0,Yes,No,49,No,No phone service,Fiber optic,No,No,No,No,Yes,Yes,Month-to-month,No,Electronic check,88.82,4354.51,No
2820-QIPJH,Male,0,Yes,No,37,Yes,No,Fiber optic,Yes,No,No,No,Yes,No,Month-to-month,No,Credit card (automatic),114.09,4232.3,Yes
7937-ARYOF,Female,1,Yes,No,49,Yes,No,DSL,Yes,No,Yes,No,Yes,No,Two year,No,Bank transfer (automatic),85.49,4217.01,No
4629-BRLDY,Male,0,No,No,39,Yes,Yes,Fiber optic,No,Yes,Yes,No,No,Yes,Month-to-month,No,Credit card (automatic),109.28,4287.92,Yes
7577-AXOGK,Female,1,Yes,No,72,Yes,Yes,DSL,No,No,No,No,Yes,No,Month-to-month,Yes,Mailed check,69.48,5015.76,No
9158-FRQGC,Male,1,No,Yes,13,Yes,No,DSL,No,No,Yes,No,Yes,Yes,Month-to-month,No,Bank transfer (automatic),90.88,1217.77,Yes
7695-ZVDYK,Female,0,No,No,49,Yes,No,Fiber optic,No,No,No,No,No,No,Month-to-month,No,Mailed check,77.01,3807.83,No
7760-BWQPS,Female,0,No,No,24,Yes,No,No,No internet service,No internet service,No internet service,No internet service,No internet service,No internet service,Month-to-month,No,Electronic check,32.99,793.03,No
5362-OCXGA,Male,0,Yes,No,29,Yes,Yes,DSL,No,No,Yes,No,No,Yes,Month-to-month,Yes,Mailed check,76.99,2193.19,Yes
8886-PUWJH,Male,1,Yes,Yes,72,Yes,No,No,No internet service,No internet service,No internet service,No internet service,No internet service,No internet service,Two year,Yes,Electronic check,33.11,2382.49,No
1489-QIELW,Female,0,No,No,72,Yes,No,Fiber optic,No,Yes,No,No,Yes,Yes,Two year,No,Electronic check,109.39,7881.15,No
2774-FOAZA,Female,0,No,No,67,Yes,Yes,DSL,Yes,No,No,No,Yes,No,Month-to-month,Yes,Credit card (automatic),80.93,5452.28,No
3458-ETWGU,Female,1,Yes,Yes,18,Yes,No,Fiber optic,No,No,Yes,No,No,No,Two year,Yes,Credit card (automatic),93.42,1696.94,No
6693-EFQSJ,Male,0,No,No,16,Yes,No,Fiber optic,No,No,No,No,No,No,Month-to-month,Yes,Credit card (automatic),94.67,1512.4,No
7123-ESCZZ,Female,1,No,Yes,8,No,No phone service,No,No internet service,No internet service,No internet service,No internet service,No internet service,No internet service,Month-to-month,Yes,Electronic check,18.25,140.86,No
5154-CJQCB,Female,0,Yes,No,71,Yes,Yes,DSL,Yes,No,Yes,No,No,No,Two year,Yes,Electronic check,81.2,5780.56,No
1079-SILVR,Male,0,No,Yes,11,Yes,No,DSL,No,No,No,No,No,Yes,One year,No,Electronic check,72.85,794.77,No
2027-LSTUT,Male,0,Yes,Yes,21,Yes,No,Fiber optic,Yes,No,Yes,No,No,No,Two year,No,Credit card (automatic),100.36,2148.13,No
3420-PNDKF,Male,0,No,No,18,Yes,No,DSL,No,No,No,Yes,Yes,Yes,One year,No,Electronic check,83.86,1531.31,No
2861-LZWOO,Female,0,Yes,Yes,16,Yes,No,Fiber optic,No,Yes,Yes,No,Yes,No,Two year,No,Electronic check,102.98,1611.33,No
7646-SSWMM,Male,1,Yes,Yes,4,Yes,Yes,Fiber optic,Yes,No,No,Yes,No,Yes,Month-to-month,Yes,Bank transfer (automatic),113.37,419.27,Yes
6939-NHHMQ,Male,0,Yes,No,19,Yes,No,Fiber optic,Yes,Yes,No,No,No,No,Month-to-month,Yes,Mailed check,105.01,1996.11,No
6902-BUJLR,Female,0,No,Yes,31,Yes,No,No,No internet service,No internet service,No internet service,No internet service,No internet service,No internet service,Month-to-month,No,Bank transfer (automatic),41.8,1279.18,No
9064-RMEYJ,Male,1,No,Yes,9,Yes,No,DSL,No,Yes,Yes,Yes,Yes,No,Two year,Yes,Mailed check,93.31,807.58,Yes
2381-VSNRH,Female,0,Yes,No,14,Yes,No,DSL,No,No,No,No,No,No,Month-to-month,Yes,Bank transfer (automatic),59.59,874.8,Yes
6381-LDTLI,Female,0,Yes,No,65,Yes,No,Fiber optic,Yes,No,No,No,No,No,Month-to-month,No,Credit card (automatic),96.81,6288.34,No
9161-KQUQC,Female,1,Yes,No,12,Yes,No,Fiber optic,No,No,No,No,No,No,Two year,No,Electronic check,90.94,1094.32,No
2160-GYOIX,Female,0,Yes,No,25,Yes,Yes,Fiber optic,Yes,No,Yes,Yes,Yes,No,One year,Yes,Electronic check,120.0,3007.1,No
5092-BNNVM,Female,0,No,No,26,Yes,Yes,Fiber optic,No,No,Yes,Yes,No,No,Month-to-month,No,Mailed check,106.51,2798.05,Yes
8175-ITAWS,Female,0,Yes,No,14,Yes,No,DSL,Yes,No,No,No,No,Yes,Month-to-month,No,Mailed check,70.72,976.73,No
2170-QPSKT,Female,0,No,No,53,Yes,Yes,No,No internet service,No internet service,No internet service,No internet service,No internet service,No internet service,One year,No,Mailed check,44.09,2351.71,No
5655-JRQUY,Male,0,No,No,63,Yes,No,DSL,No,Yes,Yes,No,No,No,Two year,No,Mailed check,78.77,4932.07,No
2170-MYVZD,Male,0,Yes,No,7,Yes,No,Fiber optic,No,No,No,No,No,No,One year,Yes,Mailed check,96.2,653.55,Yes
3074-UHZKI,Female,0,No,No,17,Yes,No,Fiber optic,No,No,Yes,No,Yes,No,Month-to-month,No,Mailed check,99.94,1696.15,Yes
3059-RMCYM,Male,0,No,No,13,No,No phone service,DSL,No,No,No,No,No,No,Month-to-month,No,Credit card (automatic),43.28,551.38,Yes
1874-PHJDL,Female,0,No,No,21,Yes,Yes,Fiber optic,No,No,No,Yes,No,No,Month-to-month,Yes,Electronic check,97.9,2053.91,Yes
8841-NYNQJ,Female,0,No,Yes,26,Yes,No,Fiber optic,No,No,No,Yes,No,No,Two year,No,Credit card (automatic),90.21,2373.04,No
3932-NCCCC,Female,0,Yes,No,5,Yes,Yes,DSL,No,No,No,No,No,No,Two year,Yes,Bank transfer (automatic),65.35,313.29,No
7600-BYMEV,Male,0,Yes,No,26,Yes,No,Fiber optic,Yes,No,Yes,No,Yes,No,Two year,Yes,Electronic check,112.53,2917.0,Yes
4069-WEFMN,Male,0,No,No,72,Yes,Yes,Fiber optic,Yes,Yes,No,No,No,No,Month-to-month,Yes,Electronic check,109.45,7862.85,No
9975-PMRJL,Male,1,Yes,No,59,No,No phone service,Fiber optic,No,No,No,Yes,Yes,Yes,Month-to-month,Yes,Bank transfer (automatic),88.63,5204.44,No
4180-LKEFP,Female,0,No,Yes,31,Yes,No,Fiber optic,Yes,No,Yes,Yes,No,No,One year,Yes,Bank transfer (automatic),119.13,3683.5,Yes
5457-WSAVD,Female,0,No,Yes,6,Yes,No,No,No internet service,No internet service,No internet service,No internet service,No internet service,No internet service,One year,No,Mailed check,37.86,220.92,No
9985-SRKSQ,Female,0,Yes,No,48,Yes,No,No,No internet service,No internet service,No internet service,No internet service,No internet service,No internet service,Month-to-month,Yes,Mailed check,39.81,1907.84,No
4133-ENDZA,Female,0,Yes,No,19,Yes,Yes,Fiber optic,No,Yes,Yes,No,Yes,No,One year,No,Electronic check,107.48,2043.96,No
8313-LKHFB,Female,1,Yes,No,56,Yes,No,No,No internet service,No internet service,No internet service,No internet service,No internet service,No internet service,Month-to-month,Yes,Bank transfer (automatic),47.39,2668.55,No
8429-OMQDN,Female,0,No,Yes,50,Yes,No,DSL,No,Yes,Yes,No,Yes,Yes,One year,No,Credit card (automatic),94.19,4695.7,No
5889-TADKJ,Male,0,Yes,Yes,21,Yes,No,DSL,No,No,Yes,Yes,Yes,No,One year,Yes,Mailed check,89.79,1926.85,No
8062-XDYQW,Female,0,Yes,No,25,Yes,No,Fiber optic,No,No,No,No,Yes,No,Month-to-month,No,Bank transfer (automatic),98.7,2473.59,Yes
9007-WBUYC,Male,0,No,Yes,14,Yes,Yes,Fiber optic,No,Yes,Yes,No,No,No,Two year,No,Electronic check,95.52,1359.08,No
6965-SFVNS,Female,0,No,No,6,No,No phone service,Fiber optic,No,No,No,No,Yes,Yes,Month-to-month,No,Mailed check,83.01,541.3,Yes
3486-PGHIA,Female,1,No,No,26,Yes,No,Fiber optic,No,No,No,No,Yes,Yes,Month-to-month,No,Bank transfer (automatic),102.93,2675.48,Yes
2373-FSZGR,Male,0,No,No,43,Yes,Yes,DSL,No,Yes,No,No,No,No,Two year,Yes,Credit card (automatic),70.47,3030.77,No
6918-NYDSH,Female,0,Yes,No,28,Yes,No,DSL,Yes,Yes,No,Yes,No,Yes,Two year,No,Mailed check,92.5,2579.12,No
4735-VSZPC,Male,0,No,No,24,Yes,Yes,DSL,Yes,Yes,Yes,No,No,No,Month-to-month,Yes,Mailed check,90.74,2193.98,Yes
4381-RVWOS,Female,0,No,No,39,Yes,No,Fiber optic,No,No,No,No,No,No,One year,Yes,Electronic check,91.38,3570.74,Yes
8344-BCMAE,Male,0,Yes,No,23,Yes,Yes,Fiber optic,Yes,No,No,No,No,No,Month-to-month,Yes,Electronic check,101.16,2339.78,Yes
1643-UYMKT,Male,0,Yes,No,31,Yes,No,Fiber optic,Yes,Yes,Yes,No,Yes,No,Two year,No,Bank transfer (automatic),120.0,3703.86,No
1832-PTMLG,Female,0,Yes,No,20,Yes,Yes,Fiber optic,Yes,No,Yes,No,Yes,No,Month-to-month,No,Bank transfer (automatic),103.94,2075.82,No
8777-JUDZV,Male,0,No,Yes,25,Yes,No,DSL,Yes,No,No,No,No,No,Month-to-month,No,Electronic check,69.21,1708.93,No
9825-XDVVC,Female,1,No,Yes,9,Yes,No,Fiber optic,No,No,Yes,Yes,No,Yes,Month-to-month,Yes,Credit card (automatic),115.8,1016.14,Yes
7394-NBPPO,Female,0,No,No,15,No,No phone service,Fiber optic,Yes,No,Yes,Yes,Yes,No,Two year,No,Credit card (automatic),102.33,1537.55,No
4204-VHXZW,Male,1,No,No,72,Yes,Yes,DSL,No,No,No,Yes,Yes,No,Two year,No,Electronic check,89.96,6493.92,No
4041-SHZOL,Male,0,Yes,No,8,Yes,No,Fiber optic,No,Yes,No,No,No,No,Month-to-month,No,Electronic check,91.36,728.04,Yes
9695-CKDRC,Male,0,No,No,72,Yes,No,No,No internet service,No internet service,No internet service,No internet service,No internet service,No internet service,One year,Yes,Mailed check,38.28,2761.91,No
5043-DFUWL,Male,1,No,No,30,Yes,Yes,Fiber optic,Yes,Yes,No,No,No,No,Month-to-month,No,Credit card (automatic),99.73,3006.9,Yes
8713-XFZYA,Male,0,No,No,6,Yes,No,DSL,No,Yes,No,Yes,Yes,No,Month-to-month,No,Mailed check,77.06,432.87,Yes
8532-VPPIW,Female,0,Yes,No,48,Yes,No,Fiber optic,Yes,No,Yes,No,Yes,Yes,Month-to-month,No,Electronic check,119.66,5753.8,No
2408-LWAQR,Male,0,No,Yes,8,Yes,No,No,No internet service,No internet service,No internet service,No internet service,No internet service,No internet service,Two year,Yes,Credit card (automatic),50.72,408.88,No
6699-KGCZU,Female,0,No,No,45,No,No phone service,DSL,No,No,Yes,No,No,Yes,Month-to-month,No,Electronic check,60.93,2729.31,No
1496-FIELK,Male,1,Yes,Yes,36,No,No phone service,No,No internet service,No internet service,No internet service,No internet service,No internet service,No internet service,Month-to-month,No,Credit card (automatic),18.25,668.25,Yes
5114-JSCTB,Female,0,No,Yes,28,No,No phone service,DSL,No,Yes,Yes,No,No,Yes,Two year,Yes,Credit card (automatic),65.61,1819.94,No
6173-RHUDM,Female,0,Yes,Yes,33,Yes,No,DSL,No,No,No,No,No,No,Month-to-month,No,Mailed check,68.97,2271.56,No
4926-VJWFF,Male,0,Yes,No,34,Yes,No,Fiber optic,No,No,No,No,Yes,No,Month-to-month,No,Bank transfer (automatic),99.5,3395.26,No
2762-LWJEK,Female,0,No,No,23,Yes,Yes,Fiber optic,No,No,No,Yes,Yes,No,Two year,No,Bank transfer (automatic),96.5,2226.42,Yes
8981-CFEUD,Male,0,Yes,No,72,Yes,Yes,Fiber optic,No,No,Yes,No,No,No,Two year,Yes,Bank transfer (automatic),95.42,6865.59,No
9684-WXNHE,Male,1,No,No,66,No,No phone service,Fiber optic,No,Yes,No,No,No,No,Month-to-month,Yes,Bank transfer (automatic),76.56,5050.79,No
1192-KNPGX,Female,0,No,No,47,Yes,Yes,No,No internet service,No internet service,No internet service,No internet service,No internet service,No internet service,Month-to-month,Yes,Mailed check,33.06,1557.65,No
8432-WJETS,Female,1,Yes,No,20,Yes,Yes,No,No internet service,No internet service,No internet service,No internet service,No internet service,No internet service,Two year,Yes,Credit card (automatic),48.39,956.18,No
6986-PEQCH,Male,0,Yes,Yes,19,Yes,Yes,Fiber optic,Yes,No,Yes,No,Yes,Yes,Month-to-month,Yes,Credit card (automatic),114.16,2162.4,Yes
3068-DKYPQ,Male,0,Yes,No,34,Yes,No,Fiber optic,Yes,Yes,No,No,No,Yes,One year,No,Credit card (automatic),101.44,3401.46,No
8285-TVTIN,Male,0,Yes,No,19,Yes,No,Fiber optic,Yes,No,No,No,No,Yes,Month-to-month,Yes,Credit card (automatic),109.54,2094.76,No
7056-CPCOZ,Male,0,No,No,23,Yes,No,Fiber optic,No,No,No,No,No,No,Two year,Yes,Credit card (automatic),88.43,2068.91,No
9933-YAMJT,Male,1,Yes,Yes,48,Yes,No,No,No internet service,No internet service,No internet service,No internet service,No internet service,No internet service,Month-to-month,Yes,Electronic check,38.73,1868.87,No
1256-SIIXX,Male,0,No,Yes,68,Yes,No,No,No internet service,No internet service,No internet service,No internet service,No internet service,No internet service,Month-to-month,No,Electronic check,40.24,2726.72,No
8261-SCLOR,Female,0,Yes,No,34,Yes,Yes,DSL,Yes,No,No,No,No,Yes,Two year,No,Mailed check,79.13,2703.93,No
8328-TKVCJ,Male,0,Yes,No,31,Yes,No,Fiber optic,No,No,Yes,No,No,No,Month-to-month,Yes,Electronic check,99.72,3117.59,No
8221-WNIXD,Female,0,No,No,5,Yes,No,DSL,No,No,No,No,No,No,One year,Yes,Credit card (automatic),66.86,293.71,No
7664-VFSXS,Female,0,No,No,46,Yes,Yes,Fiber optic,No,No,No,No,Yes,No,Two year,Yes,Electronic check,90.85,4178.69,No
2589-JNYUK,Female,1,No,No,50,Yes,Yes,Fiber optic,No,No,Yes,No,No,No,One year,No,Mailed check,96.24,4836.1,No
2558-TFDEI,Male,0,No,No,58,Yes,Yes,No,No internet service,No internet service,No internet service,No internet service,No internet service,No internet service,Month-to-month,No,Mailed check,46.65,2688.81,No
9007-ZQOYF,Female,0,No,No,72,Yes,Yes,DSL,No,Yes,No,No,Yes,No,Two year,No,Credit card (automatic),76.53,5483.02,No
3275-RBEKV,Female,0,Yes,Yes,18,Yes,Yes,DSL,No,No,No,No,No,No,Month-to-month,No,Electronic check,61.08,1083.61,No
6411-UHFJI,Male,0,Yes,No,72,Yes,No,DSL,Yes,No,Yes,No,No,No,Month-to-month,No,Credit card (automatic),79.85,5744.86,No
4555-TGJVN,Female,0,No,No,69,No,No phone service,Fiber optic,No,Yes,No,No,No,No,Month-to-month,Yes,Electronic check,78.08,5397.47,No
1502-BIDMZ,Male,0,Yes,No,32,No,No phone service,DSL,No,Yes,No,No,Yes,Yes,One year,Yes,Electronic check,66.38,2127.44,No
6851-BBATG,Female,0,No,No,8,Yes,Yes,DSL,No,Yes,No,No,No,Yes,Month-to-month,Yes,Electronic check,88.25,692.09,Yes
3011-LNBXR,Male,0,No,Yes,64,Yes,Yes,DSL,Yes,Yes,No,No,No,Yes,Month-to-month,Yes,Credit card (automatic),87.39,5604.14,No
5682-XZBWQ,Female,1,No,No,72,Yes,No,Fiber optic,Yes,No,No,No,No,Yes,Month-to-month,Yes,Electronic check,107.41,7741.61,No
5949-BPJXD,Male,1,No,No,10,Yes,Yes,DSL,Yes,No,Yes,No,No,No,Month-to-month,Yes,Electronic check,87.28,882.75,Yes
1371-GLQRR,Male,0,No,No,43,Yes,No,Fiber optic,No,No,Yes,No,Yes,No,Two year,Yes,Electronic check,105.77,4545.74,No
2151-VXRON,Male,0,Yes,No,30,Yes,No,DSL,Yes,No,Yes,No,No,Yes,Month-to-month,Yes,Mailed check,83.34,2511.03,No
6236-EOONJ,Male,0,No,No,29,Yes,No,Fiber optic,No,Yes,Yes,No,No,Yes,One year,No,Mailed check,119.29,3477.43,No
7806-KUBXY,Male,0,No,No,6,Yes,Yes,DSL,Yes,No,Yes,No,No,No,Month-to-month,Yes,Electronic check,72.65,449.89,Yes
1935-RLCEI,Male,0,Yes,No,63,Yes,Yes,DSL,Yes,Yes,Yes,No,No,No,Two year,Yes,Mailed check,79.68,5023.36,No
4180-QCUVV,Male,0,No,Yes,20,Yes,No,No,No internet service,No internet service,No internet service,No internet service,No internet service,No internet service,Month-to-month,Yes,Bank transfer (automatic),37.11,747.65,No
1570-LJIWX,Female,0,Yes,No,72,Yes,Yes,DSL,No,No,Yes,No,Yes,No,Month-to-month,Yes,Mailed check,78.29,5644.29,No
8736-NZEDU,Female,1,Yes,Yes,24,Yes,Yes,DSL,Yes,Yes,No,No,No,Yes,Month-to-month,No,Bank transfer (automatic),85.55,2082.84,No
2035-OKFFS,Female,1,No,No,18,Yes,No,Fiber optic,Yes,No,No,No,No,No,Two year,Yes,Credit card (automatic),95.73,1734.64,Yes
8452-QRAKW,Female,0,No,No,20,Yes,Yes,DSL,Yes,Yes,Yes,Yes,No,No,One year,No,Bank transfer (automatic),94.92,1908.92,No
3270-STJGC,Male,0,Yes,No,25,Yes,No,DSL,No,No,Yes,No,No,No,Month-to-month,No,Credit card (automatic),68.43,1742.64,Yes
9364-JZUGJ,Male,0,No,No,24,Yes,No,DSL,Yes,No,Yes,No,No,No,Month-to-month,No,Electronic check,81.59,1969.55,Yes
7487-MPGFC,Male,0,Yes,No,63,Yes,No,Fiber optic,Yes,No,Yes,No,Yes,Yes,Month-to-month,No,Mailed check,111.07,6980.25,No
4864-CYLJS,Male,0,Yes,No,24,Yes,Yes,Fiber optic,Yes,No,No,No,Yes,No,Month-to-month,Yes,Mailed check,113.16,2715.53,Yes
9630-DNPAG,Male,1,Yes,No,70,Yes,No,No,No internet service,No internet service,No internet service,No internet service,No internet service,No internet service,One year,Yes,Mailed check,46.46,3211.48,No
7482-HWWKJ,Female,0,No,No,62,Yes,No,DSL,Yes,No,Yes,Yes,Yes,No,Month-to-month,No,Electronic check,99.7,6157.62,No
4685-FGBRB,Female,0,Yes,No,56,Yes,No,No,No internet service,No internet service,No internet service,No internet service,No internet service,No internet service,Month-to-month,No,Mailed check,43.23,2363.74,No
7134-GNRJL,Female,0,Yes,No,49,Yes,No,DSL,No,No,No,Yes,No,No,Two year,No,Mailed check,68.19,3377.79,No
1335-CHFHX,Male,0,No,Yes,12,Yes,No,DSL,No,No,Yes,No,Yes,No,Month-to-month,Yes,Bank transfer (automatic),85.16,1064.87,Yes
7278-SFICC,Female,0,Yes,No,52,Yes,No,DSL,No,Yes,No,Yes,No,Yes,Month-to-month,Yes,Electronic check,84.16,4401.16,No
8281-CCICU,Male,0,Yes,No,62,Yes,Yes,Fiber optic,No,Yes,Yes,No,No,No,Month-to-month,Yes,Electronic check,103.92,6459.01,No
6936-PLQXN,Male,0,Yes,No,72,No,No phone service,DSL,No,No,No,No,Yes,No,Two year,No,Mailed check,49.91,3584.81,No
8951-OAYWQ,Male,0,No,No,6,Yes,Yes,DSL,No,No,Yes,Yes,Yes,No,Two year,Yes,Mailed check,89.88,503.42,No
2526-GSOQO,Female,0,No,No,60,Yes,Yes,Fiber optic,No,No,Yes,No,No,Yes,One year,Yes,Electronic check,105.12,6296.31,No
1137-PENFG,Male,0,No,No,6,Yes,Yes,DSL,No,Yes,Yes,No,Yes,No,Two year,Yes,Bank transfer (automatic),80.37,479.69,No
2428-VEIQV,Male,0,Yes,Yes,45,Yes,Yes,Fiber optic,No,Yes,No,No,Yes,No,Month-to-month,Yes,Bank transfer (automatic),102.3,4583.96,No
5360-NINLO,Male,1,Yes,Yes,40,Yes,Yes,Fiber optic,Yes,No,No,No,Yes,Yes,Month-to-month,Yes,Electronic check,104.98,4206.69,Yes
3263-EVFJX,Male,0,No,No,14,Yes,No,DSL,No,No,No,Yes,No,No,Month-to-month,Yes,Electronic check,66.86,927.78,Yes
2209-PGFFK,Male,0,Yes,No,31,Yes,Yes,No,No internet service,No internet service,No internet service,No internet service,No internet service,No internet service,Month-to-month,Yes,Bank transfer (automatic),41.96,1268.98,No
4308-UCOZC,Male,0,Yes,No,27,Yes,No,DSL,No,No,Yes,No,No,Yes,Two year,Yes,Mailed check,82.61,2261.39,No
5975-LDQFQ,Male,0,Yes,No,41,No,No phone service,DSL,No,No,Yes,No,Yes,No,Month-to-month,Yes,Electronic check,59.6,2415.37,No
6662-GQFNR,Male,0,Yes,No,30,Yes,No,Fiber optic,No,Yes,No,No,Yes,No,Month-to-month,Yes,Electronic check,109.69,3256.43,No
8353-POMMU,Male,0,Yes,No,37,Yes,Yes,No,No internet service,No internet service,No internet service,No internet service,No internet service,No internet service,Month-to-month,No,Credit card (automatic),43.16,1589.7,Yes
3725-ZZPNH,Male,0,No,No,23,Yes,Yes,Fiber optic,No,Yes,Yes,No,No,No,Two year,No,Mailed check,99.73,2308.15,No
5344-SZPUP,Female,1,No,No,72,Yes,No,No,No internet service,No internet service,No internet service,No internet service,No internet service,No internet service,Two year,No,Electronic check,37.95,2749.6,No
1163-TSRGA,Male,0,No,No,38,Yes,No,DSL,No,Yes,No,No,Yes,No,Two year,Yes,Bank transfer (automatic),83.65,3201.11,No
6658-DAOYY,Female,0,Yes,No,20,Yes,Yes,DSL,No,Yes,Yes,No,No,No,Month-to-month,No,Electronic check,78.77,1552.36,Yes
2372-ZDUBK,Female,1,No,No,19,Yes,No,Fiber optic,Yes,No,Yes,Yes,No,No,Two year,Yes,Electronic check,104.03,1987.84,No
3109-KQLOI,Male,0,No,No,50,Yes,No,Fiber optic,No,Yes,No,Yes,No,No,Two year,Yes,Credit card (automatic),97.21,4841.67,No
8916-RWMFP,Male,0,No,No,72,Yes,No,DSL,No,Yes,Yes,No,No,No,One year,No,Credit card (automatic),78.71,5693.18,No
6869-CDPNN,Male,0,Yes,No,66,Yes,No,Fiber optic,No,Yes,Yes,Yes,No,Yes,One year,Yes,Mailed check,113.63,7479.33,No
6064-SUKQE,Male,0,No,Yes,29,Yes,No,Fiber optic,No,No,No,No,No,Yes,Month-to-month,Yes,Bank transfer (automatic),91.86,2672.95,Yes
2172-ENPGK,Male,0,Yes,No,5,Yes,Yes,DSL,No,No,No,No,Yes,No,One year,Yes,Mailed check,78.07,378.61,No
7249-AYUOD,Male,0,No,No,14,Yes,Yes,DSL,No,Yes,Yes,No,No,No,Two year,No,Bank transfer (automatic),87.44,1245.84,No
7886-TTMBC,Male,0,No,No,18,Yes,Yes,Fiber optic,No,Yes,Yes,No,No,No,Month-to-month,No,Bank transfer (automatic),102.74,1832.96,Yes
4281-ADZVO,Male,1,No,No,5,Yes,Yes,Fiber optic,Yes,Yes,Yes,Yes,Yes,No,Month-to-month,Yes,Bank transfer (automatic),120.0,588.77,Yes
3861-UMSTX,Female,0,No,No,25,Yes,No,Fiber optic,Yes,No,No,No,Yes,No,Month-to-month,Yes,Electronic check,107.68,2709.06,Yes
1687-YRSLA,Male,0,No,No,46,Yes,Yes,No,No internet service,No internet service,No internet service,No internet service,No internet service,No internet service,Two year,Yes,Electronic check,37.08,1678.26,No
7945-FDFIH,Female,0,No,No,22,Yes,No,DSL,No,No,Yes,No,No,No,Month-to-month,Yes,Bank transfer (automatic),75.48,1654.0,No
9806-XWLML,Male,0,Yes,Yes,54,Yes,No,Fiber optic,No,Yes,No,No,No,No,Two year,Yes,Mailed check,104.93,5673.93,No
1543-NTWZF,Female,0,Yes,No,19,Yes,No,No,No internet service,No internet service,No internet service,No internet service,No internet service,No internet service,One year,Yes,Credit card (automatic),42.28,802.79,No
6961-LSPTP,Male,0,No,No,8,No,No phone service,Fiber optic,No,Yes,No,Yes,No,No,Month-to-month,No,Electronic check,79.07,641.97,No
7637-AXIKE,Female,1,No,No,16,Yes,No,Fiber optic,No,Yes,Yes,No,No,Yes,One year,No,Credit card (automatic),103.51,1679.28,No
8222-MEFXS,Female,0,No,Yes,15,Yes,No,Fiber optic,No,No,No,No,Yes,No,Month-to-month,Yes,Electronic check,90.88,1363.89,Yes
7375-IHQWO,Male,0,Yes,Yes,6,Yes,No,DSL,No,No,Yes,No,Yes,Yes,Month-to-month,Yes,Electronic check,95.69,564.02,Yes
2344-WOZGF,Female,0,No,No,12,Yes,No,Fiber optic,No,No,Yes,Yes,Yes,No,Month-to-month,No,Credit card (automatic),111.01,1341.06,Yes
9444-NTVOT,Male,0,Yes,Yes,4,Yes,Yes,DSL,No,Yes,No,No,No,No,One year,Yes,Mailed check,65.95,269.96,Yes
9601-YATSN,Male,0,Yes,Yes,4,Yes,No,No,No internet service,No internet service,No internet service,No internet service,No internet service,No internet service,Month-to-month,Yes,Electronic check,29.94,137.65,No
4506-GUJWH,Female,0,Yes,No,21,Yes,Yes,DSL,No,No,Yes,No,No,Yes,Month-to-month,Yes,Bank transfer (automatic),71.86,1527.79,No
1727-YANDU,Female,0,Yes,No,18,Yes,No,DSL,No,No,Yes,No,No,No,Two year,No,Mailed check,81.49,1483.06,No
7230-CWIYP,Male,0,No,No,72,Yes,Yes,Fiber optic,Yes,No,No,No,No,No,Month-to-month,Yes,Credit card (automatic),96.34,6935.45,No
6558-CAATQ,Female,0,Yes,No,13,Yes,No,Fiber optic,No,Yes,No,No,Yes,Yes,Two year,Yes,Bank transfer (automatic),100.09,1272.97,No
9954-ZJPBP,Female,0,Yes,No,20,Yes,No,Fiber optic,No,No,No,No,No,Yes,Month-to-month,No,Bank transfer (automatic),103.07,2041.61,No
1788-BBNKB,Female,0,No,No,33,Yes,Yes,Fiber optic,Yes,No,No,No,No,No,One year,Yes,Electronic check,97.47,3228.68,No
5770-CVIUY,Male,0,Yes,No,56,Yes,Yes,No,No internet service,No internet service,No internet service,No internet service,No internet service,No internet service,Month-to-month,No,Electronic check,40.43,2290.74,No
4530-ZYHGS,Female,0,Yes,Yes,71,Yes,No,Fiber optic,No,Yes,Yes,No,Yes,Yes,Month-to-month,Yes,Credit card (automatic),119.26,8471.11,No
2102-HYWJC,Male,0,Yes,No,33,Yes,Yes,Fiber optic,No,No,No,No,No,No,One year,Yes,Electronic check,91.26,3010.54,No
2813-TEMCX,Female,0,Yes,No,26,Yes,Yes,DSL,Yes,No,Yes,No,Yes,Yes,Two year,Yes,Electronic check,104.08,2703.09,No
2831-IRWZA,Female,1,No,Yes,16,Yes,Yes,No,No internet service,No internet service,No internet service,No internet service,No internet service,No internet service,Month-to-month,No,Bank transfer (automatic),39.86,611.21,No
5910-GKUAT,Female,0,Yes,No,30,Yes,Yes,DSL,No,No,Yes,No,No,No,Month-to-month,Yes,Bank transfer (automatic),67.58,2006.91,Yes
2426-UJBCH,Female,0,Yes,No,67,Yes,Yes,Fiber optic,No,No,No,No,No,No,Two year,Yes,Mailed check,92.16,6173.13,No
1402-VBBYD,Female,1,Yes,No,30,Yes,No,No,No internet service,No internet service,No internet service,No internet service,No internet service,No internet service,Two year,Yes,Bank transfer (automatic),44.45,1342.65,No
8053-WJYUL,Male,0,Yes,No,39,Yes,No,Fiber optic,Yes,No,No,No,Yes,No,One year,No,Credit card (automatic),102.92,4007.74,No
3815-WCVZV,Male,0,Yes,No,52,Yes,Yes,Fiber optic,No,No,No,No,No,No,Month-to-month,No,Electronic check,95.66,4965.18,No
3655-KUAVY,Female,0,Yes,No,37,Yes,Yes,Fiber optic,No,No,Yes,No,No,Yes,Month-to-month,No,Electronic check,105.63,3903.59,No
6661-NGQUW,Male,0,Yes,No,42,Yes,Yes,DSL,Yes,No,No,Yes,Yes,No,Two year,Yes,Electronic check,89.85,3774.09,No
1521-JDXLY,Female,0,Yes,Yes,36,Yes,Yes,Fiber optic,Yes,Yes,Yes,Yes,No,No,Month-to-month,Yes,Mailed check,119.62,4295.71,No
4976-QBOOF,Male,1,No,Yes,11,Yes,No,Fiber optic,No,No,No,No,No,No,Month-to-month,Yes,Bank transfer (automatic),88.5,973.48,No
3422-VQOYC,Female,0,Yes,Yes,31,Yes,No,Fiber optic,No,No,No,No,No,Yes,One year,Yes,Mailed check,92.1,2817.95,No
9724-XKMFX,Male,0,Yes,No,33,Yes,Yes,DSL,No,Yes,No,No,No,Yes,Month-to-month,No,Bank transfer (automatic),79.61,2620.3,Yes
8479-NOQUN,Male,0,No,Yes,72,Yes,No,Fiber optic,No,Yes,Yes,No,Yes,No,Month-to-month,No,Mailed check,111.9,8048.72,No
8987-YFVJW,Male,1,Yes,Yes,16,No,No phone service,DSL,No,No,No,No,No,No,One year,Yes,Mailed check,50.79,792.65,No
3235-XOBQX,Male,0,No,No,32,Yes,No,Fiber optic,No,No,No,No,No,No,Two year,No,Electronic check,97.97,3148.82,No
7719-VPNRA,Male,1,Yes,No,21,Yes,Yes,DSL,No,Yes,No,Yes,No,No,Two year,Yes,Electronic check,80.38,1704.64,No
1849-JPEIV,Male,0,Yes,No,72,Yes,No,Fiber optic,No,No,No,Yes,Yes,Yes,Month-to-month,Yes,Electronic check,110.53,7932.28,No
3127-WMYXS,Female,0,No,No,61,Yes,Yes,DSL,No,No,No,No,No,No,Two year,Yes,Electronic check,59.54,3610.71,No
8086-YREXP,Female,0,Yes,Yes,32,Yes,Yes,Fiber optic,Yes,No,No,Yes,Yes,No,One year,Yes,Electronic check,103.95,3356.07,Yes
8458-LRCVV,Female,0,Yes,No,1,Yes,Yes,No,No internet service,No internet service,No internet service,No internet service,No internet service,No internet service,Month-to-month,Yes,Electronic check,36.88,27.64,Yes
5656-UJCQX,Female,0,No,No,63,Yes,Yes,Fiber optic,Yes,No,Yes,No,No,No,Month-to-month,Yes,Bank transfer (automatic),103.74,6529.8,No
7520-GWHZI,Female,1,No,No,7,Yes,No,Fiber optic,No,Yes,No,Yes,No,No,Two year,No,Mailed check,102.0,747.14,No
5211-SBGZJ,Female,0,Yes,No,4,Yes,No,No,No internet service,No internet service,No internet service,No internet service,No internet service,No internet service,Month-to-month,No,Electronic check,45.7,180.54,No
8742-FQLLO,Male,0,No,No,54,Yes,No,No,No internet service,No internet service,No internet service,No internet service,No internet service,No internet service,Month-to-month,Yes,Electronic check,44.77,2426.45,Yes
8241-XOLFI,Female,0,Yes,Yes,40,Yes,Yes,DSL,No,No,Yes,Yes,No,Yes,One year,No,Electronic check,87.67,3513.54,No
2831-BRLRS,Male,0,No,Yes,37,Yes,Yes,Fiber optic,Yes,No,Yes,No,No,No,One year,Yes,Bank transfer (automatic),109.41,4065.53,Yes
5964-ZQWVD,Male,0,Yes,Yes,16,Yes,No,Fiber optic,No,No,No,No,No,Yes,Month-to-month,Yes,Mailed check,98.97,1596.6,Yes
8443-GUMRT,Female,0,No,No,6,Yes,No,DSL,Yes,No,No,No,No,No,One year,Yes,Bank transfer (automatic),71.92,430.22,No
2356-GBHOO,Male,0,Yes,Yes,1,Yes,No,Fiber optic,Yes,Yes,No,No,Yes,Yes,Two year,Yes,Mailed check,119.17,110.08,No
5805-MVTDJ,Female,1,No,No,37,Yes,No,Fiber optic,Yes,No,No,No,No,No,Two year,Yes,Electronic check,102.74,3833.84,No
2667-KDZZG,Female,0,Yes,Yes,8,Yes,No,No,No internet service,No internet service,No internet service,No internet service,No internet service,No internet service,One year,No,Credit card (automatic),32.28,258.02,Yes
4500-LJXFQ,Female,0,No,No,42,Yes,Yes,No,No internet service,No internet service,No internet service,No internet service,No internet service,No internet service,Month-to-month,No,Electronic check,37.92,1603.76,No
8594-IWUEH,Female,0,No,No,10,Yes,No,DSL,No,No,No,Yes,Yes,No,Two year,Yes,Mailed check,79.33,827.27,No
4399-XQKJW,Female,1,No,Yes,32,Yes,No,Fiber optic,No,No,Yes,No,No,Yes,One year,Yes,Bank transfer (automatic),98.46,3167.74,No
4513-AUATG,Male,0,No,Yes,11,Yes,Yes,No,No internet service,No internet service,No internet service,No internet service,No internet service,No internet service,Month-to-month,No,Bank transfer (automatic),36.09,429.8,No
9271-SKSZC,Female,0,Yes,No,50,Yes,No,Fiber optic,Yes,Yes,Yes,Yes,No,Yes,Month-to-month,No,Mailed check,120.0,5962.94,Yes
3583-MOVYW,Male,0,No,Yes,36,Yes,No,No,No internet service,No internet service,No internet service,No internet service,No internet service,No internet service,One year,Yes,Credit card (automatic),42.97,1540.64,No
8588-SQCIS,Male,0,Yes,Yes,30,Yes,Yes,Fiber optic,No,No,Yes,Yes,Yes,Yes,Month-to-month,Yes,Mailed check,120.0,3569.79,Yes
5654-XPXUD,Male,1,No,No,13,Yes,Yes,Fiber optic,Yes,No,No,No,Yes,Yes,Month-to-month,No,Credit card (automatic),108.82,1406.27,Yes
6197-CYWJL,Male,1,No,No,7,Yes,No,Fiber optic,No,No,No,No,No,No,Month-to-month,Yes,Electronic check,87.87,634.53,Yes
5741-IAUFI,Female,0,Yes,No,37,Yes,Yes,No,No internet service,No internet service,No internet service,No internet service,No internet service,No internet service,One year,No,Mailed check,31.53,1174.72,No
5083-BRAEL,Male,0,Yes,No,17,Yes,No,DSL,No,Yes,No,No,No,No,Month-to-month,Yes,Electronic check,74.1,1254.24,No
1917-YJNSI,Female,0,No,No,29,Yes,No,Fiber optic,No,Yes,No,No,Yes,No,One year,No,Bank transfer (automatic),102.4,2969.97,Yes
6995-EKOON,Female,0,No,No,27,Yes,No,No,No internet service,No internet service,No internet service,No internet service,No internet service,No internet service,One year,No,Mailed check,40.87,1118.7,No
6459-RVHOW,Female,1,No,No,26,Yes,No,DSL,No,No,Yes,No,No,No,Month-to-month,Yes,Bank transfer (automatic),73.22,1910.68,No
3897-TITKZ,Female,0,No,No,61,Yes,No,Fiber optic,Yes,No,No,No,No,No,Two year,Yes,Bank transfer (automatic),93.47,5700.47,No
8935-TPXHP,Male,0,Yes,No,26,Yes,Yes,No,No internet service,No internet service,No internet service,No internet service,No internet service,No internet service,Month-to-month,Yes,Mailed check,41.67,1111.45,No
9147-ONPKI,Male,0,No,No,11,Yes,No,Fiber optic,No,Yes,No,Yes,No,No,One year,Yes,Bank transfer (automatic),104.09,1185.56,No
6477-TUKKU,Female,0,No,No,44,Yes,No,Fiber optic,No,No,Yes,No,No,Yes,Month-to-month,Yes,Bank transfer (automatic),98.25,4288.98,Yes
9548-XYCIF,Female,0,No,No,43,Yes,No,DSL,No,Yes,No,No,Yes,No,Two year,Yes,Credit card (automatic),84.33,3637.87,No
3618-HGCGF,Female,0,No,No,15,Yes,Yes,No,No internet service,No internet service,No internet service,No internet service,No internet service,No internet service,Two year,Yes,Electronic check,48.39,754.3,No
8264-EMYBP,Male,0,No,No,13,Yes,No,Fiber optic,No,Yes,No,Yes,No,No,Month-to-month,No,Mailed check,106.15,1384.24,Yes
2309-DJXIB,Male,0,No,Yes,36,Yes,No,No,No internet service,No internet service,No internet service,No internet service,No internet service,No internet service,Two year,Yes,Credit card (automatic),35.13,1237.71,No
2737-XREWY,Male,0,No,No,9,Yes,No,No,No internet service,No internet service,No internet service,No internet service,No internet service,No internet service,Month-to-month,Yes,Electronic check,44.53,399.36,No
6995-TSSPW,Male,1,No,No,36,Yes,Yes,Fiber optic,No,Yes,No,No,Yes,Yes,Two year,No,Bank transfer (automatic),113.89,4105.49,No
7731-OUFVQ,Male,0,No,No,72,Yes,Yes,DSL,No,Yes,Yes,No,No,Yes,Month-to-month,No,Electronic check,87.15,6222.09,Yes
1190-HALQE,Female,0,Yes,No,44,Yes,No,Fiber optic,No,Yes,Yes,No,Yes,Yes,Month-to-month,Yes,Credit card (automatic),117.95,5190.99,No
6998-QAPNA,Male,0,Yes,No,72,Yes,Yes,DSL,No,No,No,Yes,No,Yes,One year,Yes,Bank transfer (automatic),76.22,5505.5,No
6303-OPRDV,Female,0,No,No,29,No,No phone service,Fiber optic,No,No,Yes,Yes,Yes,No,Month-to-month,Yes,Credit card (automatic),92.14,2717.1,Yes
1768-KJZMI,Female,0,No,No,29,Yes,No,No,No internet service,No internet service,No internet service,No internet service,No internet service,No internet service,Two year,No,Bank transfer (automatic),48.48,1389.48,No
9672-GCKWZ,Female,0,No,Yes,31,Yes,Yes,Fiber optic,No,No,Yes,No,No,Yes,Two year,Yes,Mailed check,95.72,2950.87,No
1374-QXPUF,Male,0,No,No,39,Yes,Yes,Fiber optic,No,No,No,Yes,Yes,No,One year,Yes,Mailed check,102.0,3957.9,No
6633-WPLYA,Male,0,Yes,No,37,Yes,Yes,DSL,Yes,Yes,Yes,Yes,No,No,Month-to-month,No,Bank transfer (automatic),96.19,3552.96,Yes
7458-QVUOY,Female,1,Yes,Yes,13,Yes,No,Fiber optic,No,No,No,No,No,No,Two year,Yes,Bank transfer (automatic),102.73,1349.36,No
5044-ZSMAL,Male,0,No,No,27,Yes,No,No,No internet service,No internet service,No internet service,No internet service,No internet service,No internet service,Two year,No,Electronic check,39.7,1101.79,No
8352-BOPAE,Female,0,No,No,60,Yes,No,Fiber optic,No,Yes,No,Yes,No,No,One year,No,Electronic check,99.97,5999.2,No
8945-KNYWM,Female,0,Yes,Yes,11,No,No phone service,Fiber optic,No,No,Yes,Yes,No,Yes,Month-to-month,Yes,Bank transfer (automatic),88.99,1014.68,Yes
5842-SVITX,Male,0,Yes,No,31,Yes,Yes,Fiber optic,No,Yes,No,No,No,Yes,Month-to-month,No,Electronic check,96.41,3036.28,Yes
4417-XQMXJ,Female,0,Yes,No,38,Yes,Yes,Fiber optic,Yes,Yes,No,No,Yes,No,Month-to-month,Yes,Bank transfer (automatic),114.5,4353.44,No
9320-TIBQL,Male,1,Yes,No,38,Yes,No,DSL,Yes,Yes,No,No,No,No,Two year,No,Credit card (automatic),75.21,2874.43,No
2512-CUMWT,Male,0,No,Yes,6,Yes,No,DSL,No,No,No,No,No,Yes,Month-to-month,Yes,Mailed check,64.2,369.14,Yes
5462-MIFWT,Female,0,Yes,No,11,No,No phone service,No,No internet service,No internet service,No internet service,No internet service,No internet service,No internet service,Month-to-month,Yes,Electronic check,19.6,250.81,No
7022-NBGYT,Female,0,Yes,No,59,No,No phone service,Fiber optic,No,No,Yes,Yes,No,Yes,Month-to-month,Yes,Credit card (automatic),95.2,5620.18,No
6604-GGCKY,Male,0,No,No,58,Yes,No,DSL,No,No,No,No,No,Yes,Month-to-month,Yes,Mailed check,77.22,4485.63,No
2563-IDQIY,Female,0,No,Yes,28,Yes,Yes,Fiber optic,No,Yes,Yes,No,No,No,One year,Yes,Credit card (automatic),108.1,3039.15,Yes
8915-GSEZW,Female,0,No,Yes,35,Yes,No,Fiber optic,No,No,No,No,Yes,Yes,Two year,Yes,Electronic check,98.13,3459.37,No
5879-NAUIX,Female,0,Yes,No,12,Yes,Yes,No,No internet service,No internet service,No internet service,No internet service,No internet service,No internet service,Two year,Yes,Electronic check,44.11,545.49,No
4012-OCYTL,Male,0,Yes,No,8,Yes,No,DSL,No,Yes,Yes,No,Yes,No,Month-to-month,Yes,Electronic check,89.75,705.29,Yes
4732-PZLQJ,Male,0,Yes,Yes,5,Yes,No,DSL,No,Yes,Yes,No,Yes,No,Month-to-month,Yes,Mailed check,94.06,457.88,Yes
3242-ILFMG,Female,0,No,No,8,Yes,Yes,DSL,No,Yes,Yes,No,Yes,Yes,Month-to-month,No,Credit card (automatic),93.06,721.3,Yes
4536-DJHRB,Female,0,Yes,No,35,Yes,No,DSL,No,No,No,No,No,Yes,Two year,No,Bank transfer (automatic),73.73,2565.46,No
2321-ZQPWY,Female,0,No,No,25,Yes,No,DSL,No,No,No,No,No,No,Two year,No,Electronic check,66.21,1687.51,No
2538-MPPOE,Male,0,No,No,30,Yes,Yes,No,No internet service,No internet service,No internet service,No internet service,No internet service,No internet service,Month-to-month,No,Electronic check,44.89,1359.61,No
7047-AEYPE,Male,0,No,No,30,Yes,Yes,No,No internet service,No internet service,No internet service,No internet service,No internet service,No internet service,Month-to-month,Yes,Bank transfer (automatic),37.14,1107.91,No
6890-JFXFJ,Female,1,Yes,No,10,Yes,Yes,Fiber optic,Yes,No,No,No,No,No,Two year,Yes,Electronic check,92.99,937.9,No
3571-DWSLE,Male,0,Yes,No,36,Yes,No,Fiber optic,Yes,No,No,No,Yes,No,One year,No,Electronic check,107.06,3904.94,No
3902-UBOIQ,Male,0,No,No,64,Yes,Yes,Fiber optic,Yes,No,No,No,No,No,Month-to-month,Yes,Bank transfer (automatic),95.19,6078.04,No
7844-EXHTD,Female,1,Yes,Yes,10,Yes,No,Fiber optic,No,Yes,Yes,No,No,No,Month-to-month,No,Electronic check,99.69,1008.36,Yes
8868-RNUOK,Female,0,No,No,26,Yes,No,No,No internet service,No internet service,No internet service,No internet service,No internet service,No internet service,Month-to-month,Yes,Mailed check,35.1,909.88,No
3106-PIHYG,Male,0,Yes,No,45,No,No phone service,No,No internet service,No internet service,No internet service,No internet service,No internet service,No internet service,Month-to-month,Yes,Mailed check,23.02,1066.18,No
6844-GHUTA,Male,0,No,No,58,Yes,Yes,DSL,Yes,Yes,No,Yes,No,No,One year,Yes,Mailed check,87.92,5059.63,No
1093-HWVNZ,Male,0,No,Yes,39,Yes,Yes,No,No internet service,No internet service,No internet service,No internet service,No internet service,No internet service,One year,No,Electronic check,42.65,1629.4,No
1934-NEMVB,Female,0,Yes,No,12,Yes,Yes,DSL,Yes,Yes,No,No,Yes,Yes,Month-to-month,No,Mailed check,94.95,1140.11,Yes
4118-AITSG,Male,0,No,No,4,Yes,Yes,DSL,No,No,Yes,Yes,No,No,One year,Yes,Electronic check,76.84,318.92,No
9069-FKAVO,Female,0,No,No,21,Yes,No,DSL,No,Yes,No,No,Yes,No,Month-to-month,No,Credit card (automatic),85.86,1810.82,No
1110-IASHS,Male,0,No,No,24,Yes,No,Fiber optic,No,Yes,No,No,Yes,Yes,Month-to-month,No,Electronic check,109.73,2665.57,No
2053-MEYYJ,Female,0,Yes,No,58,Yes,Yes,DSL,Yes,No,No,Yes,No,No,Month-to-month,No,Bank transfer (automatic),77.08,4479.78,No
9428-SMOXJ,Female,0,Yes,Yes,20,Yes,Yes,No,No internet service,No internet service,No internet service,No internet service,No internet service,No internet service,Month-to-month,No,Electronic check,43.46,833.49,No
7395-TWUZD,Female,0,No,Yes,10,Yes,No,Fiber optic,Yes,No,No,No,No,No,Two year,Yes,Electronic check,96.85,959.27,Yes
7101-EGGWI,Female,0,Yes,No,14,Yes,Yes,Fiber optic,No,No,Yes,Yes,No,No,Month-to-month,Yes,Mailed check,107.34,1480.33,Yes
8960-JNCFY,Female,0,No,Yes,39,Yes,No,No,No internet service,No internet service,No internet service,No internet service,No internet service,No internet service,Month-to-month,No,Bank transfer (automatic),36.66,1384.41,No
9845-ADTWS,Male,0,Yes,No,28,Yes,No,Fiber optic,Yes,Yes,No,No,No,Yes,Two year,No,Electronic check,107.39,2997.6,No
4367-JDDXC,Female,0,No,No,24,No,No phone service,Fiber optic,No,Yes,Yes,No,No,Yes,Month-to-month,Yes,Electronic check,91.75,2183.08,Yes
9822-PUWRH,Female,0,Yes,No,59,No,No phone service,DSL,No,No,No,No,No,No,Month-to-month,No,Bank transfer (automatic),51.3,3017.82,No
1755-NKUES,Female,0,No,No,2,Yes,No,DSL,No,No,Yes,No,No,No,Month-to-month,Yes,Mailed check,69.03,138.59,Yes
5655-FLUCG,Male,1,Yes,No,52,Yes,Yes,DSL,Yes,No,Yes,Yes,Yes,No,Month-to-month,No,Credit card (automatic),100.7,5265.04,No
2818-OXAPR,Female,0,Yes,No,1,Yes,Yes,No,No internet service,No internet service,No internet service,No internet service,No internet service,No internet service,Month-to-month,Yes,Electronic check,43.01,63.51,Yes
5671-TICUB,Male,0,Yes,Yes,50,Yes,No,Fiber optic,No,No,Yes,No,No,No,One year,No,Credit card (automatic),99.18,4957.29,No
5350-SDVCO,Female,0,No,Yes,31,Yes,Yes,DSL,No,No,No,No,No,Yes,Month-to-month,No,Bank transfer (automatic),76.6,2365.52,Yes
1255-BOENP,Female,1,Yes,No,30,Yes,No,Fiber optic,No,Yes,Yes,Yes,No,Yes,Month-to-month,Yes,Electronic check,116.25,3482.22,Yes
3659-AATQS,Male,0,No,No,30,Yes,No,DSL,No,No,No,No,Yes,Yes,Two year,No,Electronic check,82.95,2485.73,No
5524-WLFWL,Female,0,Yes,No,50,Yes,Yes,Fiber optic,No,Yes,No,Yes,Yes,No,Month-to-month,Yes,Credit card (automatic),110.85,5538.12,Yes
7773-QTYGV,Female,0,No,No,10,Yes,No,Fiber optic,No,No,No,No,No,Yes,Month-to-month,No,Electronic check,103.17,1061.68,Yes
5334-IRYEJ,Male,0,No,No,42,Yes,Yes,DSL,No,No,Yes,No,No,Yes,Month-to-month,Yes,Electronic check,75.91,3201.44,Yes
4750-YNTBN,Male,1,Yes,Yes,51,Yes,No,No,No internet service,No internet service,No internet service,No internet service,No internet service,No internet service,Month-to-month,Yes,Electronic check,36.71,1878.71,No
4112-BTYFZ,Male,0,Yes,Yes,25,Yes,No,Fiber optic,No,No,No,No,No,No,One year,No,Mailed check,94.81,2364.76,Yes
9655-SFUDP,Female,0,Yes,No,16,Yes,Yes,Fiber optic,No,No,No,No,Yes,Yes,Month-to-month,No,Mailed check,97.87,1546.37,No
8688-XBXWQ,Female,0,No,No,5,Yes,No,Fiber optic,No,Yes,Yes,No,No,Yes,Month-to-month,No,Mailed check,109.49,547.34,No
4525-UVDVL,Female,0,No,No,72,Yes,Yes,Fiber optic,Yes,Yes,Yes,No,No,Yes,Month-to-month,No,Credit card (automatic),115.37,8304.56,No
6158-XBBMT,Female,0,Yes,No,30,Yes,No,DSL,Yes,No,Yes,No,No,Yes,Two year,Yes,Electronic check,87.74,2652.66,No
1599-GBPSC,Female,0,No,No,4,Yes,Yes,Fiber optic,Yes,No,No,Yes,No,Yes,Month-to-month,No,Bank transfer (automatic),113.16,460.68,No
4399-RBGLK,Male,0,No,No,11,Yes,Yes,No,No internet service,No internet service,No internet service,No internet service,No internet service,No internet service,Month-to-month,No,Credit card (automatic),36.74,397.62,Yes
8133-SYKHU,Male,0,No,Yes,17,No,No phone service,No,No internet service,No internet service,No internet service,No internet service,No internet service,No internet service,Month-to-month,No,Electronic check,19.93,311.85,No
8281-KQHAT,Male,0,No,Yes,52,Yes,Yes,DSL,No,No,No,No,Yes,No,Month-to-month,No,Bank transfer (automatic),73.27,3785.79,No
6227-BBRWH,Male,0,No,Yes,11,Yes,Yes,DSL,No,No,No,No,Yes,No,Month-to-month,No,Electronic check,74.33,801.63,No
5126-WULVD,Female,1,No,Yes,16,Yes,No,DSL,No,No,Yes,Yes,No,No,Month-to-month,No,Mailed check,82.42,1345.57,No
4656-ZGCIT,Male,0,No,No,46,Yes,No,No,No internet service,No internet service,No internet service,No internet service,No internet service,No internet service,Month-to-month,No,Electronic check,35.73,1665.24,No
2168-OKWPT,Male,0,Yes,No,20,Yes,Yes,No,No internet service,No internet service,No internet service,No internet service,No internet service,No internet service,Two year,Yes,Electronic check,38.83,763.09,No
9040-RQYLH,Male,0,No,Yes,29,Yes,No,Fiber optic,No,No,Yes,Yes,Yes,No,Two year,No,Electronic check,116.81,3395.92,No
3000-LLHWE,Male,0,No,Yes,7,Yes,No,Fiber optic,No,Yes,No,No,Yes,Yes,Month-to-month,Yes,Electronic check,120.0,855.46,Yes
3536-ZPEPO,Male,0,No,Yes,9,Yes,Yes,DSL,No,No,No,No,No,No,Two year,Yes,Electronic check,59.78,501.81,No
6533-AKMWZ,Male,0,Yes,Yes,10,Yes,Yes,Fiber optic,No,Yes,No,No,Yes,No,Month-to-month,Yes,Credit card (automatic),99.83,991.97,Yes
7806-CPYHS,Female,0,No,Yes,26,Yes,No,DSL,No,Yes,Yes,Yes,No,No,Two year,Yes,Credit card (automatic),78.92,2076.96,No
2787-BTWIU,Male,0,Yes,Yes,29,Yes,Yes,DSL,No,No,No,No,No,No,One year,No,Bank transfer (automatic),67.78,1990.18,No
5283-TYVXB,Male,0,No,Yes,31,Yes,Yes,Fiber optic,Yes,No,Yes,Yes,Yes,No,One year,Yes,Electronic check,120.0,3766.47,No
4308-LWJIL,Male,0,Yes,No,59,No,No phone service,No,No internet service,No internet service,No internet service,No internet service,No internet service,No internet service,Month-to-month,Yes,Credit card (automatic),18.25,1080.15,No
8487-PAFOI,Female,0,No,No,16,Yes,Yes,DSL,Yes,Yes,No,Yes,Yes,Yes,One year,Yes,Credit card (automatic),99.66,1623.39,Yes
6104-LDUQN,Female,0,Yes,Yes,6,Yes,No,DSL,No,No,Yes,No,Yes,Yes,One year,No,Credit card (automatic),79.64,507.88,No
7197-OLWMW,Female,0,Yes,No,47,Yes,Yes,Fiber optic,No,No,No,No,Yes,No,One year,Yes,Bank transfer (automatic),99.31,4664.65,No
7578-PDWUX,Female,0,Yes,Yes,32,Yes,Yes,DSL,No,No,No,No,No,No,Month-to-month,Yes,Electronic check,63.06,2057.85,Yes
1780-WEVSB,Female,0,Yes,No,44,Yes,No,DSL,Yes,No,No,No,No,Yes,Month-to-month,Yes,Credit card (automatic),82.47,3638.38,No
9080-EOLHT,Female,1,Yes,No,32,Yes,Yes,Fiber optic,No,No,No,No,Yes,Yes,Month-to-month,No,Mailed check,106.05,3361.31,No
4095-ZXQMM,Male,0,No,No,18,Yes,No,DSL,No,Yes,No,Yes,No,Yes,Month-to-month,Yes,Bank transfer (automatic),88.73,1595.75,Yes
8842-ZVPHE,Female,0,No,No,18,Yes,Yes,DSL,Yes,No,No,Yes,Yes,Yes,Month-to-month,No,Electronic check,92.31,1669.02,Yes
1818-LRFOR,Male,0,No,No,15,Yes,No,No,No internet service,No internet service,No internet service,No internet service,No internet service,No internet service,Month-to-month,Yes,Electronic check,31.09,458.85,Yes
8365-RPENQ,Male,0,No,Yes,65,Yes,No,Fiber optic,No,Yes,No,Yes,Yes,No,Month-to-month,Yes,Credit card (automatic),107.85,6999.63,No
9847-LYVAB,Female,0,Yes,No,72,Yes,Yes,Fiber optic,No,Yes,No,No,No,No,Month-to-month,No,Bank transfer (automatic),87.71,6317.63,No
4698-YLCMK,Male,0,No,No,41,Yes,No,DSL,Yes,No,Yes,No,Yes,Yes,Month-to-month,No,Bank transfer (automatic),92.08,3796.53,Yes
2169-CJVHH,Male,0,No,No,22,Yes,No,Fiber optic,No,Yes,No,Yes,Yes,Yes,Month-to-month,Yes,Electronic check,120.0,2625.89,Yes
4592-KXXMU,Female,0,Yes,Yes,16,Yes,No,DSL,No,Yes,No,No,No,Yes,Two year,Yes,Mailed check,76.44,1245.39,No
8009-CDQZJ,Male,0,No,No,36,Yes,Yes,No,No internet service,No internet service,No internet service,No internet service,No internet service,No internet service,Month-to-month,Yes,Electronic check,41.7,1508.24,Yes
8505-UOUCH,Male,0,No,No,7,Yes,Yes,Fiber optic,No,No,No,No,Yes,No,Two year,Yes,Credit card (automatic),102.05,725.51,Yes
6934-HCFQP,Female,0,No,No,40,Yes,No,Fiber optic,No,No,Yes,Yes,No,Yes,Month-to-month,Yes,Mailed check,113.18,4536.26,No
7539-FWRZC,Female,0,No,No,15,Yes,No,DSL,No,No,No,No,Yes,Yes,Month-to-month,Yes,Mailed check,73.9,1138.02,No
7085-GKFZA,Male,0,Yes,No,1,Yes,No,Fiber optic,Yes,No,Yes,No,Yes,No,Month-to-month,Yes,Electronic check,108.09,124.77,Yes
4847-HVGJM,Female,0,No,No,72,Yes,Yes,DSL,No,Yes,Yes,No,Yes,Yes,Month-to-month,Yes,Mailed check,103.69,7470.56,No
8103-BSDJX,Female,1,Yes,No,48,Yes,No,Fiber optic,No,No,No,No,Yes,No,Two year,No,Mailed check,98.47,4726.65,No
1506-LANOD,Male,0,No,Yes,7,Yes,No,DSL,No,Yes,Yes,No,Yes,No,Month-to-month,Yes,Bank transfer (automatic),83.95,592.7,Yes
9082-QDCHL,Male,0,Yes,Yes,53,Yes,No,DSL,No,No,Yes,No,No,No,Month-to-month,Yes,Credit card (automatic),70.58,3714.73,No
9222-ITAPU,Male,1,No,No,15,Yes,No,DSL,No,No,No,No,No,No,One year,Yes,Mailed check,60.59,927.33,No
6377-MMIPV,Male,0,No,No,52,Yes,No,Fiber optic,Yes,No,No,No,No,Yes,One year,No,Mailed check,95.62,4942.19,No
1457-LAKLD,Male,0,Yes,No,26,Yes,No,DSL,No,No,No,No,No,No,One year,Yes,Credit card (automatic),71.15,1873.04,No
2252-CPITW,Male,0,Yes,No,27,Yes,No,No,No internet service,No internet service,No internet service,No internet service,No internet service,No internet service,Month-to-month,Yes,Mailed check,35.83,960.52,No
8852-CNSOK,Male,0,Yes,No,29,Yes,Yes,Fiber optic,Yes,No,No,No,No,No,Two year,No,Bank transfer (automatic),97.14,2800.87,No
5762-DAFSI,Male,0,No,No,26,Yes,Yes,Fiber optic,No,Yes,No,No,No,Yes,Month-to-month,Yes,Electronic check,104.2,2721.48,No
5454-MCLOU,Male,0,No,Yes,11,Yes,No,Fiber optic,No,Yes,Yes,Yes,No,Yes,Month-to-month,Yes,Mailed check,113.17,1272.78,Yes
7018-LQFJI,Male,0,Yes,No,72,Yes,No,Fiber optic,No,Yes,Yes,No,Yes,No,Two year,No,Electronic check,120.0,8665.48,No
8718-NIVEB,Male,0,No,No,41,Yes,No,DSL,No,No,Yes,No,Yes,No,Two year,Yes,Electronic check,80.61,3278.35,No
6050-OBMCK,Male,0,No,Yes,9,Yes,No,Fiber optic,No,Yes,No,No,No,No,Two year,Yes,Electronic check,95.74,902.53,Yes
4231-XAFDP,Female,0,Yes,No,16,Yes,Yes,DSL,Yes,No,No,No,No,No,Month-to-month,Yes,Mailed check,72.25,1163.29,No
6044-XBMGM,Male,0,No,Yes,72,Yes,Yes,Fiber optic,No,Yes,No,No,No,No,Two year,No,Electronic check,98.14,7071.17,No
5929-WQHTK,Female,1,Yes,Yes,6,Yes,Yes,Fiber optic,No,No,No,No,No,No,Month-to-month,No,Credit card (automatic),86.8,510.24,Yes
1199-WBYJV,Female,0,Yes,No,40,Yes,Yes,DSL,No,Yes,No,No,Yes,Yes,Two year,No,Mailed check,88.7,3536.97,No
4432-BTDHB,Female,1,Yes,No,10,Yes,Yes,Fiber optic,No,No,No,No,No,Yes,One year,Yes,Electronic check,100.55,1014.45,Yes
2740-JOSJG,Female,0,Yes,Yes,14,Yes,Yes,No,No internet service,No internet service,No internet service,No internet service,No internet service,No internet service,Month-to-month,Yes,Mailed check,41.32,546.19,Yes
1652-WVOHT,Male,0,No,No,26,Yes,No,DSL,Yes,No,No,No,Yes,No,Month-to-month,No,Electronic check,85.84,2221.66,Yes
1448-VRUFU,Female,0,No,Yes,37,Yes,No,Fiber optic,No,No,Yes,Yes,Yes,No,One year,No,Electronic check,108.41,4024.2,No
2040-GESZJ,Male,0,Yes,No,30,No,No phone service,No,No internet service,No internet service,No internet service,No internet service,No internet service,No internet service,Month-to-month,Yes,Electronic check,18.25,562.55,No
4312-RQMOK,Male,0,No,No,9,Yes,Yes,No,No internet service,No internet service,No internet service,No internet service,No internet service,No internet service,Two year,No,Credit card (automatic),36.55,324.94,No
4678-TMTFH,Male,1,Yes,No,72,Yes,Yes,DSL,No,Yes,No,No,No,No,Two year,No,Mailed check,75.86,5406.82,No
2810-WDHOL,Male,0,Yes,No,44,Yes,Yes,DSL,No,Yes,No,No,No,Yes,Two year,Yes,Electronic check,73.05,3199.46,No
3384-OHCVX,Male,0,No,No,61,Yes,No,DSL,Yes,No,Yes,Yes,Yes,Yes,Month-to-month,No,Mailed check,95.59,5858.03,No
6439-CILZJ,Male,0,No,No,25,Yes,Yes,Fiber optic,Yes,No,No,No,Yes,Yes,One year,No,Electronic check,110.55,2750.34,No
8458-OGEVP,Female,0,No,Yes,46,Yes,No,No,No internet service,No internet service,No internet service,No internet service,No internet service,No internet service,One year,Yes,Bank transfer (automatic),32.47,1484.72,No
9942-KWCEY,Female,0,Yes,Yes,62,Yes,Yes,DSL,No,No,Yes,No,No,No,Month-to-month,No,Credit card (automatic),67.28,4176.71,No
4832-QPZQV,Male,1,Yes,No,35,Yes,Yes,Fiber optic,Yes,Yes,No,No,No,No,Month-to-month,Yes,Electronic check,108.14,3766.28,No
5565-TGLUT,Female,0,Yes,No,34,Yes,Yes,Fiber optic,No,No,Yes,No,Yes,Yes,One year,Yes,Electronic check,118.63,4013.59,Yes
3130-TFUNS,Male,0,No,Yes,39,Yes,Yes,DSL,No,Yes,Yes,No,No,Yes,Month-to-month,No,Bank transfer (automatic),92.01,3580.73,No
9800-WYOBR,Male,0,Yes,No,39,Yes,Yes,DSL,No,No,No,No,No,Yes,Month-to-month,No,Bank transfer (automatic),65.77,2567.56,No
6691-WQXZK,Female,0,No,No,35,Yes,No,DSL,No,No,No,No,No,Yes,Month-to-month,Yes,Credit card (automatic),71.91,2502.95,No
5623-CJFXJ,Female,1,Yes,No,50,Yes,Yes,Fiber optic,No,No,No,No,Yes,Yes,Month-to-month,No,Bank transfer (automatic),108.14,5411.76,Yes
1664-GDVVH,Male,1,Yes,No,25,Yes,No,DSL,No,No,Yes,No,No,Yes,Month-to-month,No,Electronic check,78.44,1981.35,No
3817-CQHKB,Male,0,Yes,No,72,Yes,Yes,Fiber optic,No,Yes,Yes,No,Yes,Yes,Month-to-month,No,Credit card (automatic),118.76,8589.5,No
3228-IRBVO,Male,1,No,No,3,Yes,No,No,No internet service,No internet service,No internet service,No internet service,No internet service,No internet service,One year,Yes,Electronic check,38.2,101.78,No
8518-VNSCL,Male,0,No,No,45,Yes,No,DSL,Yes,No,Yes,Yes,Yes,Yes,Two year,No,Electronic check,102.17,4614.03,No
8875-MVVCS,Male,0,No,Yes,69,Yes,Yes,DSL,No,No,No,Yes,No,No,One year,No,Credit card (automatic),77.67,5356.23,No
7524-NUMWM,Female,0,No,No,16,Yes,Yes,Fiber optic,No,Yes,No,No,Yes,Yes,Month-to-month,No,Bank transfer (automatic),111.87,1809.86,No
9280-GYQQU,Female,0,No,No,20,Yes,No,No,No internet service,No internet service,No internet service,No internet service,No internet service,No internet service,Month-to-month,Yes,Electronic check,35.94,706.33,Yes
6520-HHTPN,Male,0,Yes,No,72,Yes,No,Fiber optic,Yes,No,No,No,No,Yes,Month-to-month,Yes,Electronic check,106.09,7681.52,No
6799-AVHRW,Female,0,No,No,45,No,No phone service,Fiber optic,No,No,Yes,No,Yes,No,One year,Yes,Electronic check,83.51,3746.64,No
8204-DGFQA,Male,0,No,No,47,Yes,No,DSL,No,No,No,No,No,Yes,Two year,Yes,Mailed check,65.84,3095.14,No
3404-LIUKE,Male,1,No,No,23,Yes,No,DSL,No,No,No,No,No,Yes,Two year,No,Credit card (automatic),77.97,1780.54,Yes
3853-FEYYV,Male,1,Yes,Yes,22,Yes,Yes,No,No internet service,No internet service,No internet service,No internet service,No internet service,No internet service,Month-to-month,No,Bank transfer (automatic),39.56,831.99,No
5123-RWGKQ,Female,0,Yes,No,24,Yes,Yes,No,No internet service,No internet service,No internet service,No internet service,No internet service,No internet service,Month-to-month,Yes,Bank transfer (automatic),41.91,991.45,No
4352-FZAZU,Female,0,No,No,21,Yes,No,Fiber optic,Yes,No,No,No,Yes,Yes,One year,Yes,Bank transfer (automatic),104.93,2177.52,No
2444-SBSSP,Female,0,Yes,Yes,24,Yes,Yes,No,No internet service,No internet service,No internet service,No internet service,No internet service,No internet service,Two year,No,Electronic check,48.44,1171.65,No
3411-JTSNL,Male,0,Yes,No,42,Yes,No,DSL,No,No,No,Yes,No,No,Two year,Yes,Mailed check,68.55,2879.84,No
4887-GKXSU,Female,0,Yes,No,21,Yes,No,DSL,No,Yes,Yes,No,Yes,No,Two year,No,Electronic check,93.86,1963.13,No
8306-BPXKL,Male,0,No,No,10,No,No phone service,Fiber optic,No,Yes,Yes,No,Yes,Yes,Month-to-month,Yes,Electronic check,99.09,1015.86,No
4558-VHMLI,Male,0,Yes,No,66,Yes,No,Fiber optic,No,No,Yes,Yes,Yes,Yes,Two year,Yes,Electronic check,120.0,7913.25,No
7093-BKEIW,Female,0,No,No,16,Yes,No,DSL,No,Yes,No,No,No,No,Month-to-month,Yes,Credit card (automatic),77.16,1254.29,No
8030-OVJLW,Male,0,No,No,20,Yes,Yes,Fiber optic,No,Yes,No,Yes,Yes,No,Month-to-month,Yes,Electronic check,113.47,2288.15,Yes
8978-RHJBX,Female,0,No,No,7,Yes,No,Fiber optic,No,No,No,No,No,No,One year,No,Mailed check,93.48,659.14,No
6321-OPLDO,Female,1,Yes,No,34,Yes,Yes,Fiber optic,No,No,Yes,No,No,No,Month-to-month,No,Credit card (automatic),90.19,3021.89,No
5378-SHVQR,Female,0,No,Yes,16,Yes,No,DSL,No,No,No,No,No,Yes,Month-to-month,Yes,Bank transfer (automatic),71.55,1135.9,No
6721-YQODM,Male,0,Yes,Yes,10,Yes,Yes,No,No internet service,No internet service,No internet service,No internet service,No internet service,No internet service,Month-to-month,No,Electronic check,41.51,395.19,No
3078-GNXIU,Male,0,Yes,No,54,Yes,Yes,No,No internet service,No internet service,No internet service,No internet service,No internet service,No internet service,Month-to-month,No,Mailed check,38.55,2094.82,No
5715-GFQKV,Female,0,Yes,No,72,Yes,No,No,No internet service,No internet service,No internet service,No internet service,No internet service,No internet service,Month-to-month,No,Bank transfer (automatic),41.33,2974.99,No
8153-OQJUG,Female,0,Yes,No,18,No,No phone service,Fiber optic,Yes,No,Yes,No,Yes,No,One year,No,Mailed check,97.24,1757.56,Yes
8034-FCNGA,Female,0,No,Yes,46,Yes,Yes,No,No internet service,No internet service,No internet service,No internet service,No internet service,No internet service,Month-to-month,Yes,Electronic check,37.58,1713.99,No
6542-AQYLX,Female,0,Yes,Yes,36,Yes,Yes,No,No internet service,No internet service,No internet service,No internet service,No internet service,No internet service,One year,Yes,Bank transfer (automatic),32.73,1187.81,No
9828-KSPCX,Male,0,No,No,31,Yes,No,Fiber optic,No,Yes,No,No,No,No,One year,Yes,Mailed check,98.65,3074.59,No
7726-JIZEW,Male,0,Yes,Yes,10,Yes,No,Fiber optic,No,Yes,No,No,Yes,No,Month-to-month,Yes,Mailed check,103.22,1077.5,Yes
2731-VWROZ,Female,0,No,No,34,Yes,Yes,Fiber optic,No,No,No,Yes,No,Yes,Two year,Yes,Electronic check,98.41,3369.04,No
4785-ONKYS,Male,0,No,No,47,Yes,Yes,DSL,No,No,No,Yes,No,No,Month-to-month,Yes,Credit card (automatic),70.63,3314.58,No
5699-KDAKG,Female,0,Yes,No,72,Yes,No,DSL,No,No,Yes,Yes,Yes,No,Two year,Yes,Credit card (automatic),91.99,6650.3,No
2148-FHXXO,Male,0,No,No,4,Yes,No,No,No internet service,No internet service,No internet service,No internet service,No internet service,No internet service,Two year,Yes,Electronic check,43.65,190.37,No
4570-GXNNX,Female,0,Yes,Yes,45,Yes,Yes,Fiber optic,Yes,No,No,No,No,No,Two year,No,Electronic check,91.22,4089.32,No
2244-QBKJX,Female,0,No,No,31,Yes,No,DSL,Yes,No,No,No,No,No,Month-to-month,Yes,Electronic check,66.74,2091.0,No
5834-LNXOZ,Male,0,No,Yes,24,Yes,No,No,No internet service,No internet service,No internet service,No internet service,No internet service,No internet service,Two year,Yes,Bank transfer (automatic),40.38,972.2,No
6891-DVGOJ,Male,0,No,No,67,Yes,No,No,No internet service,No internet service,No internet service,No internet service,No internet service,No internet service,Month-to-month,Yes,Electronic check,44.96,3012.26,No
7854-WFOWE,Female,0,Yes,No,17,Yes,No,Fiber optic,No,No,No,No,No,No,Two year,Yes,Bank transfer (automatic),84.34,1453.29,No
1779-HJZSU,Male,0,No,No,72,Yes,Yes,No,No internet service,No internet service,No internet service,No internet service,No internet service,No internet service,Month-to-month,Yes,Credit card (automatic),40.66,2911.99,No
7820-SLBIY,Female,0,No,No,3,No,No phone service,No,No internet service,No internet service,No internet service,No internet service,No internet service,No internet service,One year,No,Electronic check,20.69,21.42,No
9567-GLXCH,Female,0,No,Yes,21,Yes,No,DSL,No,No,Yes,No,No,No,Month-to-month,Yes,Electronic check,64.57,1339.41,No
5715-UJLZG,Female,0,Yes,Yes,54,Yes,Yes,Fiber optic,No,No,No,Yes,Yes,Yes,Two year,Yes,Electronic check,109.56,5915.18,No
9436-SWNOI,Male,1,Yes,No,33,Yes,No,DSL,No,No,Yes,Yes,Yes,Yes,One year,No,Electronic check,93.51,3075.84,No
4800-TQBCY,Female,1,No,No,16,Yes,No,Fiber optic,No,No,Yes,No,Yes,No,Month-to-month,Yes,Credit card (automatic),100.27,1622.78,Yes
9957-VKBLL,Male,0,No,No,18,Yes,No,DSL,No,No,No,No,No,Yes,Month-to-month,No,Electronic check,73.69,1344.28,Yes
1173-BEIYM,Female,0,No,No,40,Yes,Yes,Fiber optic,No,No,No,Yes,No,Yes,Two year,Yes,Bank transfer (automatic),110.01,4394.98,No
6733-ZHQTN,Female,0,No,No,14,Yes,Yes,No,No internet service,No internet service,No internet service,No internet service,No internet service,No internet service,Two year,Yes,Mailed check,44.73,641.79,No
8339-OZOZK,Male,0,No,No,72,Yes,Yes,DSL,No,Yes,No,No,No,No,Month-to-month,Yes,Electronic check,73.18,5260.3,No
7065-BGVZN,Male,0,Yes,Yes,27,Yes,Yes,No,No internet service,No internet service,No internet service,No internet service,No internet service,No internet service,One year,No,Electronic check,37.64,1046.73,No
5051-MQSUR,Male,0,No,No,25,Yes,No,DSL,Yes,No,No,Yes,Yes,Yes,Month-to-month,Yes,Credit card (automatic),90.62,2304.11,Yes
3825-HIYJY,Female,0,Yes,No,37,No,No phone service,DSL,Yes,Yes,No,No,Yes,No,Month-to-month,Yes,Credit card (automatic),63.06,2322.8,No
6418-RBJIW,Male,0,No,No,7,Yes,No,DSL,No,No,Yes,Yes,No,Yes,Month-to-month,Yes,Electronic check,88.29,588.74,No
3388-WXCNB,Male,0,Yes,No,33,Yes,No,No,No internet service,No internet service,No internet service,No internet service,No internet service,No internet service,One year,No,Bank transfer (automatic),41.04,1341.48,No
9910-UFRDN,Female,0,No,No,72,Yes,No,Fiber optic,No,No,Yes,No,No,No,Month-to-month,Yes,Mailed check,98.94,7150.69,No
1972-ANRQL,Female,1,No,No,26,Yes,No,Fiber optic,No,Yes,No,No,Yes,Yes,Two year,Yes,Electronic check,106.88,2744.19,Yes
7199-DIAIK,Female,0,No,No,32,Yes,Yes,No,No internet service,No internet service,No internet service,No internet service,No internet service,No internet service,Month-to-month,Yes,Electronic check,37.57,1212.45,No
8936-OIDQD,Female,0,Yes,No,49,Yes,No,Fiber optic,Yes,No,No,No,Yes,No,One year,No,Electronic check,98.27,4795.79,No
2212-YHRAP,Female,1,No,No,72,Yes,Yes,No,No internet service,No internet service,No internet service,No internet service,No internet service,No internet service,Month-to-month,Yes,Bank transfer (automatic),45.26,3232.54,No
6066-KDZKM,Female,0,Yes,No,32,Yes,Yes,DSL,No,Yes,No,Yes,No,No,One year,Yes,Mailed check,82.72,2663.26,No
7937-UYASF,Male,0,Yes,Yes,24,Yes,No,DSL,No,Yes,Yes,Yes,No,Yes,Month-to-month,Yes,Credit card (automatic),82.41,1978.97,No
3831-XCKTY,Female,0,No,No,53,Yes,Yes,No,No internet service,No internet service,No internet service,No internet service,No internet service,No internet service,Month-to-month,Yes,Credit card (automatic),37.94,2036.78,No
6071-QJGAO,Female,0,No,Yes,14,Yes,No,No,No internet service,No internet service,No internet service,No internet service,No internet service,No internet service,Month-to-month,Yes,Mailed check,38.53,569.96,No
5758-IJPEC,Female,0,Yes,Yes,71,Yes,Yes,Fiber optic,Yes,No,No,No,Yes,Yes,One year,No,Mailed check,110.52,7833.79,No
4739-PBDDT,Female,0,No,No,58,Yes,Yes,DSL,No,No,No,No,No,Yes,One year,Yes,Credit card (automatic),64.84,3758.37,No
3134-YGNBL,Female,0,Yes,Yes,52,Yes,No,No,No internet service,No internet service,No internet service,No internet service,No internet service,No internet service,Month-to-month,Yes,Electronic check,44.24,2307.7,No
5239-WVMBE,Male,0,No,No,38,Yes,Yes,DSL,No,No,No,Yes,Yes,No,Month-to-month,Yes,Electronic check,72.77,2752.73,Yes
1193-ZHUUU,Female,1,No,No,45,Yes,No,Fiber optic,No,No,No,No,No,Yes,Month-to-month,Yes,Mailed check,106.32,4803.55,Yes
3463-KNDBQ,Female,0,No,No,45,Yes,Yes,No,No internet service,No internet service,No internet service,No internet service,No internet service,No internet service,Month-to-month,No,Mailed check,33.34,1506.13,No
3004-HLSNY,Male,0,No,No,35,Yes,No,Fiber optic,No,Yes,Yes,No,No,No,Month-to-month,No,Credit card (automatic),104.69,3658.63,No
6066-MOXLH,Female,0,No,No,18,Yes,Yes,No,No internet service,No internet service,No internet service,No internet service,No internet service,No internet service,Month-to-month,No,Mailed check,40.34,721.04,No
9724-KYMYS,Male,0,No,No,45,Yes,Yes,Fiber optic,No,No,No,No,No,Yes,Month-to-month,No,Mailed check,105.09,4756.98,No
5906-GKVZS,Female,0,Yes,Yes,9,Yes,No,No,No internet service,No internet service,No internet service,No internet service,No internet service,No internet service,Month-to-month,Yes,Mailed check,33.18,289.62,No
7724-STMXA,Female,0,Yes,No,11,Yes,No,DSL,Yes,Yes,No,No,Yes,Yes,Month-to-month,No,Mailed check,92.48,1043.68,Yes
8982-ZASXZ,Male,1,No,No,72,Yes,Yes,Fiber optic,No,No,No,No,No,No,Two year,No,Credit card (automatic),86.88,6258.18,No
7409-UOJNN,Male,0,Yes,No,11,Yes,Yes,Fiber optic,No,No,Yes,No,Yes,No,Two year,Yes,Bank transfer (automatic),110.35,1177.7,No
4920-WEMNU,Female,0,No,No,63,Yes,Yes,Fiber optic,No,Yes,No,No,No,No,One year,No,Credit card (automatic),95.53,5983.7,No
1628-HJJKF,Male,0,Yes,No,11,Yes,No,Fiber optic,No,No,No,Yes,No,No,Month-to-month,Yes,Electronic check,97.87,1068.96,No
8917-RRFNE,Female,0,No,Yes,25,Yes,No,No,No internet service,No internet service,No internet service,No internet service,No internet service,No internet service,Month-to-month,Yes,Credit card (automatic),43.16,1088.84,Yes
3108-AFJEY,Male,0,No,Yes,27,Yes,Yes,DSL,No,No,No,No,Yes,No,Month-to-month,Yes,Credit card (automatic),73.37,1985.4,Yes
1934-BTALI,Female,0,No,No,7,No,No phone service,DSL,No,No,Yes,Yes,No,No,One year,Yes,Credit card (automatic),58.81,404.73,No
4045-RQYWK,Female,0,No,No,42,Yes,No,Fiber optic,Yes,Yes,No,No,Yes,No,Two year,No,Credit card (automatic),108.87,4573.19,No
4989-MPWEL,Female,0,Yes,No,8,Yes,Yes,No,No internet service,No internet service,No internet service,No internet service,No internet service,No internet service,One year,Yes,Bank transfer (automatic),30.51,258.78,Yes
2768-SHWDS,Male,0,No,No,9,Yes,No,No,No internet service,No internet service,No internet service,No internet service,No internet service,No internet service,Two year,Yes,Bank transfer (automatic),46.38,362.63,No
8645-KRNGQ,Female,0,Yes,No,8,Yes,No,No,No internet service,No internet service,No internet service,No internet service,No internet service,No internet service,Month-to-month,No,Electronic check,45.28,360.5,No
9232-CADOV,Male,0,No,No,3,Yes,No,Fiber optic,No,No,Yes,No,No,No,Month-to-month,Yes,Electronic check,93.88,277.52,Yes
9942-FDSJY,Male,1,No,Yes,51,Yes,Yes,DSL,No,No,Yes,Yes,Yes,No,Month-to-month,Yes,Bank transfer (automatic),85.99,4405.09,Yes
1055-KUBID,Male,0,Yes,No,18,Yes,Yes,Fiber optic,No,No,No,No,No,No,Month-to-month,No,Mailed check,82.63,1483.56,No
4773-JDKHM,Female,1,Yes,No,22,Yes,Yes,Fiber optic,No,Yes,Yes,Yes,No,Yes,Month-to-month,No,Bank transfer (automatic),114.55,2489.18,Yes
2060-RIAWM,Female,0,Yes,No,25,No,No phone service,Fiber optic,Yes,No,No,No,Yes,No,Two year,Yes,Bank transfer (automatic),84.75,2136.85,No
7729-LNNIX,Male,0,Yes,No,19,No,No phone service,No,No internet service,No internet service,No internet service,No internet service,No internet service,No internet service,Month-to-month,No,Bank transfer (automatic),20.99,378.54,No
6047-JPKZP,Male,0,No,No,10,Yes,No,No,No internet service,No internet service,No internet service,No internet service,No internet service,No internet service,Two year,No,Mailed check,34.44,335.68,No
1005-RLJYL,Female,0,Yes,Yes,17,Yes,No,No,No internet service,No internet service,No internet service,No internet service,No internet service,No internet service,Two year,Yes,Credit card (automatic),43.18,710.66,No
7653-NIQLW,Male,0,No,No,25,Yes,No,DSL,No,No,No,No,No,No,One year,No,Electronic check,67.78,1689.04,No
4393-MSUQR,Male,0,No,No,10,Yes,Yes,DSL,No,No,No,Yes,No,Yes,Two year,No,Bank transfer (automatic),81.41,817.22,No
1596-YEHNK,Female,1,No,Yes,18,Yes,Yes,DSL,Yes,Yes,Yes,No,Yes,Yes,Month-to-month,No,Electronic check,88.86,1572.46,Yes
7765-PMIJR,Male,0,No,No,56,Yes,No,DSL,No,No,Yes,No,Yes,No,Two year,Yes,Credit card (automatic),84.09,4733.2,No
4152-XPYQY,Female,0,Yes,No,17,Yes,No,Fiber optic,Yes,No,No,No,Yes,No,One year,No,Bank transfer (automatic),108.91,1826.99,Yes
7580-IMQLW,Female,0,No,No,37,Yes,No,Fiber optic,No,Yes,No,No,No,No,One year,Yes,Credit card (automatic),100.27,3735.53,No
6341-LKLRE,Male,0,No,No,41,No,No phone service,Fiber optic,No,Yes,No,No,No,Yes,One year,No,Electronic check,86.14,3540.08,No
6785-XTGDB,Male,0,No,No,5,Yes,No,Fiber optic,No,No,No,No,No,Yes,Two year,Yes,Credit card (automatic),93.91,425.93,No
6233-XJHXT,Female,0,Yes,No,42,Yes,Yes,DSL,No,No,Yes,No,No,No,Two year,No,Electronic check,72.52,3060.59,No
7817-ZWRZV,Female,0,Yes,No,52,Yes,No,No,No internet service,No internet service,No internet service,No internet service,No internet service,No internet service,Month-to-month,No,Electronic check,41.5,2154.08,No
4920-TFHVF,Female,0,No,No,38,Yes,Yes,DSL,No,No,No,No,No,No,Month-to-month,Yes,Electronic check,58.81,2258.33,Yes
4321-KWMJL,Male,0,No,No,20,No,No phone service,Fiber optic,No,No,Yes,No,Yes,Yes,Month-to-month,Yes,Bank transfer (automatic),86.8,1713.21,No
7885-JJOPV,Female,0,Yes,Yes,8,Yes,No,No,No internet service,No internet service,No internet service,No internet service,No internet service,No internet service,Two year,Yes,Credit card (automatic),39.72,312.16,No
2339-SERLQ,Female,0,No,No,39,No,No phone service,No,No internet service,No internet service,No internet service,No internet service,No internet service,No internet service,Month-to-month,Yes,Bank transfer (automatic),18.25,677.43,No
2950-VKSJH,Male,0,Yes,No,18,Yes,No,DSL,No,Yes,Yes,No,Yes,Yes,One year,No,Electronic check,91.51,1658.25,No
9044-BHHWA,Female,1,No,Yes,23,Yes,No,DSL,No,Yes,No,No,Yes,Yes,Month-to-month,No,Mailed check,84.7,1980.24,Yes
8240-VWWGT,Female,0,Yes,No,13,Yes,No,Fiber optic,No,No,Yes,No,No,No,Two year,No,Electronic check,88.57,1162.59,No
8675-WUTZU,Male,1,Yes,No,25,Yes,No,Fiber optic,No,Yes,Yes,No,Yes,Yes,Two year,No,Electronic check,117.41,2946.63,No
1516-TWXVG,Male,0,Yes,Yes,24,Yes,Yes,No,No internet service,No internet service,No internet service,No internet service,No internet service,No internet service,Month-to-month,Yes,Bank transfer (automatic),41.67,996.31,No
9184-MNXEI,Female,0,Yes,No,11,Yes,No,DSL,No,Yes,No,No,No,No,Month-to-month,Yes,Electronic check,65.96,724.85,No
6422-PZEOM,Male,0,Yes,No,36,Yes,No,No,No internet service,No internet service,No internet service,No internet service,No internet service,No internet service,Two year,Yes,Bank transfer (automatic),31.6,1149.29,No
7507-WLVRA,Male,0,Yes,No,72,Yes,No,DSL,No,No,No,No,Yes,No,Month-to-month,Yes,Mailed check,69.62,5019.75,No
3093-BHAWT,Male,0,Yes,No,54,Yes,No,Fiber optic,Yes,Yes,Yes,No,No,No,Month-to-month,No,Electronic check,108.46,5857.07,No
2331-WWZFJ,Female,0,No,Yes,72,Yes,No,Fiber optic,No,No,No,No,Yes,No,Two year,No,Electronic check,92.78,6659.39,No
2276-QTFDX,Male,0,No,No,17,Yes,No,No,No internet service,No internet service,No internet service,No internet service,No internet service,No internet service,One year,Yes,Electronic check,32.86,563.49,No
4737-ENDTU,Female,1,No,No,12,Yes,No,Fiber optic,No,Yes,Yes,No,No,No,Two year,Yes,Bank transfer (automatic),101.49,1196.52,No
7137-PWDDO,Female,0,Yes,No,4,Yes,No,DSL,No,Yes,Yes,No,Yes,No,Month-to-month,Yes,Bank transfer (automatic),84.83,313.52,Yes
1314-SQAHA,Female,0,Yes,No,21,Yes,No,Fiber optic,No,No,Yes,No,No,No,One year,No,Credit card (automatic),101.41,2150.8,No
2911-ETBEK,Female,0,No,Yes,23,Yes,Yes,Fiber optic,No,No,No,No,Yes,Yes,Two year,No,Electronic check,95.59,2190.58,No
2403-MWUSQ,Male,0,No,Yes,28,Yes,Yes,No,No internet service,No internet service,No internet service,No internet service,No internet service,No internet service,One year,Yes,Electronic check,34.98,1002.51,No
1853-NZPNO,Male,0,No,No,10,Yes,Yes,Fiber optic,No,No,No,Yes,No,No,Two year,No,Mailed check,97.18,972.71,No
2535-RHSKK,Male,0,No,Yes,31,Yes,Yes,Fiber optic,No,Yes,Yes,Yes,Yes,No,Two year,No,Credit card (automatic),120.0,3745.19,No
6625-PQVLL,Female,0,No,No,26,Yes,Yes,No,No internet service,No internet service,No internet service,No internet service,No internet service,No internet service,Month-to-month,Yes,Mailed check,37.89,996.64,No
1022-SQYFP,Female,0,No,No,32,Yes,Yes,DSL,No,Yes,Yes,No,Yes,No,Month-to-month,No,Credit card (automatic),79.67,2550.69,No
7329-FVNQM,Male,0,Yes,Yes,37,Yes,Yes,DSL,No,No,No,No,Yes,No,One year,Yes,Electronic check,74.59,2772.26,No
1529-MFBTG,Female,0,No,No,28,Yes,No,Fiber optic,Yes,Yes,Yes,No,No,No,Two year,No,Bank transfer (automatic),104.37,2922.75,No
8112-LLCXE,Female,0,No,No,53,Yes,Yes,Fiber optic,No,Yes,No,No,No,Yes,Two year,No,Bank transfer (automatic),103.28,5491.09,Yes
2445-SFXUD,Male,0,No,Yes,35,Yes,No,No,No internet service,No internet service,No internet service,No internet service,No internet service,No internet service,Month-to-month,Yes,Electronic check,31.23,1098.77,No
6380-XTWZF,Male,0,Yes,No,27,Yes,No,DSL,No,No,No,Yes,No,Yes,One year,Yes,Electronic check,78.63,2098.57,No
8974-SGWQQ,Male,1,Yes,Yes,15,Yes,No,Fiber optic,No,No,No,Yes,No,Yes,One year,No,Mailed check,103.18,1515.6,No
2298-LAQJE,Male,0,Yes,No,22,Yes,Yes,DSL,Yes,Yes,No,No,No,No,Month-to-month,Yes,Electronic check,77.96,1684.58,No
7493-QLYTW,Male,0,Yes,No,7,Yes,No,Fiber optic,No,Yes,No,No,Yes,No,One year,Yes,Electronic check,103.48,746.83,No
7170-YXYOO,Female,0,No,No,46,Yes,No,DSL,Yes,No,Yes,No,Yes,No,Two year,Yes,Bank transfer (automatic),92.13,4228.8,No
4561-CHUND,Female,0,No,No,15,Yes,Yes,Fiber optic,No,Yes,No,No,Yes,No,Month-to-month,Yes,Electronic check,109.1,1653.78,No
9127-PNAMD,Female,0,Yes,No,12,Yes,Yes,Fiber optic,Yes,No,No,No,No,No,Month-to-month,No,Bank transfer (automatic),103.7,1237.46,Yes
9778-UINHM,Male,0,No,No,8,Yes,No,Fiber optic,No,No,Yes,Yes,No,Yes,Month-to-month,Yes,Mailed check,112.84,925.77,Yes
8187-OVKOL,Female,1,Yes,Yes,14,Yes,No,DSL,Yes,No,Yes,No,No,Yes,Month-to-month,No,Electronic check,77.98,1101.25,Yes
1243-BBSPS,Male,1,No,Yes,18,Yes,No,Fiber optic,No,No,No,No,No,No,One year,No,Bank transfer (automatic),87.54,1612.22,No
2205-LQDJZ,Male,0,Yes,Yes,61,Yes,No,Fiber optic,No,Yes,No,No,No,Yes,Two year,No,Mailed check,104.04,6346.69,No
6102-URWEC,Female,0,No,No,15,Yes,Yes,DSL,Yes,Yes,No,No,No,No,One year,Yes,Electronic check,67.4,1035.89,No
7696-NNODX,Female,0,No,No,70,Yes,No,Fiber optic,Yes,No,No,No,No,Yes,Two year,Yes,Bank transfer (automatic),96.69,6776.89,No
3569-GOOJI,Male,0,No,Yes,61,Yes,No,No,No internet service,No internet service,No internet service,No internet service,No internet service,No internet service,One year,No,Electronic check,33.19,2036.2,No
1819-BDEZC,Male,0,No,No,60,Yes,Yes,No,No internet service,No internet service,No internet service,No internet service,No internet service,No internet service,Month-to-month,Yes,Electronic check,46.37,2766.94,No
2495-TDXWW,Female,0,Yes,No,40,Yes,Yes,No,No internet service,No internet service,No internet service,No internet service,No internet service,No internet service,Month-to-month,Yes,Mailed check,38.66,1528.52,No
6848-IDDYK,Female,0,No,Yes,6,Yes,No,Fiber optic,Yes,Yes,No,Yes,Yes,Yes,Month-to-month,No,Mailed check,113.83,706.75,Yes
5174-ASDIT,Male,0,Yes,Yes,55,Yes,No,No,No internet service,No internet service,No internet service,No internet service,No internet service,No internet service,Month-to-month,No,Bank transfer (automatic),35.3,1952.65,No
8361-XBUTP,Female,0,Yes,No,6,Yes,No,Fiber optic,No,No,No,No,No,No,Month-to-month,Yes,Mailed check,91.0,541.18,Yes
2515-FDNWC,Female,0,No,Yes,11,Yes,No,Fiber optic,No,Yes,No,No,No,Yes,One year,Yes,Mailed check,105.78,1164.65,Yes
6530-GJNZQ,Male,1,No,No,18,Yes,No,DSL,No,Yes,No,No,Yes,No,Month-to-month,Yes,Bank transfer (automatic),89.52,1579.8,Yes
8919-GTJOW,Female,0,No,No,15,Yes,Yes,Fiber optic,Yes,No,No,No,No,Yes,Month-to-month,Yes,Credit card (automatic),102.94,1556.77,Yes
3039-TRNBT,Female,0,Yes,No,48,Yes,No,Fiber optic,No,No,Yes,No,No,No,Month-to-month,No,Electronic check,100.6,4870.98,Yes
3129-TDMLG,Female,0,No,No,44,Yes,No,No,No internet service,No internet service,No internet service,No internet service,No internet service,No internet service,Two year,No,Bank transfer (automatic),40.88,1753.75,No
8141-BBXTU,Male,0,Yes,Yes,24,Yes,Yes,No,No internet service,No internet service,No internet service,No internet service,No internet service,No internet service,Month-to-month,No,Electronic check,38.5,900.72,Yes
4802-BGGXV,Male,0,No,No,39,Yes,Yes,Fiber optic,No,No,Yes,No,Yes,Yes,Two year,No,Electronic check,109.14,4255.75,No
6188-RWCQV,Female,1,No,No,29,Yes,No,No,No internet service,No internet service,No internet service,No internet service,No internet service,No internet service,Month-to-month,Yes,Credit card (automatic),38.52,1139.09,Yes
5111-ZUUCG,Female,0,No,No,26,Yes,No,DSL,Yes,No,No,No,No,Yes,Month-to-month,No,Mailed check,75.8,1964.89,No
2299-IWFDR,Male,0,No,No,19,Yes,No,DSL,No,No,No,No,No,No,Month-to-month,Yes,Electronic check,65.51,1267.3,Yes
3079-DTZCD,Female,1,No,Yes,13,Yes,No,Fiber optic,Yes,No,No,Yes,No,Yes,Month-to-month,No,Mailed check,115.77,1476.1,No
7354-HMIRA,Female,0,Yes,No,1,Yes,No,No,No internet service,No internet service,No internet service,No internet service,No internet service,No internet service,Month-to-month,Yes,Mailed check,43.23,32.19,No
1731-JFKBY,Male,0,No,No,47,Yes,No,No,No internet service,No internet service,No internet service,No internet service,No internet service,No internet service,Month-to-month,Yes,Credit card (automatic),45.79,2162.43,No
6577-YFPEG,Female,1,No,No,14,No,No phone service,Fiber optic,Yes,Yes,No,No,Yes,No,One year,Yes,Credit card (automatic),84.03,1203.11,Yes
9276-DSOGK,Male,0,Yes,No,16,Yes,No,Fiber optic,No,No,Yes,Yes,No,No,Month-to-month,Yes,Electronic check,103.22,1625.38,Yes
4603-DSHJW,Male,0,Yes,No,14,Yes,No,Fiber optic,No,Yes,Yes,No,No,No,Month-to-month,Yes,Credit card (automatic),97.84,1394.38,No
9580-KZRNJ,Male,0,Yes,No,32,Yes,Yes,No,No internet service,No internet service,No internet service,No internet service,No internet service,No internet service,Month-to-month,No,Mailed check,38.51,1282.01,No
5278-UTYAP,Male,0,No,No,38,Yes,No,No,No internet service,No internet service,No internet service,No internet service,No internet service,No internet service,Two year,No,Mailed check,43.97,1672.75,No
6491-CJSSQ,Female,0,No,Yes,16,Yes,No,DSL,Yes,No,No,No,Yes,No,Month-to-month,Yes,Electronic check,76.85,1213.85,Yes
9603-NFZSD,Male,0,No,No,27,Yes,No,DSL,No,No,Yes,Yes,Yes,No,One year,No,Credit card (automatic),82.75,2240.86,No
7836-XOLHJ,Female,1,Yes,No,17,Yes,No,DSL,No,No,Yes,No,No,No,One year,Yes,Bank transfer (automatic),77.61,1305.81,No
7555-POBIR,Male,0,Yes,No,47,Yes,Yes,No,No internet service,No internet service,No internet service,No internet service,No internet service,No internet service,Month-to-month,No,Credit card (automatic),41.33,1918.81,No
7393-ENUKU,Female,0,No,No,34,Yes,Yes,Fiber optic,Yes,No,Yes,No,Yes,Yes,Month-to-month,Yes,Bank transfer (automatic),116.3,3927.37,Yes
6894-PTACE,Male,0,Yes,Yes,3,Yes,No,DSL,Yes,No,Yes,No,No,No,One year,No,Mailed check,76.78,207.28,Yes
7758-VCJLD,Female,1,Yes,No,37,Yes,No,Fiber optic,No,No,No,Yes,No,No,Two year,No,Credit card (automatic),97.39,3617.46,No
3645-RJAGX,Female,0,Yes,Yes,28,Yes,No,Fiber optic,Yes,Yes,No,No,Yes,No,Two year,Yes,Electronic check,120.0,3363.44,No
4639-OPBXS,Female,0,Yes,Yes,12,Yes,No,Fiber optic,No,Yes,Yes,No,Yes,No,Month-to-month,No,Credit card (automatic),110.87,1329.69,Yes
2661-EOXSV,Male,0,Yes,No,11,Yes,No,Fiber optic,No,Yes,No,No,No,No,Month-to-month,No,Electronic check,94.04,1065.19,Yes
8973-QKWQS,Male,0,No,Yes,43,Yes,No,Fiber optic,No,No,No,No,No,Yes,Month-to-month,No,Electronic check,93.66,4027.08,No
4978-LZJCM,Male,1,Yes,No,45,Yes,No,DSL,Yes,Yes,Yes,No,No,Yes,Month-to-month,No,Credit card (automatic),88.64,3980.83,No
9029-SMEQU,Male,1,Yes,No,29,Yes,Yes,No,No internet service,No internet service,No internet service,No internet service,No internet service,No internet service,Two year,Yes,Electronic check,43.62,1246.46,No
4955-YOAPC,Male,0,No,No,16,Yes,Yes,No,No internet service,No internet service,No internet service,No internet service,No internet service,No internet service,Month-to-month,Yes,Credit card (automatic),40.9,661.78,No
3479-NFNUK,Female,0,No,Yes,13,Yes,No,DSL,Yes,No,Yes,No,Yes,No,Month-to-month,No,Electronic check,82.29,1083.71,No
4327-KGRBC,Male,0,No,Yes,13,Yes,Yes,Fiber optic,No,No,No,No,No,No,Month-to-month,Yes,Bank transfer (automatic),91.9,1187.49,No
9161-CFFWX,Male,0,No,No,20,Yes,No,Fiber optic,No,No,No,Yes,No,Yes,Two year,No,Bank transfer (automatic),116.41,2360.17,Yes
1217-GGNIW,Male,0,No,No,53,No,No phone service,Fiber optic,No,Yes,No,No,Yes,Yes,Month-to-month,No,Electronic check,88.79,4682.31,Yes
6527-BWFCG,Female,0,No,No,5,Yes,No,DSL,No,No,No,Yes,Yes,Yes,Month-to-month,No,Credit card (automatic),82.62,396.92,No
7361-KJQHB,Female,0,No,No,26,Yes,Yes,Fiber optic,No,No,No,No,No,No,Month-to-month,Yes,Electronic check,87.54,2330.97,No
4211-BCJLG,Female,1,No,Yes,20,Yes,Yes,Fiber optic,Yes,No,No,No,No,No,Month-to-month,Yes,Credit card (automatic),101.51,2037.05,Yes
4380-XTWMS,Male,0,No,No,34,Yes,Yes,DSL,No,No,Yes,Yes,No,Yes,Month-to-month,No,Credit card (automatic),93.31,3143.67,No
5720-ATSWC,Male,0,Yes,No,10,Yes,Yes,Fiber optic,No,No,No,Yes,Yes,No,Two year,Yes,Bank transfer (automatic),103.33,1012.39,No
8866-STIFA,Female,0,Yes,Yes,22,Yes,No,Fiber optic,Yes,No,Yes,No,Yes,Yes,One year,Yes,Credit card (automatic),120.0,2645.66,No
4393-UVEFG,Female,0,Yes,No,45,Yes,No,DSL,No,Yes,Yes,No,No,No,One year,No,Bank transfer (automatic),77.49,3481.48,No
8149-BOPZH,Male,0,Yes,Yes,29,Yes,Yes,No,No internet service,No internet service,No internet service,No internet service,No internet service,No internet service,Month-to-month,Yes,Credit card (automatic),41.8,1220.31,No
9215-AZIUJ,Male,0,Yes,Yes,17,Yes,No,Fiber optic,No,Yes,Yes,Yes,No,Yes,Month-to-month,No,Credit card (automatic),120.0,2050.38,Yes
4966-CDQIQ,Male,0,No,No,12,Yes,No,Fiber optic,No,No,No,Yes,Yes,No,Two year,Yes,Bank transfer (automatic),104.17,1246.31,Yes
7501-CQVCW,Female,0,No,No,61,Yes,No,Fiber optic,Yes,No,No,No,Yes,No,Month-to-month,No,Credit card (automatic),109.9,6648.26,No
4332-EPBJX,Male,1,Yes,No,7,Yes,No,DSL,Yes,No,No,No,No,No,One year,Yes,Mailed check,69.28,464.29,Yes
1955-MHFGK,Female,1,Yes,No,67,Yes,Yes,No,No internet service,No internet service,No internet service,No internet service,No internet service,No internet service,One year,Yes,Mailed check,41.41,2766.46,No
5446-ARSRE,Female,0,Yes,No,29,Yes,No,DSL,Yes,No,Yes,No,Yes,Yes,Month-to-month,No,Credit card (automatic),91.08,2636.02,No
5548-LKCTE,Female,0,No,No,23,Yes,No,Fiber optic,No,No,Yes,Yes,No,Yes,Month-to-month,No,Bank transfer (automatic),108.87,2519.93,No
5030-IBXRZ,Female,0,Yes,No,52,Yes,Yes,DSL,Yes,No,Yes,Yes,Yes,No,Two year,Yes,Electronic check,86.95,4544.84,No
6690-AXKPJ,Male,0,Yes,Yes,53,Yes,Yes,Fiber optic,No,No,No,No,No,Yes,Two year,Yes,Electronic check,95.17,5020.68,No
8347-LTUGA,Female,1,Yes,No,27,Yes,No,Fiber optic,No,Yes,No,No,Yes,No,Month-to-month,Yes,Bank transfer (automatic),104.27,2777.0,Yes
6962-MJMBA,Male,1,No,No,35,Yes,Yes,Fiber optic,Yes,No,No,No,Yes,Yes,Month-to-month,No,Electronic check,115.39,4039.86,No
1718-JRHVH,Male,0,Yes,No,9,Yes,Yes,No,No internet service,No internet service,No internet service,No internet service,No internet service,No internet service,One year,Yes,Mailed check,42.81,384.73,No
9898-IEGYC,Male,0,No,No,22,Yes,Yes,No,No internet service,No internet service,No internet service,No internet service,No internet service,No internet service,Two year,Yes,Electronic check,39.85,884.5,No
6748-SEETU,Male,0,No,No,15,Yes,No,DSL,Yes,No,No,Yes,No,No,Month-to-month,Yes,Electronic check,83.99,1265.09,Yes
5660-KGCIT,Male,0,No,No,62,Yes,No,No,No internet service,No internet service,No internet service,No internet service,No internet service,No internet service,Two year,No,Credit card (automatic),35.61,2171.02,No
1567-KREFA,Male,1,No,Yes,58,Yes,Yes,DSL,No,No,No,No,No,No,Two year,No,Electronic check,63.65,3695.36,Yes
8899-OXDBU,Male,0,Yes,No,9,Yes,No,Fiber optic,No,Yes,No,No,No,Yes,Month-to-month,Yes,Credit card (automatic),105.32,930.51,No
3216-WVULY,Male,0,Yes,Yes,9,Yes,Yes,No,No internet service,No internet service,No internet service,No internet service,No internet service,No internet service,Month-to-month,No,Mailed check,39.21,338.05,No
6049-KKTRL,Male,0,No,No,23,Yes,No,DSL,No,Yes,Yes,No,No,No,Month-to-month,Yes,Credit card (automatic),76.76,1747.6,Yes
9774-BJMHH,Male,0,Yes,No,69,Yes,No,Fiber optic,Yes,No,No,No,No,Yes,Two year,Yes,Bank transfer (automatic),111.37,7691.49,No
7850-PAJNI,Female,0,No,No,18,Yes,Yes,Fiber optic,Yes,Yes,Yes,No,Yes,Yes,One year,Yes,Mailed check,120.0,2168.26,No
7148-QTIRS,Male,1,No,No,72,Yes,No,Fiber optic,No,Yes,No,Yes,No,Yes,Two year,No,Electronic check,115.08,8246.44,No
5235-ANWSW,Male,0,Yes,No,8,Yes,No,No,No internet service,No internet service,No internet service,No internet service,No internet service,No internet service,One year,No,Credit card (automatic),44.3,323.24,Yes
7116-GGHWK,Male,0,Yes,No,14,No,No phone service,Fiber optic,No,No,No,No,Yes,No,One year,Yes,Bank transfer (automatic),75.25,1052.23,No
3146-NSMFS,Male,0,No,Yes,9,Yes,No,No,No internet service,No internet service,No internet service,No internet service,No internet service,No internet service,Month-to-month,Yes,Electronic check,36.2,333.39,No
6730-LFLUF,Female,0,No,Yes,28,Yes,No,DSL,Yes,Yes,No,No,No,No,Month-to-month,No,Credit card (automatic),74.54,2111.82,No
1874-CYWLW,Female,0,No,No,18,Yes,No,DSL,No,No,No,Yes,Yes,No,Two year,No,Mailed check,76.03,1357.47,Yes
2169-VHSPX,Female,0,Yes,No,64,Yes,No,Fiber optic,No,No,Yes,No,Yes,Yes,Month-to-month,No,Electronic check,108.65,6958.44,No
7333-FSXDF,Female,0,No,Yes,17,Yes,Yes,No,No internet service,No internet service,No internet service,No internet service,No internet service,No internet service,Two year,Yes,Electronic check,37.74,648.71,No
2897-FUXIO,Male,0,Yes,No,46,No,No phone service,Fiber optic,No,Yes,No,No,No,Yes,Month-to-month,No,Credit card (automatic),83.17,3807.68,Yes
6582-OAPYG,Female,0,Yes,No,10,No,No phone service,Fiber optic,No,No,No,No,No,Yes,One year,Yes,Mailed check,71.18,700.12,No
9817-GXVWH,Male,0,No,No,21,Yes,Yes,No,No internet service,No internet service,No internet service,No internet service,No internet service,No internet service,One year,Yes,Credit card (automatic),44.17,914.87,No
9322-PUYOW,Female,1,No,Yes,4,Yes,No,No,No internet service,No internet service,No internet service,No internet service,No internet service,No internet service,Month-to-month,Yes,Mailed check,48.53,209.67,Yes
4221-OXZLN,Male,0,Yes,No,69,Yes,Yes,Fiber optic,Yes,No,No,Yes,No,No,Month-to-month,Yes,Electronic check,100.08,6921.35,No
6322-XQGZQ,Female,0,No,Yes,23,Yes,No,DSL,No,Yes,No,No,Yes,No,Two year,Yes,Electronic check,72.22,1672.65,No
8317-BSEIO,Male,0,Yes,Yes,46,Yes,No,Fiber optic,No,No,No,No,No,Yes,Month-to-month,No,Credit card (automatic),89.42,4133.59,No
6611-OQUXR,Female,0,Yes,No,6,Yes,Yes,DSL,No,Yes,No,No,No,Yes,Month-to-month,No,Electronic check,80.96,491.43,Yes
6873-VVHXO,Male,0,Yes,No,7,Yes,No,Fiber optic,Yes,Yes,No,No,Yes,Yes,One year,No,Credit card (automatic),120.0,820.97,No
8384-QGKDF,Female,0,No,Yes,10,No,No phone service,No,No internet service,No internet service,No internet service,No internet service,No internet service,No internet service,Two year,Yes,Electronic check,20.45,191.17,No
8375-GEMDL,Female,0,Yes,Yes,15,No,No phone service,No,No internet service,No internet service,No internet service,No internet service,No internet service,No internet service,Two year,No,Credit card (automatic),19.26,314.17,No
9315-XAMYK,Female,0,No,No,53,Yes,No,Fiber optic,Yes,No,Yes,No,No,No,Month-to-month,No,Electronic check,100.64,5331.06,Yes
2859-RMOPS,Male,0,Yes,No,17,Yes,Yes,DSL,No,Yes,No,No,No,No,Month-to-month,Yes,Mailed check,70.04,1187.38,Yes
8114-FBKII,Male,1,Yes,Yes,37,Yes,No,DSL,No,No,Yes,No,Yes,Yes,Month-to-month,Yes,Electronic check,93.3,3426.64,Yes
5511-QPBXF,Female,0,Yes,Yes,72,No,No phone service,DSL,No,No,No,No,No,No,Two year,No,Electronic check,43.3,3098.01,No
8276-JGYMJ,Male,1,Yes,No,20,Yes,No,DSL,Yes,No,Yes,Yes,Yes,Yes,Two year,Yes,Credit card (automatic),96.87,1931.56,No
2278-VNCRC,Male,0,No,Yes,6,Yes,Yes,DSL,Yes,Yes,Yes,No,No,No,One year,No,Electronic check,81.65,505.99,Yes
8270-QDHOO,Male,0,No,No,10,Yes,Yes,Fiber optic,Yes,No,No,No,No,No,Month-to-month,No,Credit card (automatic),95.56,952.79,No
7856-SHFEN,Male,0,No,No,39,Yes,No,DSL,No,No,No,No,No,No,Two year,Yes,Bank transfer (automatic),67.16,2570.26,No
4347-JFCHN,Male,0,Yes,No,15,Yes,No,DSL,No,No,Yes,No,No,No,Month-to-month,Yes,Bank transfer (automatic),69.94,1051.65,Yes
5331-BYOEQ,Male,0,No,No,6,Yes,No,No,No internet service,No internet service,No internet service,No internet service,No internet service,No internet service,Month-to-month,No,Mailed check,35.32,223.41,No
5738-MULRD,Female,0,No,No,72,Yes,No,Fiber optic,No,Yes,No,No,No,No,Month-to-month,Yes,Credit card (automatic),101.98,7359.93,No
7937-XBFWE,Female,0,Yes,Yes,56,No,No phone service,Fiber optic,Yes,No,No,No,Yes,Yes,One year,No,Credit card (automatic),90.05,5040.97,No
1163-RDKVS,Male,0,No,No,12,Yes,No,Fiber optic,No,Yes,No,Yes,Yes,No,Month-to-month,Yes,Credit card (automatic),113.46,1349.42,Yes
9269-DCKKZ,Male,0,No,Yes,72,Yes,No,No,No internet service,No internet service,No internet service,No internet service,No internet service,No internet service,Month-to-month,No,Electronic check,43.29,3095.95,No
7671-PJZZN,Male,0,No,No,72,Yes,Yes,Fiber optic,Yes,No,Yes,No,No,Yes,Two year,Yes,Electronic check,107.23,7731.17,No
2559-ZLGUW,Female,0,No,Yes,72,Yes,Yes,DSL,No,No,Yes,No,Yes,Yes,One year,Yes,Credit card (automatic),83.04,5976.1,No
9127-HLUWZ,Male,0,No,No,20,Yes,Yes,Fiber optic,Yes,No,No,No,No,Yes,Month-to-month,No,Bank transfer (automatic),101.21,1997.56,No
8633-HNUDO,Female,0,No,Yes,24,Yes,No,Fiber optic,No,No,No,No,Yes,Yes,Month-to-month,No,Mailed check,111.93,2691.52,No
9813-EQLYW,Female,0,No,No,38,Yes,Yes,No,No internet service,No internet service,No internet service,No internet service,No internet service,No internet service,One year,No,Mailed check,36.44,1392.91,No
6673-HVLSR,Female,0,No,No,13,No,No phone service,Fiber optic,No,No,No,Yes,No,No,Month-to-month,No,Mailed check,70.32,920.83,Yes
4939-MMTSY,Male,0,Yes,Yes,53,Yes,Yes,No,No internet service,No internet service,No internet service,No internet service,No internet service,No internet service,Month-to-month,No,Mailed check,46.89,2501.4,No
3471-VNCLV,Female,0,No,No,33,Yes,No,No,No internet service,No internet service,No internet service,No internet service,No internet service,No internet service,Two year,No,Mailed check,35.07,1112.74,No
2331-PLNDF,Female,0,No,Yes,52,Yes,No,DSL,Yes,No,Yes,No,Yes,No,One year,No,Mailed check,83.87,4357.85,No
2365-NWRHI,Female,0,Yes,No,17,Yes,No,No,No internet service,No internet service,No internet service,No internet service,No internet service,No internet service,Month-to-month,Yes,Electronic check,32.88,538.03,No
5196-PAFYD,Female,0,No,No,31,Yes,Yes,Fiber optic,No,No,Yes,Yes,No,Yes,One year,No,Mailed check,110.57,3422.1,Yes
7930-CWHVR,Female,0,No,No,8,Yes,No,No,No internet service,No internet service,No internet service,No internet service,No internet service,No internet service,One year,No,Electronic check,43.4,362.7,Yes
5561-YKLSZ,Male,0,No,No,16,Yes,No,Fiber optic,No,No,No,Yes,Yes,Yes,Month-to-month,No,Electronic check,102.5,1654.27,Yes
7255-VOGSH,Female,0,No,No,19,Yes,Yes,Fiber optic,Yes,Yes,Yes,No,No,Yes,One year,No,Bank transfer (automatic),120.0,2292.09,Yes
5227-KNHNN,Female,0,Yes,No,39,Yes,Yes,DSL,Yes,No,No,No,No,No,One year,No,Credit card (automatic),65.81,2518.23,No
8816-AZZJE,Male,0,No,No,49,Yes,No,DSL,No,Yes,Yes,No,No,No,Month-to-month,Yes,Electronic check,83.98,4134.52,No
5982-RWPMJ,Male,0,No,No,10,Yes,No,Fiber optic,No,No,No,No,Yes,No,Month-to-month,Yes,Credit card (automatic),87.64,886.87,Yes
1649-AWTDZ,Female,0,No,No,61,Yes,Yes,DSL,No,Yes,Yes,No,No,Yes,Month-to-month,No,Bank transfer (automatic),91.21,5586.84,Yes
5486-QMLDM,Male,0,Yes,No,36,Yes,No,DSL,No,No,Yes,No,No,No,Two year,Yes,Credit card (automatic),73.95,2680.95,No
4724-ZNDRZ,Male,0,Yes,Yes,42,Yes,No,Fiber optic,No,No,No,No,No,Yes,Two year,Yes,Mailed check,101.86,4250.12,No
5790-RTVAY,Female,0,No,No,49,Yes,No,DSL,Yes,No,No,No,Yes,No,Two year,No,Bank transfer (automatic),75.47,3666.57,No
9566-OUXDK,Female,1,Yes,Yes,11,Yes,Yes,Fiber optic,No,No,Yes,No,No,No,Month-to-month,Yes,Mailed check,101.26,1095.1,Yes
6712-BXLIB,Female,0,Yes,No,60,Yes,No,Fiber optic,No,Yes,No,Yes,No,No,One year,No,Credit card (automatic),108.24,6485.65,No
2959-QOKAM,Male,0,No,No,15,Yes,No,DSL,No,Yes,Yes,No,No,No,One year,Yes,Electronic check,86.56,1293.35,No
1103-HBVTP,Male,0,No,No,23,Yes,No,Fiber optic,No,Yes,No,No,No,Yes,Month-to-month,No,Electronic check,102.7,2404.38,Yes
3350-PWCQF,Female,0,No,Yes,21,Yes,No,DSL,Yes,No,No,Yes,Yes,Yes,Two year,Yes,Credit card (automatic),98.45,2038.63,No
7589-GQNOP,Female,1,No,Yes,72,Yes,Yes,DSL,Yes,No,Yes,No,No,No,Month-to-month,Yes,Electronic check,78.73,5660.42,No
4503-DSDRC,Male,0,No,No,12,Yes,No,DSL,No,No,No,No,No,No,Month-to-month,No,Credit card (automatic),59.73,721.76,No
1954-NCNON,Male,0,No,No,72,Yes,Yes,DSL,No,No,No,Yes,No,Yes,Two year,Yes,Electronic check,84.69,6102.21,No
1186-RTRIA,Male,0,No,No,70,Yes,Yes,DSL,No,No,No,No,No,No,One year,No,Electronic check,63.36,4429.43,No
1483-KZDJL,Female,0,No,No,8,No,No phone service,Fiber optic,No,No,Yes,No,Yes,No,Month-to-month,No,Electronic check,88.63,720.82,Yes
9496-FRVCW,Male,0,No,Yes,15,Yes,No,Fiber optic,No,Yes,Yes,No,Yes,No,Month-to-month,Yes,Bank transfer (automatic),108.72,1681.47,Yes
3812-PMKDN,Female,0,Yes,No,15,Yes,No,DSL,No,No,No,Yes,No,No,One year,No,Bank transfer (automatic),66.07,982.56,No
7126-QVOTT,Male,1,Yes,No,42,No,No phone service,Fiber optic,No,No,No,No,No,No,Month-to-month,Yes,Credit card (automatic),70.59,2988.7,No
6136-DFKYU,Female,1,No,Yes,61,No,No phone service,No,No internet service,No internet service,No internet service,No internet service,No internet service,No internet service,One year,Yes,Bank transfer (automatic),19.01,1153.51,No
5702-NAGQS,Male,0,No,No,15,Yes,No,Fiber optic,No,No,No,No,Yes,No,Two year,No,Bank transfer (automatic),94.51,1392.04,No
4154-XNYCG,Female,1,No,Yes,6,Yes,No,No,No internet service,No internet service,No internet service,No internet service,No internet service,No internet service,Month-to-month,Yes,Bank transfer (automatic),40.83,261.54,Yes
1217-FUCXS,Female,0,No,Yes,42,Yes,Yes,DSL,No,No,No,No,No,No,One year,Yes,Mailed check,61.74,2610.39,No
8760-UGUDC,Male,0,No,Yes,28,Yes,No,Fiber optic,No,Yes,No,No,Yes,No,Month-to-month,No,Bank transfer (automatic),110.04,3095.38,No
6752-KUDLH,Male,1,Yes,No,7,No,No phone service,Fiber optic,Yes,Yes,No,No,Yes,No,One year,Yes,Credit card (automatic),88.8,665.67,Yes
5254-UNSCQ,Female,0,No,No,38,Yes,No,Fiber optic,No,No,No,No,No,Yes,Month-to-month,Yes,Credit card (automatic),92.63,3487.91,No
7093-UZSJR,Female,0,No,Yes,27,Yes,No,Fiber optic,No,No,No,No,Yes,Yes,Month-to-month,Yes,Electronic check,104.49,2834.51,Yes
2982-GPLWI,Female,0,Yes,No,10,Yes,No,Fiber optic,No,No,No,No,Yes,No,Month-to-month,Yes,Mailed check,97.56,954.97,Yes
7091-SVNKZ,Female,0,No,No,17,Yes,Yes,No,No internet service,No internet service,No internet service,No internet service,No internet service,No internet service,Month-to-month,Yes,Bank transfer (automatic),39.7,678.89,No
8156-KCKFY,Female,0,No,No,72,Yes,Yes,Fiber optic,No,No,No,No,No,Yes,One year,Yes,Bank transfer (automatic),90.87,6532.21,No
8943-ARLYO,Female,0,No,Yes,1,Yes,No,Fiber optic,No,No,No,Yes,Yes,No,Month-to-month,No,Electronic check,101.21,109.04,Yes
8307-ZWBRF,Male,0,Yes,Yes,11,Yes,No,DSL,No,No,Yes,No,Yes,No,Month-to-month,No,Credit card (automatic),72.88,803.97,Yes
2964-DWXIF,Female,0,Yes,Yes,7,Yes,No,Fiber optic,No,No,No,No,No,No,Two year,Yes,Mailed check,88.14,622.72,No
2932-EUDVG,Male,0,No,No,21,Yes,No,Fiber optic,Yes,No,No,No,No,No,Month-to-month,No,Electronic check,95.05,1973.04,Yes
4268-NGRDW,Male,0,No,No,30,Yes,No,Fiber optic,No,No,Yes,No,No,No,Month-to-month,Yes,Bank transfer (automatic),97.4,2934.66,Yes
7129-LKXLF,Male,0,No,Yes,24,Yes,No,No,No internet service,No internet service,No internet service,No internet service,No internet service,No internet service,Month-to-month,Yes,Bank transfer (automatic),37.67,878.2,No
9638-WXGPW,Male,0,Yes,No,26,Yes,Yes,Fiber optic,No,No,No,No,Yes,No,Two year,Yes,Credit card (automatic),97.73,2554.46,Yes
2232-XKQCK,Male,0,No,Yes,31,Yes,Yes,Fiber optic,No,Yes,No,No,No,No,Month-to-month,No,Electronic check,93.01,2877.99,No
4519-HFPQT,Female,0,Yes,Yes,17,Yes,Yes,Fiber optic,No,No,No,No,Yes,No,Month-to-month,Yes,Electronic check,108.12,1847.89,Yes
4064-CTLVD,Male,0,Yes,No,72,Yes,No,DSL,Yes,Yes,No,No,No,Yes,Two year,No,Credit card (automatic),87.99,6309.13,No
8057-KNOFJ,Male,1,Yes,Yes,28,Yes,Yes,Fiber optic,No,No,Yes,No,Yes,No,Month-to-month,No,Mailed check,99.84,2816.13,No
4570-HKMHH,Male,0,No,Yes,8,Yes,Yes,Fiber optic,No,No,Yes,No,No,No,Two year,No,Electronic check,89.56,703.45,Yes
7006-EJGBG,Female,0,No,No,25,Yes,No,No,No internet service,No internet service,No internet service,No internet service,No internet service,No internet service,Month-to-month,No,Bank transfer (automatic),48.04,1191.81,No
5800-XAOKT,Female,0,Yes,No,42,Yes,Yes,No,No internet service,No internet service,No internet service,No internet service,No internet service,No internet service,Month-to-month,Yes,Credit card (automatic),40.18,1669.71,No
5147-TVNVP,Female,0,No,No,47,No,No phone service,DSL,No,No,Yes,Yes,No,Yes,One year,No,Credit card (automatic),64.54,3030.7,No
6243-HDPIA,Male,0,No,No,38,Yes,No,DSL,Yes,No,No,Yes,No,No,Month-to-month,Yes,Credit card (automatic),72.29,2768.12,No
5248-PRAZU,Female,0,No,No,29,Yes,Yes,Fiber optic,Yes,Yes,Yes,No,No,No,Month-to-month,Yes,Electronic check,110.95,3227.11,Yes
1772-YCGFD,Female,0,No,No,11,Yes,Yes,DSL,No,No,Yes,Yes,No,Yes,Month-to-month,Yes,Credit card (automatic),86.87,943.11,Yes
5611-UDEUG,Male,1,No,No,34,Yes,No,DSL,No,Yes,Yes,No,Yes,No,Month-to-month,Yes,Electronic check,87.92,3003.22,Yes
2814-EWVLC,Female,0,Yes,No,24,Yes,No,Fiber optic,No,No,Yes,No,Yes,Yes,Two year,No,Mailed check,114.5,2754.5,No
4144-VEGGQ,Male,0,Yes,Yes,14,Yes,No,No,No internet service,No internet service,No internet service,No internet service,No internet service,No internet service,Two year,Yes,Electronic check,38.74,556.37,No
9832-MCTAR,Female,0,No,No,28,No,No phone service,DSL,Yes,No,Yes,No,Yes,No,Month-to-month,Yes,Mailed check,63.53,1747.22,Yes
2379-LWEJS,Female,1,No,Yes,49,Yes,No,No,No internet service,No internet service,No internet service,No internet service,No internet service,No internet service,Month-to-month,No,Electronic check,45.08,2225.64,No
7749-NZYBD,Male,1,No,No,6,Yes,No,Fiber optic,No,No,No,Yes,No,No,Two year,Yes,Credit card (automatic),91.87,533.11,No
4226-CUNCZ,Female,0,No,No,11,Yes,Yes,Fiber optic,No,No,Yes,Yes,No,No,One year,Yes,Credit card (automatic),106.47,1161.97,Yes
9092-FJAAT,Male,0,No,No,44,Yes,Yes,DSL,No,Yes,No,No,No,No,One year,Yes,Electronic check,65.38,2854.16,No
6097-PFXHS,Male,0,No,No,9,Yes,Yes,DSL,Yes,No,No,Yes,No,No,Two year,Yes,Electronic check,83.21,784.57,No
2340-KFGYM,Female,0,No,No,58,Yes,No,DSL,No,No,No,Yes,Yes,No,Month-to-month,No,Electronic check,89.19,5182.85,No
5322-FFJLE,Female,0,Yes,Yes,22,Yes,No,No,No internet service,No internet service,No internet service,No internet service,No internet service,No internet service,Month-to-month,No,Mailed check,37.47,848.66,Yes
7685-NRIWU,Female,0,No,No,38,Yes,Yes,No,No internet service,No internet service,No internet service,No internet service,No internet service,No internet service,Two year,No,Credit card (automatic),40.34,1532.47,No
2242-HNDQH,Female,1,No,Yes,43,Yes,No,DSL,No,No,No,No,No,Yes,Month-to-month,Yes,Bank transfer (automatic),71.1,3041.68,Yes
5265-MSGMJ,Male,0,Yes,No,25,Yes,No,Fiber optic,No,Yes,No,No,No,Yes,One year,No,Mailed check,102.9,2564.68,No
3845-RMREL,Female,0,Yes,No,62,Yes,Yes,Fiber optic,Yes,Yes,No,Yes,Yes,No,Two year,No,Credit card (automatic),118.6,7353.83,No
3256-QRLOI,Female,0,No,No,29,Yes,No,DSL,No,No,Yes,Yes,Yes,No,Month-to-month,No,Mailed check,95.07,2730.18,No
6301-ZVNFI,Female,0,No,No,31,Yes,No,No,No internet service,No internet service,No internet service,No internet service,No internet service,No internet service,Two year,Yes,Bank transfer (automatic),40.07,1230.58,No
5929-SGSMJ,Female,0,Yes,Yes,8,Yes,No,Fiber optic,Yes,Yes,No,Yes,No,Yes,Month-to-month,No,Mailed check,108.92,846.33,No
9374-QIUTD,Female,0,Yes,Yes,72,Yes,Yes,Fiber optic,Yes,No,Yes,No,Yes,Yes,Two year,Yes,Bank transfer (automatic),111.31,7984.55,No
3356-GKCEF,Female,0,Yes,No,49,Yes,No,DSL,No,No,No,No,Yes,Yes,Month-to-month,Yes,Mailed check,80.21,3935.43,No
3146-OIOOA,Male,0,Yes,Yes,10,Yes,Yes,DSL,Yes,No,No,No,No,No,Month-to-month,No,Electronic check,79.78,840.68,No
5223-SQAGB,Male,0,No,No,8,Yes,No,Fiber optic,No,No,No,No,Yes,No,One year,No,Bank transfer (automatic),92.69,761.37,No
7685-AQZCV,Male,0,No,No,19,Yes,No,Fiber optic,No,No,No,No,Yes,No,Two year,No,Electronic check,101.98,1957.69,No
7296-ILCQN,Female,0,No,No,21,Yes,No,Fiber optic,Yes,No,Yes,Yes,Yes,No,Two year,Yes,Mailed check,107.58,2255.65,No
4440-CQNLD,Female,0,Yes,Yes,27,Yes,No,No,No internet service,No internet service,No internet service,No internet service,No internet service,No internet service,One year,Yes,Bank transfer (automatic),47.98,1310.53,No
4389-RKQAN,Male,1,Yes,Yes,59,Yes,No,Fiber optic,No,Yes,No,Yes,Yes,Yes,Two year,No,Mailed check,116.07,6854.52,No
7750-GTVIT,Female,1,Yes,No,61,No,No phone service,No,No internet service,No internet service,No internet service,No internet service,No internet service,No internet service,One year,Yes,Electronic check,19.6,1175.63,No
2178-PBTGW,Female,0,No,No,48,Yes,No,Fiber optic,No,Yes,No,Yes,Yes,No,Two year,Yes,Credit card (automatic),108.49,5193.09,Yes
4344-EZLGP,Male,0,No,No,4,Yes,No,No,No internet service,No internet service,No internet service,No internet service,No internet service,No internet service,Month-to-month,Yes,Electronic check,47.27,187.61,No
9713-LKNOY,Male,0,Yes,No,72,No,No phone service,DSL,No,Yes,No,No,No,No,Month-to-month,No,Electronic check,50.86,3682.28,No
6620-FPMDQ,Female,0,No,No,53,Yes,No,DSL,No,No,No,Yes,Yes,No,Month-to-month,Yes,Electronic check,87.53,4666.72,No
2626-NFISR,Male,0,Yes,Yes,40,Yes,No,No,No internet service,No internet service,No internet service,No internet service,No internet service,No internet service,Two year,Yes,Electronic check,47.9,1931.69,No
5448-SUJZN,Female,0,Yes,No,22,Yes,Yes,DSL,No,No,Yes,No,No,No,Month-to-month,No,Mailed check,71.82,1629.23,Yes
4600-QCQQO,Female,0,No,No,38,Yes,No,DSL,Yes,No,No,No,Yes,No,Month-to-month,No,Bank transfer (automatic),84.46,3206.81,No
2470-AJIIT,Female,0,Yes,No,6,Yes,No,Fiber optic,No,No,No,No,No,Yes,Month-to-month,No,Credit card (automatic),94.62,555.92,No
9986-GXFJT,Male,0,No,No,37,Yes,No,Fiber optic,Yes,Yes,No,No,No,No,Month-to-month,Yes,Mailed check,107.07,3949.63,No
5595-GGNMK,Female,0,Yes,No,51,Yes,No,DSL,Yes,No,No,Yes,No,No,One year,Yes,Electronic check,84.56,4311.17,No
1266-NCCHY,Male,0,No,No,33,Yes,Yes,Fiber optic,Yes,Yes,No,Yes,Yes,No,Month-to-month,Yes,Credit card (automatic),120.0,3931.93,Yes
9673-SBHQZ,Male,0,Yes,Yes,22,Yes,No,DSL,No,No,Yes,No,No,Yes,Two year,Yes,Credit card (automatic),82.09,1787.83,No
2339-FLCAN,Male,0,Yes,Yes,63,Yes,Yes,DSL,No,Yes,Yes,No,No,No,Two year,Yes,Electronic check,85.01,5365.23,No
5923-UMNYZ,Male,0,Yes,No,72,Yes,No,No,No internet service,No internet service,No internet service,No internet service,No internet service,No internet service,One year,No,Bank transfer (automatic),36.43,2644.82,No
3851-RVQUV,Male,0,No,No,40,Yes,No,DSL,Yes,No,No,No,Yes,Yes,Month-to-month,No,Credit card (automatic),85.94,3419.52,No
3399-ILWSY,Female,0,No,No,50,Yes,Yes,Fiber optic,No,Yes,Yes,Yes,No,No,Two year,Yes,Credit card (automatic),103.65,5153.87,No
5361-SLAVD,Male,1,No,No,26,Yes,No,DSL,No,No,No,Yes,Yes,No,Month-to-month,Yes,Mailed check,84.98,2188.83,No
8320-OIRVV,Female,0,Yes,No,19,No,No phone service,No,No internet service,No internet service,No internet service,No internet service,No internet service,No internet service,Month-to-month,Yes,Bank transfer (automatic),18.25,347.6,No
4978-JEKNF,Male,1,Yes,Yes,53,Yes,No,DSL,No,No,Yes,No,Yes,No,Month-to-month,Yes,Bank transfer (automatic),74.64,3963.12,No
6182-FDWQU,Male,0,Yes,No,72,No,No phone service,DSL,Yes,No,No,Yes,Yes,Yes,Month-to-month,Yes,Bank transfer (automatic),79.59,5766.1,No
2904-KHEGR,Female,0,No,Yes,15,No,No phone service,Fiber optic,No,Yes,No,No,No,No,One year,Yes,Credit card (automatic),76.65,1145.44,No
8742-SXNLF,Female,0,Yes,No,11,Yes,No,DSL,No,No,No,No,No,No,Month-to-month,Yes,Mailed check,72.45,758.63,Yes
4050-KBXYN,Female,0,Yes,No,17,Yes,Yes,DSL,Yes,No,No,No,Yes,Yes,Two year,Yes,Electronic check,81.46,1404.98,Yes
3359-FJOMG,Female,0,No,Yes,14,Yes,No,DSL,No,Yes,Yes,Yes,No,No,One year,No,Bank transfer (automatic),87.78,1242.79,No
3971-HRJWS,Male,1,No,No,66,Yes,Yes,Fiber optic,No,No,No,No,Yes,Yes,Month-to-month,Yes,Credit card (automatic),108.08,7137.5,No
5522-NTILA,Male,0,Yes,No,61,Yes,No,No,No internet service,No internet service,No internet service,No internet service,No internet service,No internet service,Month-to-month,Yes,Credit card (automatic),43.74,2667.37,No
3217-DJNVZ,Female,0,Yes,No,17,Yes,No,Fiber optic,No,No,Yes,Yes,No,Yes,One year,Yes,Electronic check,117.43,2026.97,Yes
2663-BMBGY,Female,0,Yes,Yes,32,Yes,No,No,No internet service,No internet service,No internet service,No internet service,No internet service,No internet service,Month-to-month,Yes,Credit card (automatic),42.94,1385.37,No
6914-VVAAE,Male,0,No,Yes,11,Yes,No,No,No internet service,No internet service,No internet service,No internet service,No internet service,No internet service,Month-to-month,Yes,Electronic check,41.79,447.47,No
6682-OQLUT,Male,0,Yes,No,25,Yes,No,No,No internet service,No internet service,No internet service,No internet service,No internet service,No internet service,One year,Yes,Credit card (automatic),43.88,1081.54,No
5967-HMQPO,Female,0,No,No,10,No,No phone service,No,No internet service,No internet service,No internet service,No internet service,No internet service,No internet service,Month-to-month,No,Bank transfer (automatic),18.25,183.39,No
2004-SROIY,Female,0,Yes,No,22,Yes,No,No,No internet service,No internet service,No internet service,No internet service,No internet service,No internet service,Month-to-month,Yes,Electronic check,38.64,865.84,No
7592-ABZCM,Male,0,No,Yes,11,Yes,No,DSL,No,Yes,Yes,Yes,No,Yes,Month-to-month,No,Electronic check,99.95,1071.68,No
9116-HRHZM,Male,0,No,No,63,Yes,Yes,DSL,No,No,No,No,No,Yes,One year,Yes,Electronic check,64.95,4056.8,No
1218-KHUCC,Female,0,Yes,No,32,Yes,No,DSL,No,No,No,No,Yes,No,Month-to-month,No,Electronic check,78.5,2495.52,No
4375-MPXGD,Male,0,Yes,Yes,36,No,No phone service,Fiber optic,No,Yes,No,No,No,No,Two year,No,Electronic check,81.21,2880.16,No
3634-YDBDP,Male,0,Yes,No,15,Yes,No,Fiber optic,No,No,No,No,No,Yes,Month-to-month,Yes,Credit card (automatic),94.54,1395.11,Yes
3008-FIPWV,Male,0,No,No,20,Yes,No,Fiber optic,No,No,No,Yes,No,No,Month-to-month,Yes,Electronic check,91.43,1866.0,Yes
6299-DAJJY,Female,0,No,No,30,Yes,Yes,No,No internet service,No internet service,No internet service,No internet service,No internet service,No internet service,Two year,No,Credit card (automatic),40.31,1219.44,No
9360-AQAKJ,Male,0,No,No,72,Yes,No,DSL,No,Yes,No,No,No,No,One year,No,Electronic check,72.88,5260.72,No
5571-ARMJZ,Male,0,Yes,Yes,28,Yes,No,No,No internet service,No internet service,No internet service,No internet service,No internet service,No internet service,Two year,Yes,Bank transfer (automatic),42.04,1177.22,No
8332-TXCRQ,Male,0,Yes,No,70,Yes,No,Fiber optic,No,Yes,No,No,Yes,No,Month-to-month,No,Bank transfer (automatic),100.57,7025.01,No
9752-OXZVZ,Female,0,No,Yes,21,Yes,No,Fiber optic,No,Yes,No,Yes,No,Yes,Month-to-month,Yes,Electronic check,106.55,2228.73,No
7993-ROHPE,Male,0,No,No,29,Yes,Yes,DSL,No,Yes,No,No,Yes,No,One year,Yes,Mailed check,74.54,2125.36,No
7673-CFGPE,Male,0,No,No,60,No,No phone service,DSL,No,No,No,Yes,Yes,Yes,Two year,No,Bank transfer (automatic),68.85,4148.34,No
8840-TRPTJ,Male,0,No,No,46,Yes,Yes,Fiber optic,No,Yes,No,Yes,Yes,No,Two year,No,Electronic check,106.28,4883.44,No
3299-GELXI,Female,0,No,No,14,Yes,Yes,No,No internet service,No internet service,No internet service,No internet service,No internet service,No internet service,One year,Yes,Mailed check,41.22,563.23,No
5992-AINIP,Female,0,No,No,37,Yes,Yes,Fiber optic,Yes,No,Yes,No,No,No,Two year,Yes,Bank transfer (automatic),104.29,3846.39,No
4335-KJUQM,Female,0,No,Yes,38,Yes,Yes,No,No internet service,No internet service,No internet service,No internet service,No internet service,No internet service,Month-to-month,No,Electronic check,30.0,1167.52,No
3786-QRTOB,Male,0,No,No,43,Yes,Yes,DSL,No,No,No,Yes,No,No,One year,No,Electronic check,67.88,2889.71,Yes
8868-WFKNS,Female,1,No,No,15,Yes,No,Fiber optic,Yes,No,Yes,Yes,No,Yes,One year,Yes,Electronic check,116.41,1751.41,No
1670-EVUFP,Male,0,No,No,9,Yes,Yes,Fiber optic,No,Yes,No,No,No,Yes,Month-to-month,Yes,Bank transfer (automatic),111.16,988.96,No
2556-BNPKL,Female,0,Yes,No,72,Yes,No,DSL,No,No,Yes,No,Yes,Yes,Month-to-month,Yes,Credit card (automatic),85.56,6170.71,No
3793-GDYPE,Male,0,No,No,72,Yes,No,Fiber optic,Yes,Yes,Yes,Yes,No,No,Month-to-month,Yes,Electronic check,116.79,8398.13,Yes
7893-GLAXW,Female,0,No,No,42,Yes,No,DSL,No,Yes,Yes,No,Yes,No,Month-to-month,Yes,Mailed check,85.88,3588.57,Yes
9111-IYIUC,Female,0,Yes,No,20,Yes,No,Fiber optic,No,No,No,No,Yes,No,Month-to-month,No,Electronic check,95.94,1938.89,Yes
8830-ZWAWH,Male,0,No,No,66,Yes,No,No,No internet service,No internet service,No internet service,No internet service,No internet service,No internet service,Month-to-month,No,Credit card (automatic),42.94,2819.03,No
4230-VIWZE,Female,0,Yes,No,13,Yes,No,No,No internet service,No internet service,No internet service,No internet service,No internet service,No internet service,One year,No,Credit card (automatic),39.8,532.55,No
5513-GBDPH,Male,0,Yes,Yes,14,Yes,Yes,DSL,Yes,No,No,Yes,No,Yes,Month-to-month,Yes,Mailed check,81.48,1151.3,No
5254-IOHBG,Male,0,Yes,No,72,Yes,Yes,Fiber optic,No,No,Yes,Yes,Yes,No,Month-to-month,Yes,Electronic check,115.61,8351.26,No
7737-UQDEK,Male,1,No,No,72,Yes,No,Fiber optic,No,No,Yes,No,No,No,One year,No,Bank transfer (automatic),92.46,6644.63,No
4223-VSPHB,Female,0,No,No,18,Yes,No,Fiber optic,No,No,Yes,Yes,Yes,No,Month-to-month,No,Bank transfer (automatic),115.51,2077.98,No
8268-MMWCA,Male,0,No,No,15,Yes,No,DSL,No,No,No,No,No,Yes,Month-to-month,Yes,Bank transfer (automatic),77.76,1133.72,No
3546-OZESK,Female,0,Yes,No,28,Yes,No,Fiber optic,No,Yes,No,No,Yes,Yes,Two year,Yes,Electronic check,111.37,3106.15,No
7580-BTPIW,Female,0,No,No,12,Yes,No,Fiber optic,No,No,No,No,Yes,No,Two year,No,Electronic check,100.1,1186.48,No
6759-KDEZV,Female,0,Yes,No,8,Yes,No,No,No internet service,No internet service,No internet service,No internet service,No internet service,No internet service,One year,Yes,Electronic check,42.65,305.86,No
6557-TBGVH,Female,1,Yes,Yes,8,Yes,No,No,No internet service,No internet service,No internet service,No internet service,No internet service,No internet service,One year,No,Bank transfer (automatic),35.8,276.76,No
4442-QAULO,Male,1,Yes,No,36,Yes,No,Fiber optic,No,No,Yes,No,Yes,Yes,Month-to-month,No,Mailed check,115.17,4126.48,Yes
1750-CPKHF,Female,0,No,No,27,Yes,No,DSL,No,No,No,No,No,Yes,Month-to-month,Yes,Electronic check,74.72,2015.11,No
3582-HLRWF,Male,0,Yes,No,59,Yes,No,Fiber optic,Yes,No,Yes,No,No,No,Month-to-month,Yes,Credit card (automatic),102.68,6067.44,Yes
2814-VYWDJ,Female,0,No,No,72,Yes,Yes,No,No internet service,No internet service,No internet service,No internet service,No internet service,No internet service,Month-to-month,Yes,Credit card (automatic),41.97,3032.83,No
3485-HVCZT,Male,0,No,No,41,Yes,No,DSL,No,Yes,No,Yes,Yes,No,Two year,No,Credit card (automatic),89.5,3672.74,No
3333-BPKNW,Female,0,Yes,No,12,Yes,Yes,No,No internet service,No internet service,No internet service,No internet service,No internet service,No internet service,Two year,Yes,Bank transfer (automatic),37.39,456.67,No
8771-VDVTM,Female,1,No,No,4,No,No phone service,DSL,Yes,No,Yes,Yes,Yes,No,One year,Yes,Bank transfer (automatic),70.36,283.57,No
5017-ZXTDB,Female,0,Yes,Yes,21,Yes,No,No,No internet service,No internet service,No internet service,No internet service,No internet service,No internet service,One year,Yes,Mailed check,36.52,731.66,Yes
2117-PVPPW,Male,0,Yes,No,19,Yes,Yes,No,No internet service,No internet service,No internet service,No internet service,No internet service,No internet service,One year,Yes,Electronic check,39.34,746.39,No
8736-PBSCE,Female,0,Yes,Yes,12,Yes,No,No,No internet service,No internet service,No internet service,No internet service,No internet service,No internet service,Month-to-month,No,Bank transfer (automatic),35.51,428.52,No
5088-DPQRO,Male,0,No,No,40,Yes,No,Fiber optic,Yes,No,Yes,No,Yes,Yes,Two year,Yes,Mailed check,115.88,4634.05,No
7198-GKMXG,Male,1,No,No,42,Yes,No,No,No internet service,No internet service,No internet service,No internet service,No internet service,No internet service,One year,Yes,Mailed check,37.73,1604.31,No
9272-XJQLV,Male,0,No,No,35,Yes,Yes,Fiber optic,Yes,Yes,No,No,No,No,One year,Yes,Bank transfer (automatic),104.57,3654.48,No
2281-EPXRI,Female,0,No,No,72,Yes,Yes,DSL,No,No,No,Yes,No,No,Month-to-month,No,Mailed check,64.06,4619.73,No
4718-IITQN,Female,1,Yes,No,8,Yes,No,Fiber optic,Yes,Yes,No,No,No,No,Month-to-month,Yes,Bank transfer (automatic),111.33,908.51,No
6057-THEGU,Female,0,No,No,22,Yes,Yes,No,No internet service,No internet service,No internet service,No internet service,No internet service,No internet service,Month-to-month,Yes,Electronic check,52.4,1143.73,Yes
6376-RKMEJ,Male,0,Yes,No,28,Yes,Yes,DSL,No,No,No,No,No,No,Month-to-month,Yes,Credit card (automatic),66.46,1887.45,Yes
1022-MKMBN,Male,0,Yes,Yes,20,No,No phone service,Fiber optic,No,No,No,Yes,Yes,No,One year,Yes,Credit card (automatic),86.75,1734.5,No
3456-TVTOG,Female,0,No,Yes,18,Yes,Yes,Fiber optic,No,Yes,Yes,No,No,No,Two year,No,Bank transfer (automatic),99.79,1785.9,No
6430-GMOAB,Male,0,Yes,No,47,No,No phone service,No,No internet service,No internet service,No internet service,No internet service,No internet service,No internet service,One year,Yes,Mailed check,18.25,855.45,No
2884-YZMIG,Male,0,Yes,No,15,Yes,Yes,DSL,No,No,No,No,No,No,Month-to-month,No,Electronic check,70.04,1040.79,Yes
2825-RTGBO,Female,0,Yes,No,13,Yes,No,DSL,No,Yes,No,Yes,Yes,Yes,Month-to-month,No,Credit card (automatic),88.22,1152.93,Yes
7383-HAKVK,Male,1,Yes,Yes,42,Yes,No,DSL,No,No,No,No,No,No,Month-to-month,No,Electronic check,68.81,2908.78,No
8805-UKESJ,Female,0,No,Yes,41,Yes,Yes,Fiber optic,No,No,No,Yes,No,Yes,Month-to-month,Yes,Credit card (automatic),107.0,4405.74,No
3175-SSIFP,Female,1,No,No,7,Yes,Yes,Fiber optic,Yes,Yes,No,No,Yes,No,Month-to-month,Yes,Mailed check,109.92,735.0,Yes
9017-HSURO,Female,1,No,No,60,Yes,Yes,Fiber optic,No,No,No,No,No,Yes,Month-to-month,Yes,Credit card (automatic),99.37,5987.97,Yes
5437-JXLKK,Female,0,Yes,Yes,72,Yes,No,Fiber optic,Yes,No,Yes,Yes,No,Yes,Month-to-month,No,Mailed check,111.75,8058.96,No
6388-AOHQC,Female,0,No,Yes,5,Yes,Yes,Fiber optic,No,No,Yes,No,Yes,Yes,Month-to-month,No,Bank transfer (automatic),107.45,522.76,Yes
5408-LDPGG,Female,0,No,Yes,48,Yes,No,DSL,No,No,Yes,No,No,No,Month-to-month,Yes,Electronic check,74.1,3528.74,No
4021-BNIEV,Male,0,No,No,34,Yes,No,DSL,No,Yes,Yes,No,Yes,Yes,Two year,No,Credit card (automatic),98.24,3320.63,No
1571-QHNUJ,Male,0,No,No,31,Yes,No,Fiber optic,Yes,No,Yes,Yes,No,Yes,Two year,No,Mailed check,115.62,3600.91,No
7663-AKNCF,Male,0,No,No,62,Yes,No,No,No internet service,No internet service,No internet service,No internet service,No internet service,No internet service,Two year,No,Bank transfer (automatic),33.29,2086.03,No
9801-ZRINH,Female,0,No,No,33,Yes,Yes,Fiber optic,No,No,No,Yes,No,No,Month-to-month,No,Electronic check,97.91,3245.07,Yes
3961-JWCHS,Female,0,No,No,32,No,No phone service,Fiber optic,No,No,Yes,No,No,No,Month-to-month,No,Bank transfer (automatic),74.86,2404.92,No
9072-BQEFB,Male,0,Yes,No,19,Yes,No,No,No internet service,No internet service,No internet service,No internet service,No internet service,No internet service,One year,Yes,Mailed check,42.19,811.85,No
5265-KBSUP,Female,0,Yes,No,64,No,No phone service,Fiber optic,No,No,No,Yes,Yes,No,Two year,Yes,Mailed check,89.71,5704.68,No
2768-LHOEM,Male,0,No,No,7,Yes,No,DSL,No,No,No,No,No,Yes,One year,No,Mailed check,70.2,483.74,No
1408-GLFXM,Female,0,Yes,No,54,Yes,No,Fiber optic,No,No,No,Yes,Yes,Yes,Two year,Yes,Mailed check,109.1,5911.74,No
5539-NQOAC,Female,1,Yes,No,15,Yes,Yes,DSL,No,No,No,Yes,No,No,Month-to-month,Yes,Credit card (automatic),69.98,1067.87,No
5961-HULYT,Female,1,No,No,27,Yes,Yes,No,No internet service,No internet service,No internet service,No internet service,No internet service,No internet service,Two year,No,Mailed check,36.32,1021.93,No
6294-TETTZ,Male,0,Yes,No,12,Yes,No,No,No internet service,No internet service,No internet service,No internet service,No internet service,No internet service,Two year,Yes,Credit card (automatic),43.07,519.77,No
9909-WPYRH,Male,0,Yes,Yes,21,Yes,No,DSL,No,No,No,No,No,No,Month-to-month,Yes,Electronic check,63.23,1333.55,No
4528-ZADDC,Female,0,No,No,14,No,No phone service,Fiber optic,Yes,Yes,No,Yes,No,No,Month-to-month,Yes,Mailed check,89.15,1276.9,No
9601-JLTMR,Female,0,Yes,No,23,Yes,Yes,DSL,No,No,No,No,Yes,Yes,One year,Yes,Bank transfer (automatic),78.26,1801.2,No
5086-BEYMC,Female,0,Yes,No,57,Yes,No,DSL,No,No,Yes,No,Yes,No,Month-to-month,Yes,Credit card (automatic),86.49,4937.35,No
3315-UOCXX,Male,0,Yes,Yes,19,Yes,No,DSL,No,No,No,No,No,No,Month-to-month,No,Mailed check,67.02,1276.02,No
9596-RSXYT,Male,0,Yes,No,40,Yes,No,DSL,No,No,No,No,No,Yes,One year,No,Bank transfer (automatic),71.22,2827.06,No
7110-AKPYD,Male,0,Yes,No,17,Yes,No,Fiber optic,No,Yes,Yes,Yes,No,No,One year,Yes,Bank transfer (automatic),110.89,1886.01,No
9385-QMFUK,Female,0,No,No,14,Yes,Yes,Fiber optic,No,No,No,No,No,No,Two year,Yes,Credit card (automatic),88.83,1256.42,No
6666-CHGXG,Male,1,Yes,No,29,No,No phone service,Fiber optic,Yes,No,Yes,No,Yes,No,Month-to-month,Yes,Credit card (automatic),93.11,2696.39,Yes
2730-CZNIU,Male,0,Yes,Yes,2,Yes,No,No,No internet service,No internet service,No internet service,No internet service,No internet service,No internet service,Two year,Yes,Mailed check,35.63,73.94,No
3707-ZKQPB,Male,0,No,Yes,18,Yes,Yes,No,No internet service,No internet service,No internet service,No internet service,No internet service,No internet service,Month-to-month,Yes,Credit card (automatic),35.9,675.35,Yes
1860-EKACP,Female,1,Yes,No,66,Yes,No,DSL,No,No,No,Yes,Yes,Yes,Two year,Yes,Credit card (automatic),81.1,5326.62,No
9724-LLHVM,Female,0,Yes,Yes,38,Yes,Yes,Fiber optic,Yes,No,Yes,Yes,No,No,Month-to-month,Yes,Mailed check,104.21,3972.09,No
5544-YPZIN,Female,0,Yes,No,27,No,No phone service,No,No internet service,No internet service,No internet service,No internet service,No internet service,No internet service,Month-to-month,Yes,Bank transfer (automatic),18.25,508.9,No
6480-IUVHU,Male,0,Yes,No,26,Yes,Yes,No,No internet service,No internet service,No internet service,No internet service,No internet service,No internet service,Two year,Yes,Electronic check,48.51,1235.75,No
8643-MHNAZ,Male,1,Yes,No,57,Yes,No,Fiber optic,No,No,No,No,Yes,No,Month-to-month,No,Electronic check,99.39,5688.07,Yes
9697-YYDOQ,Male,0,Yes,Yes,17,Yes,No,DSL,No,No,Yes,No,No,No,Two year,No,Electronic check,80.46,1427.83,No
7795-DRYMV,Male,0,No,No,22,Yes,No,Fiber optic,No,No,Yes,No,No,Yes,Month-to-month,Yes,Electronic check,108.23,2407.13,Yes
3681-YYVNX,Female,0,No,No,2,Yes,No,DSL,No,No,No,Yes,Yes,Yes,Month-to-month,No,Bank transfer (automatic),84.42,205.04,Yes
4995-GPUWW,Female,0,No,Yes,26,Yes,No,DSL,Yes,No,No,No,No,No,One year,Yes,Credit card (automatic),65.34,1673.81,No
5577-DDXMM,Female,0,Yes,Yes,40,Yes,Yes,DSL,No,Yes,Yes,No,Yes,No,Month-to-month,No,Electronic check,84.22,3384.45,No
2496-TGPPN,Male,0,No,No,18,Yes,Yes,Fiber optic,No,No,No,No,Yes,No,One year,No,Electronic check,92.94,1680.31,Yes
6021-QYRRO,Male,0,No,Yes,36,Yes,Yes,Fiber optic,Yes,No,No,No,Yes,No,Month-to-month,No,Electronic check,102.71,3688.82,Yes
4056-GGMCN,Female,0,Yes,Yes,22,Yes,No,Fiber optic,No,Yes,No,No,No,No,One year,No,Bank transfer (automatic),92.74,2080.13,Yes
4895-ZPITQ,Male,0,No,No,37,Yes,No,No,No internet service,No internet service,No internet service,No internet service,No internet service,No internet service,One year,No,Mailed check,46.43,1708.82,No
1094-DWKJA,Male,0,No,No,30,Yes,Yes,Fiber optic,No,No,No,No,No,No,Month-to-month,Yes,Bank transfer (automatic),87.12,2594.83,Yes
7608-XMMJS,Male,0,Yes,Yes,15,Yes,No,Fiber optic,No,No,No,No,Yes,Yes,Month-to-month,No,Electronic check,112.21,1688.69,Yes
9706-YYDQH,Male,0,No,No,22,Yes,No,No,No internet service,No internet service,No internet service,No internet service,No internet service,No internet service,One year,Yes,Bank transfer (automatic),39.32,849.31,No
9304-PAPNH,Female,0,Yes,No,26,Yes,No,DSL,No,Yes,No,No,No,No,Month-to-month,Yes,Bank transfer (automatic),64.5,1706.95,No
9438-SOHVB,Female,1,Yes,No,25,Yes,No,Fiber optic,Yes,No,Yes,No,No,Yes,One year,No,Credit card (automatic),117.31,2889.65,No
1312-GKGLJ,Male,1,Yes,No,72,Yes,Yes,DSL,No,No,Yes,No,No,Yes,Two year,Yes,Bank transfer (automatic),76.21,5480.22,No
5147-FJQJE,Female,0,Yes,Yes,25,Yes,Yes,No,No internet service,No internet service,No internet service,No internet service,No internet service,No internet service,Month-to-month,Yes,Credit card (automatic),47.61,1148.38,No
1419-RIYAY,Male,0,No,Yes,66,Yes,Yes,DSL,Yes,Yes,No,Yes,No,No,Month-to-month,Yes,Electronic check,88.18,5827.63,No
2835-RGNDN,Male,0,No,No,11,Yes,Yes,DSL,No,Yes,No,No,No,No,Two year,No,Mailed check,78.37,884.28,No
1107-WSKVE,Male,0,Yes,No,36,Yes,No,Fiber optic,No,No,Yes,No,Yes,Yes,Two year,Yes,Mailed check,105.4,3804.54,No
6755-POLGD,Female,0,No,No,48,Yes,No,No,No internet service,No internet service,No internet service,No internet service,No internet service,No internet service,Month-to-month,Yes,Credit card (automatic),41.83,2030.35,No
9414-RQSSH,Female,1,No,No,7,Yes,Yes,No,No internet service,No internet service,No internet service,No internet service,No internet service,No internet service,Two year,Yes,Mailed check,34.86,218.53,No
1595-UPSPB,Female,0,No,No,41,Yes,Yes,DSL,No,No,Yes,No,Yes,No,Month-to-month,No,Bank transfer (automatic),78.29,3212.01,No
2214-LMGDQ,Male,0,No,No,3,No,No phone service,No,No internet service,No internet service,No internet service,No internet service,No internet service,No internet service,One year,Yes,Credit card (automatic),20.39,60.84,No
1935-AJGYC,Male,1,No,No,17,Yes,Yes,DSL,No,No,Yes,No,No,No,Month-to-month,Yes,Electronic check,66.97,1134.2,No
4439-CYYGS,Female,0,No,No,28,Yes,No,DSL,Yes,Yes,No,No,Yes,Yes,Month-to-month,Yes,Electronic check,93.76,2607.91,No
4668-ZJVYN,Male,0,Yes,No,72,No,No phone service,DSL,Yes,No,No,No,No,No,Month-to-month,No,Electronic check,53.81,3886.25,No
6285-EKSSX,Male,0,No,No,41,Yes,No,DSL,Yes,Yes,Yes,No,No,Yes,Month-to-month,No,Electronic check,99.52,4052.26,No
6876-ZXHBO,Female,0,Yes,No,16,Yes,Yes,Fiber optic,No,No,No,No,No,No,Month-to-month,Yes,Mailed check,83.6,1337.4,Yes
7608-MMTEJ,Female,1,Yes,No,56,Yes,No,Fiber optic,Yes,No,No,No,No,Yes,Month-to-month,Yes,Electronic check,104.3,5843.76,No
2259-GNKTG,Male,0,Yes,No,9,Yes,Yes,Fiber optic,No,No,Yes,No,Yes,No,Two year,Yes,Electronic check,102.94,918.73,No
9727-DMTUV,Male,0,Yes,No,5,No,No phone service,Fiber optic,No,No,Yes,No,Yes,Yes,Month-to-month,Yes,Electronic check,86.6,404.87,Yes
3200-PDASX,Female,0,No,No,36,Yes,No,Fiber optic,Yes,No,No,No,No,No,One year,No,Electronic check,91.26,3291.7,No
7240-WJLCO,Male,1,No,No,18,Yes,No,No,No internet service,No internet service,No internet service,No internet service,No internet service,No internet service,Month-to-month,Yes,Mailed check,38.35,699.55,Yes
1074-WKUBN,Male,0,No,Yes,29,Yes,Yes,DSL,Yes,Yes,No,No,Yes,Yes,Two year,No,Bank transfer (automatic),93.27,2695.24,No
4684-IFTTN,Male,0,No,No,9,Yes,No,Fiber optic,No,No,No,No,Yes,No,Month-to-month,Yes,Electronic check,93.78,845.67,No
3323-YZIIS,Male,0,Yes,No,60,No,No phone service,No,No internet service,No internet service,No internet service,No internet service,No internet service,No internet service,Month-to-month,Yes,Credit card (automatic),21.36,1264.31,No
7278-JCZKJ,Female,1,No,No,56,Yes,No,DSL,No,No,Yes,No,No,No,One year,No,Electronic check,77.28,4357.46,Yes
5131-YCCZP,Female,0,Yes,Yes,7,Yes,Yes,DSL,No,No,No,Yes,No,No,Month-to-month,No,Electronic check,77.43,587.0,Yes
1788-TSALC,Female,0,Yes,No,11,Yes,Yes,DSL,Yes,No,No,No,No,Yes,Month-to-month,Yes,Electronic check,79.27,879.39,No
4688-MDYUU,Male,1,No,No,67,Yes,No,Fiber optic,No,No,No,No,Yes,No,Month-to-month,No,Electronic check,93.24,6261.84,No
4340-QYFEP,Male,0,No,Yes,18,Yes,Yes,DSL,No,No,Yes,No,No,No,Month-to-month,Yes,Credit card (automatic),72.19,1333.02,No
9984-PUXUP,Female,0,Yes,No,9,Yes,No,DSL,No,No,No,Yes,No,No,Month-to-month,No,Bank transfer (automatic),71.54,650.89,No
2461-FAOAB,Male,0,Yes,No,32,No,No phone service,Fiber optic,No,Yes,Yes,No,No,Yes,Two year,Yes,Electronic check,91.83,2966.67,No
7725-SUCZC,Female,0,Yes,Yes,19,Yes,No,Fiber optic,No,No,No,No,Yes,No,Month-to-month,Yes,Credit card (automatic),102.94,1931.04,Yes
2207-GRAJW,Female,0,No,Yes,9,Yes,Yes,No,No internet service,No internet service,No internet service,No internet service,No internet service,No internet service,Month-to-month,No,Bank transfer (automatic),39.33,301.3,No
4014-WLFNW,Male,0,Yes,No,72,Yes,No,Fiber optic,No,No,No,No,Yes,No,Month-to-month,Yes,Bank transfer (automatic),97.86,7060.39,Yes
6833-NOPTG,Female,0,Yes,No,4,Yes,Yes,No,No internet service,No internet service,No internet service,No internet service,No internet service,No internet service,Month-to-month,Yes,Mailed check,45.65,202.48,Yes
2286-TUREY,Female,0,No,No,24,Yes,Yes,Fiber optic,No,No,No,Yes,No,Yes,Month-to-month,No,Electronic check,99.64,2381.82,Yes
9561-EMWWO,Male,0,No,Yes,49,Yes,Yes,Fiber optic,Yes,No,No,No,No,Yes,Month-to-month,Yes,Mailed check,110.66,5405.34,No
4754-HNPEU,Female,1,Yes,Yes,63,Yes,No,Fiber optic,No,Yes,Yes,Yes,No,Yes,Month-to-month,No,Mailed check,119.49,7530.95,Yes
6190-SLRQN,Male,0,No,No,41,Yes,Yes,DSL,No,No,No,Yes,No,No,Two year,Yes,Credit card (automatic),80.22,3280.28,No
9677-FCYIH,Female,0,Yes,Yes,51,Yes,Yes,DSL,Yes,Yes,No,No,No,Yes,Month-to-month,Yes,Electronic check,85.23,4376.42,No
9348-XHJKB,Female,0,Yes,No,45,No,No phone service,DSL,No,No,No,Yes,No,No,Month-to-month,Yes,Electronic check,55.62,2466.06,No
1890-SCWKE,Male,0,No,Yes,28,Yes,Yes,DSL,Yes,No,No,No,No,Yes,One year,Yes,Bank transfer (automatic),71.17,1988.3,Yes
2284-GCNIR,Female,0,Yes,No,13,Yes,Yes,Fiber optic,No,Yes,No,No,No,Yes,Month-to-month,Yes,Mailed check,99.26,1287.92,Yes
2522-UWQSX,Male,0,Yes,No,20,Yes,No,No,No internet service,No internet service,No internet service,No internet service,No internet service,No internet service,Month-to-month,Yes,Mailed check,43.14,845.78,Yes
4092-CLIJZ,Female,0,No,No,10,Yes,Yes,Fiber optic,Yes,No,Yes,Yes,No,No,Two year,No,Mailed check,114.48,1154.6,Yes
2853-SCZIA,Female,0,No,Yes,30,Yes,No,DSL,No,No,Yes,No,Yes,Yes,One year,Yes,Mailed check,80.62,2416.18,No
1540-LDSVH,Female,0,No,No,13,No,No phone service,DSL,No,No,Yes,No,No,Yes,Month-to-month,Yes,Electronic check,53.55,725.11,No
9337-DEVPJ,Female,1,No,No,24,No,No phone service,Fiber optic,No,No,No,No,No,Yes,Month-to-month,No,Credit card (automatic),78.02,1912.59,Yes
6187-XFVJB,Male,0,Yes,No,22,Yes,Yes,Fiber optic,Yes,No,Yes,No,No,No,Two year,Yes,Mailed check,107.49,2305.41,No
7133-AAFNK,Female,0,No,Yes,34,Yes,No,No,No internet service,No internet service,No internet service,No internet service,No internet service,No internet service,Month-to-month,No,Credit card (automatic),46.39,1590.23,No
9562-QFHXH,Male,0,Yes,Yes,24,Yes,No,No,No internet service,No internet service,No internet service,No internet service,No internet service,No internet service,Two year,Yes,Mailed check,40.56,956.46,No
6226-ZNBAK,Female,0,No,No,26,Yes,No,No,No internet service,No internet service,No internet service,No internet service,No internet service,No internet service,Month-to-month,No,Credit card (automatic),45.48,1218.16,No
8844-AFDXB,Male,0,Yes,No,8,Yes,Yes,Fiber optic,No,No,No,No,No,No,Month-to-month,No,Credit card (automatic),92.18,742.91,Yes
9859-PUALG,Female,1,Yes,No,16,Yes,Yes,No,No internet service,No internet service,No internet service,No internet service,No internet service,No internet service,Month-to-month,Yes,Mailed check,43.91,680.24,Yes
7316-XPGHA,Male,1,Yes,No,0,Yes,No,No,No internet service,No internet service,No internet service,No internet service,No internet service,No internet service,One year,No,Credit card (automatic),48.1,48.1,No
5860-CDXVY,Female,0,No,No,40,Yes,No,DSL,No,No,Yes,No,No,Yes,Two year,Yes,Electronic check,75.73,3006.55,No
9825-JGBVI,Male,1,Yes,No,21,Yes,Yes,Fiber optic,Yes,No,No,No,No,No,One year,Yes,Electronic check,103.2,2175.22,Yes
4859-TFZMZ,Female,0,No,No,19,Yes,No,Fiber optic,No,No,Yes,No,Yes,Yes,Month-to-month,Yes,Bank transfer (automatic),102.87,1921.91,Yes
5727-GFKOD,Male,0,No,Yes,31,No,No phone service,Fiber optic,Yes,Yes,No,No,No,Yes,Two year,Yes,Electronic check,97.49,3014.49,No
1106-FONHA,Male,0,No,Yes,27,Yes,No,Fiber optic,Yes,No,No,No,No,No,Two year,Yes,Bank transfer (automatic),95.29,2538.35,Yes
9705-JPISP,Male,0,Yes,No,30,Yes,No,DSL,No,No,No,No,No,Yes,Month-to-month,No,Electronic check,68.01,2058.0,No
5014-FPQQI,Male,0,Yes,No,34,Yes,No,No,No internet service,No internet service,No internet service,No internet service,No internet service,No internet service,Month-to-month,Yes,Electronic check,46.83,1587.04,No
5881-RHNAJ,Female,1,No,No,24,Yes,No,DSL,No,No,No,Yes,No,No,Month-to-month,No,Mailed check,66.06,1593.55,No
3329-EENTU,Male,0,No,Yes,10,Yes,Yes,DSL,No,Yes,Yes,No,No,No,One year,No,Credit card (automatic),71.54,713.88,No
9344-ISFCP,Male,0,Yes,Yes,9,Yes,Yes,No,No internet service,No internet service,No internet service,No internet service,No internet service,No internet service,Month-to-month,Yes,Bank transfer (automatic),36.67,295.79,Yes
9356-AMWNV,Male,0,No,No,15,Yes,No,No,No internet service,No internet service,No internet service,No internet service,No internet service,No internet service,Month-to-month,Yes,Bank transfer (automatic),43.61,644.6,No
4759-OBZTE,Male,0,Yes,No,72,No,No phone service,No,No internet service,No internet service,No internet service,No internet service,No internet service,No internet service,One year,Yes,Bank transfer (automatic),22.19,1599.14,No
3533-NRNHP,Female,1,Yes,No,27,Yes,Yes,No,No internet service,No internet service,No internet service,No internet service,No internet service,No internet service,Two year,No,Credit card (automatic),31.21,827.45,No
2754-XJPYO,Female,0,Yes,Yes,37,Yes,No,DSL,Yes,No,Yes,Yes,Yes,No,Month-to-month,No,Electronic check,88.42,3243.39,No
5052-YCKRO,Male,0,Yes,No,19,Yes,Yes,Fiber optic,No,Yes,No,No,No,No,One year,Yes,Credit card (automatic),106.57,2069.41,No
1436-RNDOE,Female,0,Yes,No,22,Yes,No,DSL,No,Yes,No,No,Yes,No,Two year,No,Mailed check,78.22,1696.1,No
7113-WHBRJ,Female,0,No,No,13,Yes,No,Fiber optic,No,Yes,Yes,No,No,No,Month-to-month,Yes,Mailed check,102.48,1316.14,Yes
3500-MFEWH,Female,0,Yes,Yes,39,Yes,Yes,Fiber optic,No,Yes,No,Yes,No,No,Month-to-month,Yes,Credit card (automatic),108.84,4246.33,No
8174-VEGZS,Female,0,No,No,21,Yes,Yes,No,No internet service,No internet service,No internet service,No internet service,No internet service,No internet service,Month-to-month,Yes,Credit card (automatic),41.24,859.93,Yes
4181-AFDEE,Female,0,No,Yes,41,Yes,No,No,No internet service,No internet service,No internet service,No internet service,No internet service,No internet service,One year,No,Mailed check,35.96,1483.13,No
6753-CDEXO,Male,0,No,No,3,Yes,No,Fiber optic,No,Yes,Yes,No,Yes,No,One year,Yes,Mailed check,120.0,345.02,Yes
1186-BOUDH,Female,0,Yes,Yes,43,Yes,No,Fiber optic,No,Yes,No,Yes,Yes,No,Two year,No,Mailed check,108.8,4672.74,No
3469-TQCCV,Male,0,No,No,12,Yes,No,Fiber optic,No,No,No,Yes,No,No,Month-to-month,Yes,Electronic check,97.72,1184.32,No
9583-XOXZD,Male,0,Yes,Yes,14,Yes,No,Fiber optic,Yes,Yes,No,No,No,Yes,Month-to-month,Yes,Bank transfer (automatic),115.65,1623.23,Yes
9961-ZNVJK,Female,1,No,No,50,Yes,Yes,DSL,No,Yes,No,No,No,No,Month-to-month,No,Bank transfer (automatic),75.27,3787.39,Yes
1813-OJQOX,Male,1,Yes,No,55,Yes,No,Fiber optic,No,No,No,Yes,No,No,Month-to-month,No,Mailed check,93.96,5169.92,No
7335-JBWQE,Female,0,No,Yes,28,Yes,Yes,DSL,Yes,No,No,No,Yes,No,One year,Yes,Electronic check,75.4,2105.57,No
4720-CHBXE,Female,0,Yes,Yes,52,Yes,No,DSL,Yes,No,No,No,No,No,Two year,No,Mailed check,73.33,3836.2,No
2314-EWQVS,Female,1,No,No,16,Yes,No,No,No internet service,No internet service,No internet service,No internet service,No internet service,No internet service,Month-to-month,Yes,Electronic check,40.01,626.54,Yes
2540-ZJYRC,Male,0,Yes,No,19,Yes,No,DSL,Yes,No,Yes,Yes,No,Yes,One year,Yes,Mailed check,97.48,1848.05,Yes
9160-ATFXB,Male,0,Yes,No,64,No,No phone service,Fiber optic,No,Yes,No,No,No,Yes,Month-to-month,Yes,Credit card (automatic),81.53,5214.35,No
3436-KIQVJ,Male,0,No,No,4,Yes,Yes,Fiber optic,Yes,Yes,Yes,Yes,Yes,Yes,One year,No,Electronic check,120.0,493.26,No
7847-FUZTT,Female,0,Yes,Yes,38,Yes,No,Fiber optic,No,No,Yes,No,No,Yes,One year,Yes,Credit card (automatic),107.45,4102.18,No
3995-GPPXH,Male,0,No,No,23,Yes,Yes,No,No internet service,No internet service,No internet service,No internet service,No internet service,No internet service,Two year,Yes,Bank transfer (automatic),42.65,978.67,No
6453-XZCIR,Female,0,No,Yes,31,Yes,Yes,No,No internet service,No internet service,No internet service,No internet service,No internet service,No internet service,Two year,No,Electronic check,44.98,1390.53,No
2952-MMVMY,Male,0,No,No,28,No,No phone service,DSL,No,No,No,No,Yes,Yes,Two year,Yes,Electronic check,53.09,1483.3,No
8914-ZEECO,Male,1,No,No,31,Yes,No,Fiber optic,No,Yes,No,Yes,No,No,Month-to-month,Yes,Electronic check,101.32,3145.45,No
3177-RVZDE,Male,0,No,No,23,No,No phone service,DSL,No,Yes,No,No,No,Yes,Two year,Yes,Credit card (automatic),57.38,1328.68,No
7199-TVINM,Male,0,No,Yes,30,Yes,No,No,No internet service,No internet service,No internet service,No internet service,No internet service,No internet service,One year,No,Electronic check,37.32,1135.47,No
5976-PTFKM,Male,0,Yes,Yes,38,Yes,Yes,DSL,No,Yes,Yes,Yes,No,No,Month-to-month,Yes,Bank transfer (automatic),98.87,3724.02,No
3975-JKCTC,Male,0,No,No,20,Yes,Yes,No,No internet service,No internet service,No internet service,No internet service,No internet service,No internet service,Month-to-month,Yes,Bank transfer (automatic),41.89,825.96,No
6622-BJMRC,Female,0,No,No,24,Yes,No,No,No internet service,No internet service,No internet service,No internet service,No internet service,No internet service,Two year,Yes,Electronic check,42.71,1046.33,No
3277-WDRDA,Female,0,Yes,No,30,Yes,No,No,No internet service,No internet service,No internet service,No internet service,No internet service,No internet service,Two year,Yes,Mailed check,52.23,1543.04,No
3698-VFDFC,Female,0,Yes,No,53,Yes,No,Fiber optic,No,Yes,Yes,Yes,No,No,Month-to-month,Yes,Electronic check,120.0,6333.64,No
9508-FXMXJ,Male,0,Yes,Yes,6,Yes,Yes,Fiber optic,No,No,No,No,Yes,No,Month-to-month,Yes,Credit card (automatic),89.42,545.82,No
5104-UIGMV,Male,0,No,No,11,Yes,No,Fiber optic,No,No,Yes,No,No,Yes,Month-to-month,Yes,Credit card (automatic),104.11,1114.33,No
3047-ICTKG,Female,0,Yes,No,72,No,No phone service,DSL,No,No,No,No,Yes,No,Month-to-month,No,Credit card (automatic),51.32,3708.46,No
9457-DUFVY,Female,1,No,No,35,Yes,No,DSL,No,Yes,No,Yes,No,No,Two year,Yes,Electronic check,79.54,2802.97,No
5813-LHHTB,Female,0,No,No,34,Yes,No,No,No internet service,No internet service,No internet service,No internet service,No internet service,No internet service,Month-to-month,Yes,Bank transfer (automatic),44.96,1557.79,Yes
5021-BZNGI,Male,0,No,Yes,72,Yes,No,Fiber optic,No,No,No,Yes,No,No,One year,Yes,Bank transfer (automatic),107.62,7756.46,No
8488-SIXUB,Male,0,Yes,No,33,Yes,Yes,No,No internet service,No internet service,No internet service,No internet service,No internet service,No internet service,Month-to-month,No,Credit card (automatic),38.35,1272.37,Yes
8395-FZVKI,Female,0,No,No,18,Yes,Yes,DSL,No,No,Yes,No,Yes,No,One year,No,Bank transfer (automatic),78.9,1367.64,No
1653-NDXWA,Female,0,No,No,2,Yes,Yes,DSL,Yes,Yes,Yes,Yes,Yes,No,One year,Yes,Mailed check,101.58,192.77,Yes
5459-IQVKC,Female,0,Yes,No,23,Yes,No,Fiber optic,No,No,No,No,No,No,Two year,No,Mailed check,90.15,2100.33,No
5116-WSQOH,Female,0,Yes,No,27,No,No phone service,DSL,No,No,No,No,No,Yes,Month-to-month,Yes,Credit card (automatic),52.41,1391.89,No
4768-KWPLP,Male,0,Yes,No,47,Yes,No,Fiber optic,No,No,No,Yes,No,No,Month-to-month,No,Bank transfer (automatic),105.66,4951.71,No
4616-LOESN,Female,1,No,No,49,Yes,No,DSL,No,No,Yes,No,No,No,Month-to-month,No,Electronic check,70.95,3486.81,No
7143-HTZHH,Female,0,Yes,Yes,39,Yes,Yes,Fiber optic,Yes,No,Yes,No,Yes,No,Two year,Yes,Credit card (automatic),108.32,4239.85,No
4269-APYPS,Female,0,Yes,No,54,Yes,No,DSL,No,No,Yes,No,No,Yes,Two year,Yes,Bank transfer (automatic),85.89,4649.93,No
9100-EYKNQ,Female,1,Yes,No,31,No,No phone service,Fiber optic,No,No,Yes,Yes,No,No,Month-to-month,Yes,Electronic check,82.72,2578.98,Yes
2928-CREEB,Male,0,Yes,No,6,Yes,Yes,Fiber optic,No,Yes,No,Yes,No,Yes,Month-to-month,Yes,Mailed check,113.11,702.08,Yes
3598-XXMMF,Female,0,Yes,No,21,Yes,No,Fiber optic,Yes,No,No,Yes,Yes,No,One year,Yes,Electronic check,110.22,2332.01,No
9980-HYAIJ,Male,0,No,Yes,21,Yes,No,No,No internet service,No internet service,No internet service,No internet service,No internet service,No internet service,One year,Yes,Bank transfer (automatic),42.5,917.67,No
7650-HNIUR,Female,0,Yes,No,29,Yes,No,Fiber optic,Yes,No,Yes,Yes,Yes,Yes,One year,No,Mailed check,120.0,3475.95,Yes
1799-NMVLD,Male,0,No,No,55,Yes,Yes,Fiber optic,No,Yes,No,Yes,No,No,Month-to-month,Yes,Credit card (automatic),106.2,5829.55,No
9876-ELDJA,Female,0,Yes,No,25,Yes,No,Fiber optic,No,No,Yes,No,No,No,Two year,Yes,Electronic check,104.45,2645.54,Yes
9355-AGHRH,Female,0,Yes,No,26,Yes,No,Fiber optic,Yes,No,Yes,No,Yes,No,Month-to-month,Yes,Mailed check,100.19,2608.16,No
7037-FHDAB,Male,0,No,No,72,No,No phone service,No,No internet service,No internet service,No internet service,No internet service,No internet service,No internet service,One year,Yes,Electronic check,23.85,1726.62,No
5116-QMVVC,Male,0,No,No,12,Yes,Yes,DSL,No,Yes,No,No,No,No,Month-to-month,Yes,Electronic check,64.75,769.76,No
9989-VRTOB,Female,1,No,No,33,Yes,No,Fiber optic,No,No,Yes,No,Yes,No,Month-to-month,Yes,Bank transfer (automatic),109.33,3578.76,Yes
6624-GDEPK,Male,1,Yes,No,16,No,No phone service,DSL,No,No,No,No,Yes,No,Month-to-month,Yes,Bank transfer (automatic),55.44,908.19,No
8273-UZNFE,Female,0,No,No,35,Yes,Yes,DSL,No,No,Yes,Yes,No,No,Month-to-month,Yes,Credit card (automatic),74.29,2617.44,No
9602-QFCIX,Female,0,No,No,60,Yes,No,Fiber optic,No,No,Yes,No,No,Yes,Two year,No,Bank transfer (automatic),102.98,6194.11,Yes
7638-MFRPY,Female,0,Yes,No,43,Yes,Yes,Fiber optic,Yes,No,Yes,Yes,No,No,One year,Yes,Electronic check,116.84,4997.54,Yes
8864-MBCEI,Male,0,No,No,32,Yes,No,No,No internet service,No internet service,No internet service,No internet service,No internet service,No internet service,Two year,Yes,Mailed check,36.68,1176.55,No
3525-BRFQE,Male,0,Yes,Yes,26,Yes,Yes,Fiber optic,No,Yes,Yes,No,Yes,Yes,One year,Yes,Bank transfer (automatic),118.43,3099.87,Yes
5861-SXVVX,Female,0,Yes,No,54,Yes,No,DSL,No,Yes,No,No,No,Yes,Month-to-month,Yes,Bank transfer (automatic),79.91,4291.92,No
2975-BBKLB,Female,0,No,No,45,Yes,No,Fiber optic,No,Yes,No,No,No,No,One year,No,Electronic check,94.96,4254.16,No
2249-PRCNL,Female,0,No,No,26,Yes,Yes,Fiber optic,Yes,Yes,Yes,No,Yes,No,One year,No,Credit card (automatic),120.0,3126.17,Yes
8199-JVEYJ,Male,0,No,No,72,Yes,Yes,DSL,No,No,No,No,Yes,No,Two year,Yes,Credit card (automatic),72.68,5210.94,No
5676-XDLLY,Female,0,No,No,15,Yes,Yes,Fiber optic,No,Yes,Yes,No,No,No,Month-to-month,Yes,Credit card (automatic),103.46,1501.75,No
4309-BYDRY,Female,0,Yes,No,72,Yes,No,Fiber optic,No,Yes,Yes,No,No,No,Month-to-month,Yes,Electronic check,104.77,7533.73,Yes
9568-JHEPH,Female,0,No,Yes,56,Yes,No,DSL,No,No,No,No,Yes,No,One year,Yes,Mailed check,71.19,3970.57,No
4588-TUPEW,Male,0,No,Yes,9,Yes,Yes,Fiber optic,No,Yes,Yes,Yes,Yes,No,One year,No,Bank transfer (automatic),115.45,1050.13,No
7798-ZKGNI,Female,1,Yes,No,16,Yes,No,Fiber optic,No,Yes,Yes,No,Yes,No,Month-to-month,Yes,Electronic check,117.65,1901.31,Yes
4183-XVPBN,Female,0,Yes,No,32,No,No phone service,DSL,No,No,No,No,No,Yes,Month-to-month,No,Mailed check,57.03,1810.88,No
8289-NIMRI,Male,0,No,Yes,7,Yes,Yes,Fiber optic,Yes,Yes,No,No,Yes,Yes,Month-to-month,Yes,Bank transfer (automatic),120.0,889.6,No
6525-RZIJB,Female,0,Yes,Yes,46,No,No phone service,DSL,Yes,No,No,Yes,No,Yes,Two year,Yes,Electronic check,66.13,3048.82,No
1828-EBGSR,Female,0,No,Yes,25,No,No phone service,No,No internet service,No internet service,No internet service,No internet service,No internet service,No internet service,Month-to-month,Yes,Electronic check,19.74,478.36,No
6780-CHEIE,Male,0,No,Yes,48,Yes,No,Fiber optic,No,No,Yes,No,No,Yes,One year,No,Electronic check,99.1,4769.53,No
8666-NXDYU,Female,0,No,No,43,Yes,Yes,DSL,No,Yes,No,Yes,Yes,Yes,Month-to-month,Yes,Electronic check,90.11,3883.52,No
4482-ZZNPH,Female,0,No,No,22,Yes,Yes,Fiber optic,No,Yes,No,No,Yes,No,Month-to-month,No,Mailed check,106.53,2354.35,Yes
3526-YEGMQ,Female,0,No,No,16,Yes,Yes,DSL,No,No,Yes,No,Yes,No,Month-to-month,Yes,Credit card (automatic),70.11,1154.78,No
7710-MFCHM,Male,1,No,No,3,Yes,No,No,No internet service,No internet service,No internet service,No internet service,No internet service,No internet service,Month-to-month,Yes,Electronic check,37.99,92.83,Yes
5474-WYIEV,Female,1,Yes,Yes,72,Yes,Yes,DSL,No,No,No,No,No,No,Month-to-month,Yes,Mailed check,66.27,4785.26,No
8251-NXHVU,Female,0,No,No,41,Yes,No,DSL,No,Yes,Yes,No,Yes,No,One year,Yes,Electronic check,86.04,3529.28,Yes
2483-PEYDG,Male,0,No,No,10,Yes,No,No,No internet service,No internet service,No internet service,No internet service,No internet service,No internet service,Month-to-month,No,Mailed check,44.66,409.87,No
9998-MZHXA,Female,0,No,Yes,25,Yes,No,No,No internet service,No internet service,No internet service,No internet service,No internet service,No internet service,Month-to-month,Yes,Electronic check,39.78,962.93,No
2485-QHMAM,Male,0,No,Yes,54,Yes,Yes,DSL,Yes,No,No,No,No,Yes,One year,Yes,Electronic check,81.04,4400.59,Yes
7851-UYXDY,Male,0,No,No,28,Yes,No,Fiber optic,No,No,No,No,No,Yes,Month-to-month,Yes,Credit card (automatic),97.37,2743.48,No
5700-QLBTQ,Female,0,No,Yes,8,Yes,Yes,No,No internet service,No internet service,No internet service,No internet service,No internet service,No internet service,Month-to-month,No,Credit card (automatic),35.31,315.07,No
8910-STSXW,Male,0,No,Yes,45,Yes,No,DSL,Yes,No,No,No,No,No,Two year,Yes,Mailed check,66.84,3013.47,No
4403-DFLCX,Male,0,No,No,8,Yes,Yes,No,No internet service,No internet service,No internet service,No internet service,No internet service,No internet service,Month-to-month,Yes,Electronic check,39.5,278.48,Yes
6166-VNWKK,Male,0,No,No,50,Yes,Yes,Fiber optic,No,No,No,Yes,No,No,Month-to-month,No,Bank transfer (automatic),93.93,4691.27,No
1816-HMJVN,Female,0,Yes,Yes,36,Yes,Yes,No,No internet service,No internet service,No internet service,No internet service,No internet service,No internet service,Month-to-month,Yes,Bank transfer (automatic),36.73,1317.98,No
1795-ZRWXF,Male,0,Yes,No,26,Yes,No,Fiber optic,No,Yes,Yes,No,No,Yes,Month-to-month,No,Mailed check,119.28,3099.49,No
1808-GRWXQ,Female,0,No,Yes,25,No,No phone service,No,No internet service,No internet service,No internet service,No internet service,No internet service,No internet service,Month-to-month,No,Credit card (automatic),18.25,435.1,No
1658-EAIAE,Female,0,Yes,No,21,Yes,No,Fiber optic,No,Yes,Yes,No,No,Yes,Two year,Yes,Mailed check,119.86,2545.66,No
1488-MWACS,Female,0,Yes,No,41,Yes,No,No,No internet service,No internet service,No internet service,No internet service,No internet service,No internet service,Month-to-month,Yes,Credit card (automatic),41.65,1689.53,No
6174-TMNUM,Female,1,Yes,No,9,Yes,No,Fiber optic,No,No,Yes,No,No,No,One year,No,Credit card (automatic),94.09,847.48,No
4393-XLFWJ,Male,0,No,No,17,Yes,Yes,DSL,No,Yes,No,No,Yes,Yes,One year,No,Credit card (automatic),86.93,1461.68,Yes
8665-LLYVV,Male,1,No,No,69,Yes,No,Fiber optic,No,Yes,No,Yes,No,Yes,Month-to-month,Yes,Electronic check,120.0,8294.16,No
1096-BGZGQ,Female,0,No,No,72,Yes,Yes,DSL,Yes,Yes,Yes,Yes,Yes,Yes,Month-to-month,No,Electronic check,100.71,7224.34,No
2511-NBULA,Female,0,No,No,23,Yes,No,DSL,No,Yes,Yes,No,No,No,Month-to-month,Yes,Mailed check,69.72,1575.36,Yes
9933-DRCQA,Female,0,No,No,30,Yes,Yes,Fiber optic,No,No,Yes,No,No,No,Month-to-month,Yes,Bank transfer (automatic),87.6,2648.97,Yes
1613-DHGOJ,Male,0,Yes,No,11,No,No phone service,Fiber optic,No,No,No,No,No,Yes,Two year,No,Electronic check,78.4,871.77,No
5929-EDXAQ,Male,0,Yes,No,14,Yes,No,Fiber optic,No,Yes,No,No,No,Yes,Month-to-month,Yes,Electronic check,107.77,1544.23,Yes
8693-ZOCFX,Female,0,Yes,Yes,3,Yes,No,DSL,No,Yes,Yes,No,No,No,Month-to-month,No,Mailed check,79.37,242.86,Yes
6418-XDOQE,Female,0,Yes,No,6,Yes,Yes,DSL,No,Yes,No,No,No,No,Month-to-month,Yes,Electronic check,74.26,451.26,Yes
9067-FVJWX,Male,0,No,Yes,19,Yes,No,DSL,No,Yes,Yes,Yes,No,No,One year,Yes,Credit card (automatic),89.86,1687.97,No
8597-FGWEJ,Female,1,Yes,No,51,Yes,Yes,Fiber optic,No,Yes,No,No,No,No,Month-to-month,No,Credit card (automatic),92.66,4750.66,No
9712-QKVNM,Female,1,No,No,26,Yes,Yes,DSL,No,No,Yes,No,No,Yes,Month-to-month,Yes,Electronic check,78.52,2062.09,Yes
3635-HMBDH,Male,0,No,No,66,No,No phone service,No,No internet service,No internet service,No internet service,No internet service,No internet service,No internet service,Month-to-month,No,Electronic check,21.19,1419.6,No
4814-XUUWW,Female,0,Yes,Yes,17,No,No phone service,No,No internet service,No internet service,No internet service,No internet service,No internet service,No internet service,Two year,No,Bank transfer (automatic),18.25,317.02,No
9849-BHPJO,Male,1,No,No,58,Yes,No,No,No internet service,No internet service,No internet service,No internet service,No internet service,No internet service,Month-to-month,No,Mailed check,40.81,2356.9,No
1074-UTNJA,Male,0,No,No,72,Yes,Yes,Fiber optic,Yes,Yes,No,No,Yes,Yes,Month-to-month,No,Mailed check,120.0,8641.0,No
7131-WCLCN,Male,0,No,No,35,Yes,No,Fiber optic,No,No,No,No,No,No,One year,No,Mailed check,87.77,3077.6,No
7795-FPCFQ,Female,0,No,No,3,Yes,No,Fiber optic,No,No,No,No,No,Yes,Two year,Yes,Mailed check,95.21,283.03,No
3537-FHUIY,Female,0,No,Yes,3,Yes,No,Fiber optic,Yes,Yes,No,No,No,No,Month-to-month,No,Electronic check,100.59,296.06,Yes
5270-BTCXG,Female,0,No,No,6,Yes,No,No,No internet service,No internet service,No internet service,No internet service,No internet service,No internet service,Two year,Yes,Bank transfer (automatic),40.29,258.54,No
2282-WJMQP,Female,0,No,No,14,Yes,No,No,No internet service,No internet service,No internet service,No internet service,No internet service,No internet service,Month-to-month,No,Credit card (automatic),45.4,658.41,No
9651-ZOMQD,Male,0,Yes,Yes,49,Yes,Yes,DSL,No,No,No,Yes,No,No,Two year,No,Credit card (automatic),73.57,3586.93,No
7642-SNKFA,Male,0,No,No,19,Yes,No,DSL,Yes,No,No,No,No,No,Two year,Yes,Bank transfer (automatic),68.44,1305.19,No
4205-QVIHO,Male,0,No,No,58,Yes,Yes,Fiber optic,No,Yes,No,No,No,Yes,Month-to-month,No,Mailed check,110.66,6452.36,Yes
6252-UXMHF,Female,0,Yes,No,16,Yes,Yes,DSL,Yes,No,Yes,No,No,Yes,Month-to-month,Yes,Credit card (automatic),92.17,1461.14,Yes
4212-AWTSY,Female,0,Yes,No,72,Yes,No,Fiber optic,Yes,No,Yes,No,Yes,No,Month-to-month,No,Bank transfer (automatic),109.06,7847.41,No
2200-TRRKR,Female,1,Yes,Yes,69,Yes,No,Fiber optic,No,No,No,No,Yes,No,Month-to-month,Yes,Mailed check,98.21,6761.38,Yes
2136-ZUVRV,Male,1,Yes,No,18,Yes,No,Fiber optic,No,No,Yes,No,No,No,Month-to-month,Yes,Electronic check,93.56,1683.07,No
6559-FOUJY,Male,0,Yes,No,12,Yes,No,DSL,Yes,No,No,Yes,No,No,Two year,No,Bank transfer (automatic),75.65,914.88,No
7193-XEAKL,Male,0,Yes,No,70,Yes,No,Fiber optic,No,No,No,Yes,No,No,Month-to-month,Yes,Credit card (automatic),99.1,6940.03,No
2047-RNUYD,Male,0,No,No,10,Yes,No,DSL,No,No,Yes,Yes,No,No,Month-to-month,No,Mailed check,76.26,781.05,No
3748-YICMY,Male,0,No,No,16,Yes,No,Fiber optic,Yes,No,Yes,Yes,No,No,Month-to-month,No,Electronic check,106.82,1712.11,No
7315-POTNP,Female,0,No,No,9,Yes,No,Fiber optic,Yes,No,No,Yes,No,No,Month-to-month,No,Mailed check,107.35,975.01,Yes
1024-AWYQT,Female,0,Yes,No,31,Yes,Yes,DSL,Yes,Yes,Yes,No,No,No,Month-to-month,No,Bank transfer (automatic),87.41,2701.43,Yes
1659-PWDRV,Male,0,No,No,61,No,No phone service,No,No internet service,No internet service,No internet service,No internet service,No internet service,No internet service,Two year,No,Electronic check,20.41,1223.01,No
5619-ZJZZX,Male,0,Yes,No,18,Yes,No,DSL,No,No,No,Yes,Yes,No,Month-to-month,Yes,Mailed check,77.03,1425.89,No
3898-NZDVW,Female,1,Yes,No,52,Yes,No,No,No internet service,No internet service,No internet service,No internet service,No internet service,No internet service,Month-to-month,No,Electronic check,36.0,1886.39,Yes
8473-BNLYA,Male,0,No,No,33,Yes,Yes,No,No internet service,No internet service,No internet service,No internet service,No internet service,No internet service,Month-to-month,Yes,Credit card (automatic),39.14,1277.31,No
6962-UQGAP,Male,0,No,No,9,No,No phone service,Fiber optic,Yes,No,Yes,No,No,No,Month-to-month,Yes,Mailed check,77.41,697.37,Yes
3933-KVVIK,Female,0,No,No,17,Yes,No,DSL,Yes,No,No,Yes,No,No,Month-to-month,No,Mailed check,79.41,1364.63,Yes
6412-BZRGU,Female,0,No,No,6,Yes,Yes,DSL,No,No,No,Yes,No,Yes,Month-to-month,No,Credit card (automatic),83.91,497.31,Yes
4341-TRVTE,Female,0,No,No,72,Yes,No,Fiber optic,No,No,No,No,No,Yes,Month-to-month,Yes,Mailed check,94.56,6809.15,No
6719-MFCZC,Male,0,No,No,29,Yes,Yes,DSL,Yes,No,Yes,No,Yes,No,Month-to-month,No,Mailed check,90.66,2640.81,No
1157-GSZVC,Female,0,No,No,26,Yes,No,No,No internet service,No internet service,No internet service,No internet service,No internet service,No internet service,Month-to-month,Yes,Electronic check,45.31,1186.87,No
8365-AZTIZ,Male,0,Yes,Yes,29,Yes,Yes,Fiber optic,Yes,Yes,No,No,Yes,No,Two year,No,Credit card (automatic),117.39,3373.46,No
8729-CSAZQ,Male,0,Yes,Yes,12,Yes,No,No,No internet service,No internet service,No internet service,No internet service,No internet service,No internet service,Two year,Yes,Mailed check,35.31,423.9,No
6769-BZQDP,Female,0,No,No,19,Yes,No,Fiber optic,Yes,Yes,No,Yes,No,Yes,Month-to-month,Yes,Mailed check,116.3,2175.81,Yes
8457-OIMNW,Female,0,No,Yes,35,Yes,Yes,Fiber optic,No,No,Yes,No,No,Yes,One year,Yes,Mailed check,100.35,3518.72,No
4926-VHRKQ,Male,0,Yes,No,4,Yes,No,DSL,Yes,No,Yes,No,No,Yes,Month-to-month,No,Bank transfer (automatic),84.24,343.49,Yes
5365-VRFZT,Female,0,Yes,Yes,2,Yes,Yes,Fiber optic,No,Yes,No,No,Yes,No,Month-to-month,Yes,Mailed check,100.51,203.48,No
7103-WFWPJ,Male,0,Yes,Yes,16,Yes,Yes,Fiber optic,Yes,No,No,Yes,No,Yes,One year,Yes,Mailed check,102.26,1649.38,No
8805-GPFKW,Male,0,No,No,13,Yes,No,Fiber optic,No,Yes,No,Yes,No,No,One year,Yes,Bank transfer (automatic),108.69,1376.32,Yes
4752-TFJMT,Male,0,Yes,No,64,Yes,Yes,No,No internet service,No internet service,No internet service,No internet service,No internet service,No internet service,Month-to-month,Yes,Bank transfer (automatic),36.16,2307.32,No
5256-BCSWK,Female,0,No,No,12,Yes,No,Fiber optic,No,No,No,No,No,No,Month-to-month,Yes,Bank transfer (automatic),94.72,1124.32,No
9271-AJCLQ,Female,0,Yes,No,36,Yes,No,Fiber optic,No,No,Yes,No,No,Yes,Month-to-month,Yes,Mailed check,100.52,3609.68,Yes
4223-RGCKR,Male,1,Yes,Yes,13,Yes,No,Fiber optic,Yes,Yes,Yes,No,Yes,Yes,Month-to-month,Yes,Credit card (automatic),120.0,1543.9,Yes
7879-MEVSZ,Male,0,Yes,Yes,34,Yes,No,Fiber optic,No,No,No,No,No,No,Month-to-month,Yes,Bank transfer (automatic),88.77,3006.98,Yes
8566-KEKPU,Male,0,No,No,30,Yes,No,No,No internet service,No internet service,No internet service,No internet service,No internet service,No internet service,One year,Yes,Credit card (automatic),40.15,1178.7,No
6230-MNTYC,Male,0,Yes,No,72,No,No phone service,Fiber optic,No,No,No,Yes,Yes,No,Month-to-month,Yes,Mailed check,85.18,6131.44,No
4995-OTPQX,Male,0,Yes,No,11,Yes,Yes,Fiber optic,Yes,No,No,No,No,Yes,One year,Yes,Electronic check,97.42,1077.0,No
6131-JDEHA,Male,1,No,No,11,Yes,Yes,Fiber optic,No,Yes,No,No,Yes,Yes,Two year,No,Mailed check,104.17,1162.43,No
3043-AAARL,Female,0,No,No,72,Yes,Yes,No,No internet service,No internet service,No internet service,No internet service,No internet service,No internet service,Month-to-month,Yes,Bank transfer (automatic),42.55,3058.47,No
7944-NYCXD,Male,0,Yes,No,59,Yes,No,DSL,No,Yes,No,No,Yes,No,Month-to-month,Yes,Electronic check,80.17,4745.22,No
8941-ZEXGN,Male,1,No,Yes,17,Yes,No,No,No internet service,No internet service,No internet service,No internet service,No internet service,No internet service,Month-to-month,Yes,Bank transfer (automatic),38.7,653.87,Yes
8852-FCBWL,Female,0,Yes,Yes,11,Yes,Yes,No,No internet service,No internet service,No internet service,No internet service,No internet service,No internet service,One year,No,Mailed check,37.18,433.05,No
7350-AITSP,Male,0,No,Yes,10,Yes,Yes,Fiber optic,No,No,Yes,No,No,No,Two year,No,Bank transfer (automatic),97.3,980.04,No
3959-XYKIP,Male,0,Yes,No,58,No,No phone service,No,No internet service,No internet service,No internet service,No internet service,No internet service,No internet service,Two year,Yes,Electronic check,27.75,1601.51,No
4565-WLQQQ,Male,0,No,No,14,Yes,No,Fiber optic,No,No,No,No,No,No,Month-to-month,Yes,Mailed check,94.42,1344.01,Yes
8137-DCRGH,Male,0,No,Yes,12,Yes,No,No,No internet service,No internet service,No internet service,No internet service,No internet service,No internet service,One year,Yes,Mailed check,47.87,561.21,No
3630-ZMZED,Male,0,No,Yes,12,No,No phone service,Fiber optic,Yes,No,No,Yes,Yes,No,Month-to-month,Yes,Mailed check,92.95,1124.25,No
8419-XKXON,Female,1,No,Yes,40,Yes,Yes,Fiber optic,No,No,No,No,No,No,Two year,Yes,Bank transfer (automatic),89.64,3569.49,Yes
5944-AXDCE,Male,0,Yes,No,21,Yes,No,Fiber optic,Yes,Yes,No,No,No,No,Two year,Yes,Electronic check,97.1,2060.13,No
3317-KDBPB,Female,0,No,No,59,Yes,No,Fiber optic,No,No,No,No,No,No,One year,Yes,Electronic check,97.68,5797.11,Yes
4205-OMPLZ,Female,0,Yes,No,72,Yes,Yes,DSL,No,No,No,Yes,Yes,No,Month-to-month,Yes,Mailed check,76.75,5488.72,No
7480-OVYZM,Male,0,Yes,No,30,Yes,No,Fiber optic,Yes,No,Yes,No,No,No,Month-to-month,Yes,Electronic check,97.32,2916.64,Yes
9579-HQMIP,Male,1,No,Yes,32,Yes,No,DSL,No,No,No,No,No,Yes,Two year,Yes,Electronic check,69.59,2268.04,No
6689-SKYZF,Male,0,No,No,20,Yes,No,No,No internet service,No internet service,No internet service,No internet service,No internet service,No internet service,Month-to-month,Yes,Credit card (automatic),41.2,806.85,Yes
8584-RMPDC,Male,0,No,No,29,Yes,No,DSL,Yes,Yes,No,No,No,Yes,Month-to-month,No,Electronic check,90.83,2627.58,No
3092-KNOLD,Female,1,No,Yes,3,Yes,No,Fiber optic,Yes,Yes,Yes,No,Yes,No,One year,Yes,Bank transfer (automatic),114.73,346.65,Yes
6095-XIEFK,Female,1,No,No,34,Yes,No,No,No internet service,No internet service,No internet service,No internet service,No internet service,No internet service,Two year,Yes,Mailed check,40.34,1362.5,No
5245-NFTAK,Male,1,No,No,50,Yes,No,Fiber optic,No,Yes,No,Yes,No,Yes,Two year,No,Electronic check,115.73,5818.63,No
6380-SJJPO,Male,0,No,Yes,9,Yes,No,DSL,No,Yes,No,No,No,No,Month-to-month,Yes,Electronic check,73.01,683.15,Yes
2203-VWKVF,Male,0,No,No,72,Yes,No,Fiber optic,No,No,Yes,No,Yes,Yes,One year,Yes,Electronic check,105.51,7566.84,No
8278-LGSUL,Female,0,Yes,No,16,Yes,Yes,No,No internet service,No internet service,No internet service,No internet service,No internet service,No internet service,Two year,No,Electronic check,44.48,705.57,No
3993-FLZIT,Female,0,No,No,70,Yes,Yes,No,No internet service,No internet service,No internet service,No internet service,No internet service,No internet service,Month-to-month,Yes,Mailed check,34.4,2442.91,No
7930-YQQTO,Male,1,No,No,42,Yes,No,Fiber optic,No,No,No,No,Yes,Yes,Month-to-month,Yes,Bank transfer (automatic),99.26,4155.13,Yes
8110-NTORY,Male,0,No,Yes,8,Yes,Yes,Fiber optic,No,No,No,No,No,Yes,One year,No,Mailed check,99.68,801.75,No
6178-LMVCP,Male,0,Yes,No,57,Yes,No,Fiber optic,No,Yes,No,No,Yes,No,Month-to-month,Yes,Mailed check,107.22,6086.47,No
1327-NYPRP,Male,1,Yes,Yes,26,Yes,No,Fiber optic,No,No,Yes,Yes,Yes,Yes,Month-to-month,No,Electronic check,116.15,3035.93,Yes
7955-AZDVP,Male,1,Yes,Yes,37,Yes,No,Fiber optic,No,No,No,No,No,No,Month-to-month,Yes,Credit card (automatic),92.46,3429.69,Yes
7678-FIEBT,Male,0,Yes,Yes,21,Yes,Yes,Fiber optic,Yes,No,No,Yes,Yes,No,Two year,Yes,Electronic check,110.42,2303.73,No
5460-KRNLS,Male,1,No,No,23,Yes,Yes,No,No internet service,No internet service,No internet service,No internet service,No internet service,No internet service,Month-to-month,Yes,Electronic check,40.48,946.79,Yes
9162-UQGOD,Male,0,Yes,No,5,Yes,No,No,No internet service,No internet service,No internet service,No internet service,No internet service,No internet service,Month-to-month,Yes,Mailed check,37.14,165.19,Yes
6601-DIDKZ,Male,0,Yes,No,39,Yes,No,No,No internet service,No internet service,No internet service,No internet service,No internet service,No internet service,Month-to-month,No,Credit card (automatic),46.38,1831.56,No
7517-MPIFN,Female,0,No,No,25,Yes,No,DSL,No,Yes,No,No,No,Yes,Month-to-month,No,Bank transfer (automatic),78.51,1985.3,No
2475-RGGQQ,Female,1,Yes,No,32,Yes,No,DSL,No,Yes,No,Yes,No,No,Month-to-month,Yes,Electronic check,88.68,2852.1,Yes
4476-KDAZI,Male,1,Yes,No,38,Yes,No,No,No internet service,No internet service,No internet service,No internet service,No internet service,No internet service,Month-to-month,No,Electronic check,36.81,1402.85,Yes
3016-ZLPQG,Male,0,No,No,36,Yes,Yes,DSL,Yes,Yes,Yes,No,No,No,Month-to-month,Yes,Bank transfer (automatic),79.45,2844.2,No
5716-VIFLW,Female,0,No,Yes,40,Yes,Yes,Fiber optic,Yes,No,Yes,No,No,No,Month-to-month,No,Credit card (automatic),110.02,4379.33,No
3426-ZDHZM,Female,0,No,Yes,4,Yes,No,DSL,No,Yes,No,Yes,Yes,No,Month-to-month,Yes,Electronic check,90.13,377.51,Yes
5291-XXRFA,Male,0,No,No,21,Yes,No,DSL,No,Yes,No,Yes,Yes,No,Month-to-month,No,Electronic check,95.89,1971.23,No
3547-OCTGI,Female,1,No,No,8,Yes,No,Fiber optic,No,No,No,No,Yes,No,Month-to-month,No,Electronic check,92.73,723.16,No
3135-OCWUZ,Male,0,Yes,Yes,1,Yes,No,DSL,Yes,No,No,Yes,Yes,Yes,Month-to-month,Yes,Electronic check,104.84,111.91,No
2671-DPWRI,Male,0,No,No,36,Yes,No,Fiber optic,No,No,No,No,Yes,No,Month-to-month,No,Electronic check,86.45,3100.02,No
1645-MIARP,Female,0,No,No,72,Yes,Yes,Fiber optic,Yes,No,No,Yes,No,No,Month-to-month,No,Mailed check,107.93,7803.67,No
3892-SZHEM,Female,0,No,No,2,Yes,No,Fiber optic,Yes,No,No,No,Yes,No,Month-to-month,No,Electronic check,104.11,190.28,Yes
5363-OQQLG,Female,0,Yes,Yes,39,No,No phone service,Fiber optic,Yes,No,No,No,No,Yes,Month-to-month,No,Bank transfer (automatic),88.26,3426.27,No
5249-CMQQJ,Male,1,Yes,Yes,19,Yes,Yes,Fiber optic,Yes,No,Yes,Yes,No,No,Month-to-month,Yes,Mailed check,118.79,2244.98,No
4446-TXYWA,Female,0,Yes,No,23,Yes,No,DSL,No,No,No,No,Yes,Yes,Two year,Yes,Mailed check,75.73,1718.76,No
6422-LLEST,Male,0,No,No,38,No,No phone service,Fiber optic,No,No,No,Yes,Yes,Yes,Month-to-month,No,Credit card (automatic),92.52,3538.55,No
5066-AQMJI,Female,0,No,No,34,Yes,No,Fiber optic,No,No,No,Yes,Yes,No,One year,Yes,Electronic check,100.92,3395.63,Yes
7573-QBJAT,Male,1,Yes,Yes,21,Yes,No,Fiber optic,Yes,Yes,No,No,No,No,Month-to-month,Yes,Electronic check,99.21,2084.14,Yes
7401-GRGDK,Male,0,No,Yes,16,Yes,No,DSL,No,No,No,Yes,No,No,Month-to-month,Yes,Mailed check,69.14,1137.74,Yes
6313-MRZJP,Female,0,No,No,35,Yes,No,No,No internet service,No internet service,No internet service,No internet service,No internet service,No internet service,Month-to-month,Yes,Mailed check,39.68,1402.68,No
9167-VGKNH,Female,0,No,Yes,2,No,No phone service,DSL,Yes,No,No,No,No,Yes,Month-to-month,No,Mailed check,61.12,125.88,Yes
2231-BTQDW,Female,1,Yes,No,38,Yes,Yes,DSL,No,No,No,No,No,No,One year,No,Mailed check,58.08,2193.13,No
1121-JIQOO,Male,0,No,No,19,Yes,No,DSL,Yes,No,Yes,No,No,Yes,Month-to-month,Yes,Electronic check,88.18,1668.81,Yes
7603-PPLKS,Male,0,No,No,65,Yes,No,Fiber optic,No,Yes,No,No,No,No,Two year,Yes,Mailed check,93.92,6116.73,No
1012-JEWFR,Female,0,No,Yes,25,Yes,Yes,Fiber optic,No,Yes,Yes,Yes,Yes,Yes,One year,Yes,Credit card (automatic),120.0,3038.32,No
7776-LYSFL,Female,0,No,No,63,Yes,No,No,No internet service,No internet service,No internet service,No internet service,No internet service,No internet service,One year,No,Mailed check,35.95,2257.87,No
2212-CFVOK,Male,1,No,No,10,Yes,No,Fiber optic,No,No,No,No,Yes,No,Month-to-month,No,Mailed check,97.29,934.88,Yes
6129-FTKEI,Female,1,Yes,No,10,Yes,No,DSL,No,Yes,Yes,No,No,No,Month-to-month,Yes,Credit card (automatic),78.42,808.07,Yes
1591-EHJBN,Female,0,No,No,13,Yes,No,No,No internet service,No internet service,No internet service,No internet service,No internet service,No internet service,One year,Yes,Mailed check,43.61,568.76,No
9386-NTZXC,Male,0,Yes,No,72,Yes,No,DSL,No,No,Yes,No,Yes,Yes,Month-to-month,No,Electronic check,84.52,6088.35,Yes
6398-BLTOT,Female,1,No,Yes,24,Yes,Yes,No,No internet service,No internet service,No internet service,No internet service,No internet service,No internet service,One year,Yes,Mailed check,40.26,954.85,No
4532-IKTXT,Female,1,No,No,15,Yes,Yes,DSL,No,Yes,No,Yes,Yes,Yes,Month-to-month,Yes,Mailed check,96.88,1435.54,Yes
1463-KNRGQ,Female,0,No,No,34,Yes,Yes,Fiber optic,No,No,No,No,No,No,One year,No,Credit card (automatic),87.66,2946.37,No
2075-RPVLY,Female,0,No,No,14,Yes,No,No,No internet service,No internet service,No internet service,No internet service,No internet service,No internet service,One year,Yes,Credit card (automatic),37.06,526.6,No
3416-RHAAZ,Male,0,Yes,No,34,Yes,Yes,Fiber optic,No,Yes,Yes,Yes,No,Yes,Month-to-month,No,Bank transfer (automatic),120.0,4096.82,No
5417-PXGHB,Female,1,Yes,No,24,Yes,No,Fiber optic,No,Yes,No,Yes,No,Yes,Two year,No,Mailed check,105.25,2536.89,No
8549-OZGQX,Female,0,No,Yes,15,Yes,Yes,Fiber optic,Yes,No,Yes,No,No,No,One year,Yes,Electronic check,102.89,1531.25,No
6405-LCWLQ,Female,0,Yes,Yes,25,No,No phone service,DSL,No,Yes,Yes,No,No,Yes,Month-to-month,No,Mailed check,66.14,1698.68,No
7781-MCOOI,Female,0,Yes,No,25,Yes,No,DSL,Yes,No,Yes,No,No,Yes,Month-to-month,No,Electronic check,79.88,2026.75,Yes
2630-WSHDI,Male,0,No,No,47,Yes,Yes,Fiber optic,No,No,No,Yes,No,No,One year,Yes,Credit card (automatic),102.57,4836.34,No
5363-AWLJO,Male,0,Yes,Yes,8,Yes,No,No,No internet service,No internet service,No internet service,No internet service,No internet service,No internet service,One year,No,Electronic check,38.93,306.27,No
4385-ZKFZJ,Male,0,Yes,No,17,Yes,No,Fiber optic,Yes,No,No,No,Yes,No,Two year,Yes,Mailed check,100.8,1733.41,No
7444-PUWSK,Female,0,Yes,No,30,Yes,No,DSL,No,Yes,No,No,No,Yes,One year,Yes,Mailed check,76.07,2279.99,No
2494-UGNTR,Female,0,No,No,12,No,No phone service,Fiber optic,No,No,No,No,No,No,Month-to-month,No,Bank transfer (automatic),74.54,922.52,Yes
5871-BNSFS,Female,0,Yes,Yes,22,Yes,Yes,No,No internet service,No internet service,No internet service,No internet service,No internet service,No internet service,Month-to-month,No,Bank transfer (automatic),37.7,830.67,No
3316-QEGSI,Male,1,No,Yes,15,Yes,No,Fiber optic,No,No,No,No,No,Yes,Month-to-month,Yes,Electronic check,91.05,1351.71,Yes
4637-OWYTK,Female,0,No,No,18,Yes,No,DSL,No,No,No,No,No,No,Month-to-month,Yes,Bank transfer (automatic),54.38,1003.36,No
2657-LFDLR,Male,0,Yes,No,10,Yes,Yes,No,No internet service,No internet service,No internet service,No internet service,No internet service,No internet service,Two year,No,Mailed check,37.92,407.61,No
4615-UGOOK,Male,0,No,Yes,72,Yes,Yes,No,No internet service,No internet service,No internet service,No internet service,No internet service,No internet service,One year,No,Bank transfer (automatic),45.24,3263.65,No
5310-RBOIT,Female,0,Yes,No,3,Yes,Yes,Fiber optic,Yes,No,No,Yes,Yes,No,Two year,Yes,Electronic check,106.31,326.11,No
4871-TGJBJ,Male,0,No,No,15,Yes,No,No,No internet service,No internet service,No internet service,No internet service,No internet service,No internet service,One year,No,Mailed check,42.86,664.13,No
3852-TAUKL,Male,0,Yes,No,25,Yes,Yes,DSL,No,No,No,No,No,No,One year,No,Mailed check,74.71,1835.41,No
8833-WJECP,Male,1,Yes,No,25,Yes,Yes,DSL,No,No,No,No,No,No,One year,No,Electronic check,61.57,1551.51,No
3106-EWTIB,Male,1,Yes,No,58,Yes,No,Fiber optic,No,No,No,No,No,Yes,One year,Yes,Bank transfer (automatic),97.79,5675.18,No
5997-EUXFI,Male,0,Yes,No,8,Yes,No,No,No internet service,No internet service,No internet service,No internet service,No internet service,No internet service,Month-to-month,No,Credit card (automatic),34.1,261.18,No
7130-TYKLS,Female,0,No,No,5,Yes,No,Fiber optic,No,Yes,No,Yes,No,No,Two year,Yes,Electronic check,108.62,553.41,Yes
8708-QLHVL,Female,0,Yes,Yes,16,Yes,No,No,No internet service,No internet service,No internet service,No internet service,No internet service,No internet service,Month-to-month,No,Electronic check,38.4,658.69,No
2029-CRKXV,Male,0,No,No,25,Yes,No,No,No internet service,No internet service,No internet service,No internet service,No internet service,No internet service,Two year,Yes,Electronic check,48.16,1181.29,No
1775-SPZYS,Male,1,Yes,No,20,Yes,No,No,No internet service,No internet service,No internet service,No internet service,No internet service,No internet service,One year,No,Mailed check,42.02,849.31,Yes
8237-FUOWD,Male,0,No,No,50,Yes,No,No,No internet service,No internet service,No internet service,No internet service,No internet service,No internet service,Month-to-month,No,Bank transfer (automatic),32.11,1598.6,No
3077-TLNAF,Male,0,No,No,9,Yes,No,DSL,No,Yes,No,Yes,Yes,Yes,Month-to-month,No,Bank transfer (automatic),95.74,845.79,No
7092-IQGVS,Female,0,Yes,No,15,Yes,No,Fiber optic,Yes,No,No,No,No,No,Month-to-month,Yes,Mailed check,101.56,1513.55,No
8841-VLFSU,Male,0,No,Yes,38,Yes,No,DSL,Yes,Yes,Yes,No,No,Yes,One year,No,Credit card (automatic),78.11,2982.94,No
1370-BMALV,Male,1,No,No,25,Yes,Yes,Fiber optic,Yes,Yes,No,Yes,No,No,Month-to-month,Yes,Mailed check,118.11,2951.21,Yes
2842-IESYJ,Male,0,No,Yes,59,Yes,No,Fiber optic,No,Yes,No,No,Yes,No,Month-to-month,Yes,Bank transfer (automatic),105.03,6212.12,No
8272-BWMTC,Male,0,No,Yes,25,No,No phone service,Fiber optic,Yes,No,Yes,No,No,No,Month-to-month,No,Credit card (automatic),85.12,2119.45,Yes
4755-XCAAS,Male,0,No,No,7,Yes,No,No,No internet service,No internet service,No internet service,No internet service,No internet service,No internet service,Month-to-month,No,Electronic check,41.97,312.75,Yes
9408-UCMGY,Male,1,Yes,No,54,Yes,Yes,DSL,Yes,Yes,No,No,No,Yes,Two year,No,Electronic check,82.85,4447.63,No
5590-XKJKC,Female,0,No,No,50,Yes,Yes,No,No internet service,No internet service,No internet service,No internet service,No internet service,No internet service,One year,Yes,Credit card (automatic),40.88,2062.79,No
9182-FLSGC,Female,0,Yes,No,34,Yes,Yes,Fiber optic,No,No,No,No,Yes,No,Month-to-month,Yes,Mailed check,94.65,3185.68,No
4691-ACGGI,Female,0,No,No,72,Yes,No,Fiber optic,No,No,No,No,No,No,Two year,Yes,Bank transfer (automatic),91.67,6608.21,No
2639-PQRRD,Male,0,No,No,26,Yes,No,Fiber optic,Yes,Yes,No,Yes,No,No,Month-to-month,Yes,Electronic check,112.6,2922.87,No
4717-XONNU,Female,0,No,No,28,Yes,No,DSL,No,No,No,No,Yes,No,Two year,No,Bank transfer (automatic),78.05,2152.24,No
2589-RMOZF,Female,0,No,Yes,49,Yes,Yes,DSL,Yes,No,No,No,Yes,No,Two year,No,Mailed check,81.72,4020.21,No
3318-NZHFZ,Male,0,Yes,No,31,Yes,No,DSL,No,No,No,No,No,Yes,One year,Yes,Bank transfer (automatic),68.4,2130.4,No
2390-FBUNX,Male,0,No,No,28,No,No phone service,Fiber optic,Yes,No,No,No,Yes,Yes,Month-to-month,Yes,Electronic check,88.67,2479.58,Yes
4904-JIPNR,Female,0,Yes,Yes,5,Yes,No,Fiber optic,No,Yes,Yes,Yes,No,No,Two year,Yes,Electronic check,113.98,525.16,No
5444-UDMQI,Male,0,No,Yes,7,Yes,No,DSL,No,No,No,No,No,No,Month-to-month,Yes,Credit card (automatic),68.56,490.41,No
5866-WOXTY,Male,0,No,Yes,7,Yes,No,Fiber optic,No,Yes,No,Yes,No,Yes,Month-to-month,No,Mailed check,117.14,823.17,No
8858-YALEV,Female,0,Yes,No,19,No,No phone service,Fiber optic,Yes,No,No,Yes,No,Yes,Month-to-month,Yes,Bank transfer (automatic),82.93,1528.28,Yes
7504-OBQIB,Female,0,No,No,61,Yes,No,Fiber optic,No,Yes,No,No,No,No,Month-to-month,Yes,Electronic check,95.38,5830.16,Yes
3952-PDQDO,Female,0,Yes,No,72,Yes,No,DSL,No,No,No,Yes,Yes,No,Month-to-month,Yes,Electronic check,82.03,5940.31,No
7971-JEQIT,Female,0,No,Yes,67,Yes,No,Fiber optic,No,No,No,No,Yes,Yes,Two year,No,Credit card (automatic),96.26,6416.52,No
9241-HJCST,Female,0,No,No,69,Yes,Yes,No,No internet service,No internet service,No internet service,No internet service,No internet service,No internet service,Month-to-month,Yes,Bank transfer (automatic),45.93,3152.1,No
2749-APHSX,Female,0,No,No,11,Yes,Yes,No,No internet service,No internet service,No internet service,No internet service,No internet service,No internet service,Month-to-month,Yes,Bank transfer (automatic),39.7,444.03,Yes
2104-BPMER,Male,0,No,No,25,Yes,Yes,Fiber optic,No,No,Yes,No,No,No,Month-to-month,No,Electronic check,101.82,2579.97,No
5924-JKHJX,Female,0,Yes,No,10,Yes,No,Fiber optic,Yes,Yes,No,No,No,No,Month-to-month,Yes,Mailed check,106.44,1065.88,Yes
5139-GAEXV,Female,1,Yes,No,33,Yes,Yes,No,No internet service,No internet service,No internet service,No internet service,No internet service,No internet service,Two year,Yes,Bank transfer (automatic),35.69,1186.38,No
8621-JZYWR,Female,0,Yes,No,19,Yes,No,DSL,No,Yes,Yes,Yes,Yes,No,Two year,No,Electronic check,87.56,1622.97,No
8730-NZMSO,Female,1,Yes,No,5,Yes,No,DSL,No,No,Yes,No,Yes,No,One year,Yes,Electronic check,75.46,387.5,No
8377-ZJIQQ,Male,0,Yes,No,36,Yes,Yes,Fiber optic,No,No,No,No,Yes,Yes,One year,No,Electronic check,103.77,3728.87,No
2311-GDTVU,Male,0,No,No,13,Yes,Yes,Fiber optic,No,No,No,Yes,No,No,Two year,Yes,Credit card (automatic),93.38,1224.71,No
5516-TGLLG,Male,0,No,No,23,No,No phone service,DSL,Yes,No,No,No,No,Yes,Month-to-month,Yes,Credit card (automatic),62.78,1468.76,No
2726-AFKUL,Male,0,Yes,Yes,16,Yes,Yes,No,No internet service,No internet service,No internet service,No internet service,No internet service,No internet service,Month-to-month,Yes,Electronic check,45.69,764.42,No
4143-SELIY,Male,0,No,No,40,Yes,No,DSL,No,Yes,Yes,No,No,No,Month-to-month,Yes,Credit card (automatic),69.85,2811.72,Yes
4824-MFOJA,Female,0,No,No,28,Yes,Yes,No,No internet service,No internet service,No internet service,No internet service,No internet service,No internet service,Month-to-month,Yes,Mailed check,41.58,1159.88,Yes
6780-EPHJP,Female,1,Yes,No,25,Yes,No,Fiber optic,No,No,No,No,No,No,Two year,Yes,Credit card (automatic),84.14,2087.07,No
4034-RPRRA,Male,0,No,No,65,Yes,No,Fiber optic,Yes,No,Yes,No,Yes,No,Two year,Yes,Mailed check,107.75,6984.11,Yes
2150-VGDTK,Male,1,Yes,No,17,Yes,Yes,Fiber optic,No,Yes,No,No,No,No,Month-to-month,Yes,Electronic check,102.95,1739.47,Yes
1023-CUBSU,Female,0,No,No,34,Yes,Yes,Fiber optic,No,No,No,No,No,No,Month-to-month,Yes,Credit card (automatic),88.6,3045.56,Yes
9542-AKAKI,Female,0,No,No,18,Yes,No,DSL,No,No,No,Yes,No,Yes,One year,Yes,Credit card (automatic),82.1,1460.58,No
9742-ZHAKA,Female,0,Yes,No,72,Yes,No,Fiber optic,No,No,No,Yes,No,Yes,Two year,Yes,Mailed check,99.91,7176.09,No
1893-FRIPB,Male,0,Yes,Yes,55,Yes,Yes,Fiber optic,No,No,Yes,No,No,Yes,Two year,No,Mailed check,104.91,5761.24,No
1605-HERRK,Male,1,No,Yes,72,Yes,Yes,Fiber optic,Yes,No,No,No,No,No,One year,No,Bank transfer (automatic),91.43,6577.6,No
2958-AHSEH,Female,1,Yes,No,28,Yes,Yes,Fiber optic,No,No,No,No,No,No,One year,Yes,Electronic check,90.08,2505.4,Yes
1842-HMPJM,Male,1,No,No,57,Yes,Yes,Fiber optic,No,Yes,No,No,Yes,No,Month-to-month,Yes,Credit card (automatic),112.86,6442.14,No
9762-EHFXU,Male,1,No,No,9,No,No phone service,DSL,No,No,No,Yes,Yes,No,Month-to-month,Yes,Credit card (automatic),62.45,572.97,No
9441-WSOFC,Male,0,Yes,No,7,Yes,Yes,DSL,No,No,No,No,No,No,Month-to-month,Yes,Electronic check,64.7,446.39,Yes
5159-TFRIC,Male,0,No,No,21,Yes,Yes,No,No internet service,No internet service,No internet service,No internet service,No internet service,No internet service,One year,Yes,Electronic check,39.88,837.26,No
9421-KCOFI,Male,1,No,No,32,No,No phone service,Fiber optic,No,Yes,No,No,No,Yes,Two year,No,Electronic check,86.75,2768.07,No
4025-QUFFF,Female,0,Yes,No,61,Yes,No,DSL,Yes,No,No,No,No,Yes,Two year,No,Credit card (automatic),74.87,4587.52,No
9197-NJCEX,Male,0,No,No,26,Yes,Yes,DSL,Yes,No,Yes,No,No,No,Month-to-month,Yes,Bank transfer (automatic),84.66,2186.87,No
6367-QOGDI,Female,0,No,No,21,Yes,No,Fiber optic,No,Yes,No,No,Yes,No,Month-to-month,Yes,Mailed check,110.18,2294.94,Yes
6742-UVSJG,Female,0,No,Yes,46,Yes,Yes,Fiber optic,Yes,No,No,No,No,Yes,Month-to-month,Yes,Credit card (automatic),108.07,5013.19,No
7857-ZPGYZ,Male,0,Yes,No,72,Yes,No,Fiber optic,No,No,No,No,No,No,Month-to-month,No,Credit card (automatic),91.1,6532.39,No
6865-NCMZY,Male,0,Yes,Yes,48,Yes,No,DSL,No,No,No,Yes,No,Yes,Two year,No,Credit card (automatic),83.88,4035.39,Yes
6475-MDTMK,Female,0,No,Yes,36,Yes,No,Fiber optic,Yes,No,Yes,No,Yes,No,Two year,Yes,Mailed check,110.78,3977.99,No
4835-WJOCI,Female,0,No,No,57,Yes,No,DSL,No,No,No,Yes,No,Yes,Two year,Yes,Credit card (automatic),82.96,4755.7,No
8876-CIJCB,Male,0,Yes,No,54,Yes,No,Fiber optic,No,Yes,No,No,No,Yes,Month-to-month,No,Electronic check,99.78,5367.29,Yes
1808-RGDEE,Male,0,No,No,48,Yes,No,DSL,No,Yes,No,No,No,Yes,One year,Yes,Electronic check,86.4,4152.6,No
6288-XDOCC,Female,0,No,No,55,Yes,No,Fiber optic,No,No,No,No,No,No,Two year,No,Bank transfer (automatic),85.68,4720.03,No
7667-GSVUN,Male,0,Yes,No,33,No,No phone service,Fiber optic,No,No,Yes,Yes,Yes,No,One year,Yes,Electronic check,92.34,3068.83,No
7781-STEAC,Male,0,No,No,72,Yes,No,Fiber optic,Yes,Yes,No,No,No,No,Month-to-month,Yes,Electronic check,107.45,7730.47,No
2981-MNTUQ,Male,0,No,No,8,Yes,Yes,DSL,No,No,No,No,No,No,Month-to-month,Yes,Electronic check,71.14,604.39,Yes
4053-WNKDO,Male,0,No,No,41,Yes,No,Fiber optic,Yes,Yes,Yes,Yes,Yes,No,Month-to-month,No,Mailed check,118.95,4886.8,No
3570-UDOSE,Female,0,No,No,14,Yes,No,Fiber optic,No,No,Yes,Yes,No,No,Month-to-month,Yes,Mailed check,109.63,1556.93,No
7711-YCYKY,Male,0,No,Yes,30,Yes,No,No,No internet service,No internet service,No internet service,No internet service,No internet service,No internet service,Month-to-month,Yes,Credit card (automatic),41.3,1261.99,No
8248-XOVFH,Male,0,No,No,8,Yes,No,DSL,Yes,Yes,Yes,No,No,No,One year,Yes,Mailed check,85.54,685.94,No
3188-XDKVM,Female,0,No,No,18,Yes,Yes,No,No internet service,No internet service,No internet service,No internet service,No internet service,No internet service,Month-to-month,No,Mailed check,40.08,715.59,No
5594-ADTUL,Male,0,Yes,No,21,Yes,Yes,No,No internet service,No internet service,No internet service,No internet service,No internet service,No internet service,Month-to-month,Yes,Credit card (automatic),32.98,677.14,Yes
1148-THIFO,Male,0,Yes,No,37,Yes,Yes,Fiber optic,Yes,No,Yes,No,Yes,No,Month-to-month,No,Credit card (automatic),110.92,4108.75,Yes
1352-HJRYS,Female,0,No,No,17,Yes,No,Fiber optic,No,No,No,No,No,Yes,Two year,No,Electronic check,93.46,1574.47,No
1564-RKQCI,Male,0,No,No,22,Yes,Yes,No,No internet service,No internet service,No internet service,No internet service,No internet service,No internet service,Month-to-month,Yes,Bank transfer (automatic),40.99,906.44,No
4078-UKZQB,Female,0,Yes,No,47,Yes,Yes,No,No internet service,No internet service,No internet service,No internet service,No internet service,No internet service,Month-to-month,No,Credit card (automatic),46.24,2194.81,No
3622-SPUOW,Male,0,Yes,No,62,Yes,No,DSL,Yes,No,Yes,No,No,No,One year,Yes,Credit card (automatic),80.39,4975.7,No
4529-FNQRY,Male,0,Yes,Yes,20,Yes,No,DSL,No,No,Yes,Yes,Yes,No,Month-to-month,No,Electronic check,93.93,1848.42,Yes
4076-JGESS,Male,0,No,No,69,Yes,Yes,Fiber optic,No,No,No,No,No,Yes,Month-to-month,Yes,Bank transfer (automatic),91.11,6283.34,Yes
2905-PALKK,Female,0,No,No,45,Yes,Yes,DSL,No,Yes,No,No,No,No,Two year,No,Bank transfer (automatic),68.27,3067.51,No
9057-RBYQV,Male,0,No,Yes,68,Yes,Yes,DSL,No,No,No,No,No,No,Month-to-month,No,Electronic check,66.12,4502.63,No
2909-MNUPK,Male,0,Yes,No,29,Yes,Yes,No,No internet service,No internet service,No internet service,No internet service,No internet service,No internet service,Month-to-month,Yes,Bank transfer (automatic),45.4,1318.87,Yes
9159-RAKWW,Female,0,No,No,22,Yes,Yes,Fiber optic,No,No,No,No,No,Yes,One year,Yes,Electronic check,102.55,2257.38,Yes
4359-WFKFG,Male,0,Yes,No,26,Yes,Yes,DSL,No,No,No,No,Yes,Yes,Month-to-month,Yes,Electronic check,90.62,2365.06,No
5847-ETURH,Female,0,Yes,No,37,Yes,No,DSL,No,No,Yes,Yes,No,Yes,Month-to-month,Yes,Electronic check,83.85,3111.72,No
9534-WEAFE,Male,0,Yes,Yes,28,Yes,Yes,Fiber optic,No,Yes,Yes,No,Yes,No,Month-to-month,No,Electronic check,120.0,3374.75,Yes
4121-LXPPS,Female,0,No,Yes,29,Yes,No,Fiber optic,No,No,No,No,Yes,No,Month-to-month,No,Electronic check,98.15,2833.12,No
5668-AVYFT,Male,0,No,No,44,Yes,No,DSL,No,Yes,No,No,No,No,Month-to-month,Yes,Credit card (automatic),71.6,3141.64,No
6061-IGNNV,Female,0,Yes,Yes,17,Yes,No,No,No internet service,No internet service,No internet service,No internet service,No internet service,No internet service,Month-to-month,Yes,Electronic check,41.87,699.07,Yes
2618-DSARF,Male,1,Yes,No,31,Yes,Yes,No,No internet service,No internet service,No internet service,No internet service,No internet service,No internet service,Month-to-month,No,Electronic check,48.71,1521.35,Yes
3481-VTZEX,Female,0,No,No,8,Yes,No,Fiber optic,Yes,Yes,Yes,No,No,Yes,Two year,Yes,Bank transfer (automatic),111.92,881.14,No
5801-HJPZF,Female,0,Yes,No,27,Yes,No,Fiber optic,No,No,No,Yes,No,Yes,One year,No,Bank transfer (automatic),104.36,2813.06,No
5680-LWDBF,Male,1,No,No,20,No,No phone service,DSL,Yes,No,Yes,No,Yes,No,Two year,Yes,Bank transfer (automatic),63.28,1310.15,No
6755-FTPOX,Male,0,Yes,Yes,21,Yes,Yes,No,No internet service,No internet service,No internet service,No internet service,No internet service,No internet service,Month-to-month,No,Credit card (automatic),41.23,876.77,No
8753-SYUTU,Male,0,Yes,No,10,Yes,No,Fiber optic,Yes,No,No,No,No,Yes,Month-to-month,No,Bank transfer (automatic),105.24,1060.88,Yes
5759-DKCFJ,Female,0,Yes,No,17,Yes,No,DSL,Yes,No,No,No,Yes,Yes,Month-to-month,Yes,Bank transfer (automatic),90.88,1530.74,No
2279-KIAQA,Female,0,No,No,37,Yes,No,Fiber optic,No,No,No,No,No,No,Month-to-month,Yes,Mailed check,89.04,3316.33,No
3645-JZIIS,Female,0,Yes,No,12,Yes,Yes,DSL,No,No,No,No,No,Yes,Month-to-month,Yes,Mailed check,77.63,926.62,Yes
3501-UYCNL,Male,0,Yes,Yes,4,Yes,No,Fiber optic,No,Yes,No,No,No,No,Month-to-month,Yes,Bank transfer (automatic),92.29,393.42,Yes
8638-ERLJP,Female,0,No,No,42,Yes,No,DSL,No,Yes,No,No,Yes,No,One year,No,Mailed check,80.56,3377.21,No
2340-CONQH,Male,0,Yes,Yes,72,Yes,Yes,Fiber optic,No,No,No,Yes,No,No,Month-to-month,No,Electronic check,97.88,7016.92,No
2921-HXLWY,Female,0,No,No,16,No,No phone service,Fiber optic,Yes,No,No,Yes,Yes,Yes,Month-to-month,Yes,Mailed check,94.03,1495.6,Yes
9165-VVNJM,Male,0,Yes,Yes,72,Yes,Yes,DSL,No,Yes,No,No,No,Yes,One year,Yes,Mailed check,74.72,5375.32,No
7659-JASGO,Female,0,No,No,4,Yes,Yes,DSL,No,Yes,No,No,Yes,Yes,Month-to-month,Yes,Electronic check,90.85,354.85,Yes
7997-DUTGF,Female,0,Yes,Yes,40,Yes,No,DSL,Yes,No,No,No,No,No,Two year,Yes,Bank transfer (automatic),71.11,2857.58,No
1512-TDSJL,Female,0,No,No,14,Yes,Yes,Fiber optic,No,Yes,No,Yes,No,No,Two year,Yes,Credit card (automatic),101.18,1449.37,No
9170-MHWGG,Male,0,No,Yes,72,Yes,No,DSL,No,No,No,No,No,No,Month-to-month,Yes,Electronic check,56.51,4029.02,No
1203-YFSDI,Male,0,No,Yes,24,Yes,No,Fiber optic,No,No,Yes,Yes,No,No,Month-to-month,Yes,Mailed check,111.17,2651.87,Yes
4108-YPCZA,Female,0,No,Yes,17,Yes,Yes,Fiber optic,Yes,No,No,No,No,No,Two year,No,Electronic check,91.75,1569.7,No
9224-JWGOJ,Male,0,Yes,Yes,1,Yes,No,No,No internet service,No internet service,No internet service,No internet service,No internet service,No internet service,Two year,Yes,Mailed check,44.69,23.76,No
5382-ISICC,Male,0,Yes,No,49,Yes,Yes,No,No internet service,No internet service,No internet service,No internet service,No internet service,No internet service,Two year,Yes,Electronic check,40.94,2028.06,No
6717-UEAQY,Female,1,No,No,47,Yes,Yes,DSL,No,Yes,No,No,No,No,Month-to-month,Yes,Credit card (automatic),69.09,3227.86,No
2787-VCJBT,Female,0,No,Yes,67,Yes,No,Fiber optic,No,No,No,No,Yes,Yes,One year,No,Electronic check,107.24,7191.49,No
4632-XKKWN,Female,0,No,No,33,Yes,No,Fiber optic,No,Yes,No,No,No,Yes,Month-to-month,No,Credit card (automatic),97.51,3195.06,No
6197-XTAKV,Female,0,No,No,22,Yes,No,No,No internet service,No internet service,No internet service,No internet service,No internet service,No internet service,Month-to-month,No,Electronic check,42.48,939.61,No
3264-PSMMC,Male,0,No,Yes,59,No,No phone service,DSL,No,Yes,No,Yes,No,No,Month-to-month,Yes,Bank transfer (automatic),59.06,3448.54,Yes
6637-LRSBN,Male,0,No,No,19,Yes,Yes,DSL,Yes,No,No,No,Yes,Yes,One year,Yes,Electronic check,82.82,1563.67,No
6185-QVPPP,Female,0,No,No,7,Yes,Yes,DSL,No,No,Yes,No,No,Yes,Month-to-month,No,Bank transfer (automatic),84.54,587.72,No
5305-MVPNM,Male,1,No,No,39,Yes,Yes,DSL,No,No,No,Yes,Yes,No,Two year,No,Credit card (automatic),74.44,2920.72,No
4060-VENIS,Male,0,Yes,No,54,Yes,No,No,No internet service,No internet service,No internet service,No internet service,No internet service,No internet service,Month-to-month,No,Credit card (automatic),43.72,2379.14,No
4017-MKXHW,Male,1,No,No,6,Yes,No,No,No internet service,No internet service,No internet service,No internet service,No internet service,No internet service,Two year,No,Credit card (automatic),39.08,234.61,No
7579-XFBSS,Female,1,No,No,31,Yes,No,Fiber optic,No,Yes,No,No,Yes,No,Month-to-month,Yes,Mailed check,99.25,3095.21,Yes
2908-UZBNR,Female,0,Yes,No,50,Yes,Yes,Fiber optic,Yes,Yes,No,No,No,Yes,Two year,Yes,Mailed check,100.18,4995.71,No
4616-BKYOL,Male,1,No,No,17,Yes,Yes,Fiber optic,Yes,Yes,No,No,Yes,No,One year,No,Credit card (automatic),113.18,1946.35,Yes
7341-AGZTR,Male,0,No,No,72,Yes,No,DSL,No,No,No,No,Yes,Yes,Month-to-month,No,Credit card (automatic),83.65,6042.37,No
3488-NSBBH,Male,0,Yes,No,16,Yes,No,Fiber optic,No,No,No,Yes,Yes,No,Two year,Yes,Mailed check,108.55,1742.39,No
5477-XFOUV,Female,0,No,No,16,Yes,No,DSL,Yes,Yes,No,No,No,No,One year,No,Mailed check,77.51,1255.06,No
1456-DMRYB,Male,0,Yes,No,19,Yes,Yes,DSL,No,Yes,No,No,No,Yes,Month-to-month,No,Electronic check,83.02,1566.48,No
5781-WHIVO,Female,0,Yes,Yes,12,Yes,No,Fiber optic,No,Yes,No,No,No,No,Month-to-month,Yes,Mailed check,95.15,1143.0,No
7469-YAPAQ,Male,1,No,Yes,16,Yes,No,Fiber optic,No,No,No,Yes,No,No,Two year,Yes,Mailed check,89.81,1457.89,No
2251-TJGGO,Male,0,No,Yes,30,Yes,No,Fiber optic,No,No,Yes,No,Yes,Yes,Two year,Yes,Credit card (automatic),112.39,3375.36,No
1618-NKOCS,Male,0,No,Yes,13,Yes,Yes,Fiber optic,No,No,No,No,Yes,Yes,One year,Yes,Electronic check,104.2,1348.8,No
7336-WPSKQ,Female,0,Yes,No,42,Yes,Yes,Fiber optic,No,No,No,No,No,No,Month-to-month,No,Electronic check,99.89,4199.62,No
3757-DGUDS,Male,0,No,No,7,Yes,No,DSL,No,No,No,Yes,Yes,No,Month-to-month,No,Electronic check,77.16,504.49,Yes
3858-PBZMJ,Male,0,Yes,Yes,13,Yes,No,Fiber optic,No,No,No,No,No,Yes,Month-to-month,Yes,Electronic check,100.41,1313.24,Yes
9617-MVAYW,Male,0,No,No,72,Yes,No,DSL,Yes,No,No,No,No,No,One year,No,Credit card (automatic),70.63,5063.72,No
3438-AKWSA,Male,1,Yes,Yes,15,No,No phone service,DSL,Yes,Yes,Yes,No,Yes,No,Month-to-month,Yes,Electronic check,72.44,1057.5,No
4003-TDWNU,Male,0,No,No,27,Yes,No,No,No internet service,No internet service,No internet service,No internet service,No internet service,No internet service,Month-to-month,Yes,Credit card (automatic),36.66,986.73,Yes
9620-WTTHD,Female,0,Yes,No,28,Yes,Yes,No,No internet service,No internet service,No internet service,No internet service,No internet service,No internet service,Two year,No,Electronic check,40.63,1155.71,No
3665-EAORK,Male,0,Yes,Yes,11,Yes,No,Fiber optic,Yes,No,Yes,No,No,No,Two year,No,Credit card (automatic),108.25,1183.11,No
1332-VMCWL,Male,0,Yes,No,14,Yes,Yes,DSL,No,Yes,No,Yes,No,No,Month-to-month,Yes,Electronic check,80.0,1122.71,No
6594-RPKDZ,Male,1,No,No,35,Yes,No,Fiber optic,No,No,Yes,Yes,No,No,Month-to-month,No,Bank transfer (automatic),101.22,3552.2,Yes
1890-FNXZK,Female,0,No,No,15,No,No phone service,Fiber optic,No,Yes,No,No,No,No,Month-to-month,No,Bank transfer (automatic),76.43,1149.04,Yes
3990-ALOJX,Male,0,No,No,15,Yes,No,DSL,No,Yes,No,No,Yes,Yes,Month-to-month,No,Electronic check,89.56,1349.63,No
3410-QEAPM,Male,0,Yes,No,14,Yes,No,DSL,No,No,No,No,No,No,Month-to-month,No,Mailed check,64.29,894.26,Yes
1303-SMKJK,Male,1,Yes,Yes,66,Yes,Yes,Fiber optic,No,No,Yes,No,No,No,Month-to-month,No,Bank transfer (automatic),93.2,6137.2,No
2701-XOWLF,Male,0,No,No,57,Yes,No,No,No internet service,No internet service,No internet service,No internet service,No internet service,No internet service,Month-to-month,Yes,Electronic check,50.34,2870.97,Yes
1215-HPGHZ,Male,0,Yes,Yes,31,Yes,Yes,DSL,No,No,No,No,No,Yes,Two year,Yes,Mailed check,73.63,2306.81,No
6168-DVIBK,Female,0,No,No,23,Yes,No,No,No internet service,No internet service,No internet service,No internet service,No internet service,No internet service,Month-to-month,Yes,Mailed check,45.91,1043.85,No
6387-JGBKU,Male,0,No,No,29,Yes,No,Fiber optic,Yes,Yes,No,Yes,No,No,One year,Yes,Bank transfer (automatic),120.0,3478.03,No
2307-TUJBH,Male,0,No,No,37,Yes,No,DSL,Yes,Yes,No,No,Yes,Yes,Month-to-month,No,Mailed check,95.32,3520.24,No
2942-ZRTRS,Male,0,No,No,37,Yes,Yes,No,No internet service,No internet service,No internet service,No internet service,No internet service,No internet service,One year,Yes,Bank transfer (automatic),35.4,1351.47,No
8424-KXNGJ,Male,0,Yes,No,16,Yes,No,DSL,No,No,No,No,No,No,One year,Yes,Credit card (automatic),55.64,909.85,No
9365-TVLRG,Female,1,Yes,No,20,Yes,Yes,Fiber optic,No,Yes,No,No,Yes,No,Two year,No,Bank transfer (automatic),104.86,2086.6,Yes
2649-NSLUF,Female,0,No,No,18,Yes,No,Fiber optic,Yes,No,Yes,No,Yes,Yes,Month-to-month,Yes,Electronic check,117.84,2069.65,Yes
7354-PFNMK,Female,1,Yes,No,33,Yes,No,DSL,No,No,No,No,Yes,No,One year,Yes,Electronic check,67.17,2227.3,No
6589-QCCRB,Male,0,No,Yes,64,Yes,Yes,Fiber optic,No,No,Yes,Yes,No,No,Two year,No,Mailed check,98.65,6301.98,No
1597-WMLOC,Female,0,No,No,27,Yes,Yes,Fiber optic,No,No,No,No,No,No,Month-to-month,No,Mailed check,94.08,2496.16,Yes
7449-KZTML,Male,0,Yes,No,29,Yes,Yes,Fiber optic,No,No,No,No,Yes,Yes,Month-to-month,Yes,Electronic check,106.25,3068.12,No
5015-MJZRF,Female,0,No,Yes,13,Yes,No,Fiber optic,No,Yes,No,Yes,Yes,Yes,Month-to-month,Yes,Mailed check,115.56,1530.56,Yes
7993-RVTBE,Female,0,Yes,No,6,Yes,No,No,No internet service,No internet service,No internet service,No internet service,No internet service,No internet service,Two year,Yes,Credit card (automatic),40.66,252.23,No
2590-BPHKM,Female,0,No,No,19,Yes,No,DSL,No,No,No,No,No,Yes,Month-to-month,Yes,Credit card (automatic),75.09,1414.5,No
7196-NRSPQ,Female,0,Yes,No,43,Yes,No,Fiber optic,Yes,No,No,No,No,No,Month-to-month,Yes,Electronic check,98.28,4228.13,Yes
1357-ZPDSF,Male,0,No,No,13,Yes,No,Fiber optic,No,Yes,No,No,No,Yes,Two year,Yes,Mailed check,96.7,1259.95,Yes
3344-PICXR,Male,0,Yes,No,4,Yes,No,No,No internet service,No internet service,No internet service,No internet service,No internet service,No internet service,Month-to-month,No,Bank transfer (automatic),42.86,188.53,No
3269-WVOCK,Female,1,Yes,No,39,No,No phone service,No,No internet service,No internet service,No internet service,No internet service,No internet service,No internet service,Month-to-month,No,Electronic check,18.25,716.79,No
9283-HZPNM,Male,0,Yes,No,36,Yes,No,Fiber optic,No,No,No,No,Yes,Yes,One year,Yes,Electronic check,103.83,3746.47,No
2808-OLKSK,Female,0,Yes,Yes,16,Yes,No,DSL,No,No,No,No,No,No,Month-to-month,Yes,Credit card (automatic),68.8,1085.54,No
4581-PDQTD,Female,0,No,No,14,Yes,Yes,Fiber optic,Yes,No,Yes,Yes,No,No,Month-to-month,Yes,Bank transfer (automatic),108.95,1535.23,Yes
3454-GGNHR,Female,0,Yes,No,21,Yes,Yes,Fiber optic,No,No,Yes,No,No,Yes,Month-to-month,No,Credit card (automatic),107.49,2206.37,Yes
6687-IKGUX,Male,0,Yes,No,17,Yes,No,DSL,No,No,Yes,No,No,No,One year,No,Bank transfer (automatic),67.82,1176.27,No
5722-FDOST,Female,0,Yes,No,72,No,No phone service,No,No internet service,No internet service,No internet service,No internet service,No internet service,No internet service,One year,No,Bank transfer (automatic),18.25,1302.62,No
7282-BYXPA,Male,0,Yes,Yes,20,Yes,No,Fiber optic,No,No,No,No,Yes,No,Month-to-month,Yes,Bank transfer (automatic),95.08,1914.06,Yes
9901-ZFPJP,Male,0,Yes,No,34,Yes,No,Fiber optic,Yes,No,Yes,Yes,No,Yes,Month-to-month,No,Mailed check,120.0,4079.48,No
6879-RBJGJ,Male,0,Yes,No,23,Yes,Yes,Fiber optic,Yes,No,No,No,No,No,Two year,No,Electronic check,94.84,2142.56,No
5918-CZHZF,Female,0,No,Yes,35,Yes,No,No,No internet service,No internet service,No internet service,No internet service,No internet service,No internet service,Month-to-month,Yes,Electronic check,36.72,1254.46,No
4389-WGXSK,Female,1,No,No,17,Yes,No,Fiber optic,Yes,No,No,No,No,Yes,Two year,Yes,Bank transfer (automatic),94.2,1615.38,Yes
9213-QKKRC,Female,0,No,No,16,No,No phone service,DSL,Yes,No,No,No,Yes,No,Two year,Yes,Electronic check,62.98,998.69,No
1602-UASCR,Female,0,Yes,Yes,27,Yes,Yes,Fiber optic,No,Yes,No,No,No,Yes,Month-to-month,Yes,Credit card (automatic),104.63,2801.65,No
5219-AGBPK,Male,0,No,No,14,Yes,Yes,DSL,Yes,No,No,No,Yes,No,One year,Yes,Mailed check,81.28,1145.34,No
5547-BWMQN,Male,0,No,No,19,Yes,No,Fiber optic,No,No,No,Yes,Yes,No,Two year,Yes,Credit card (automatic),109.03,2080.03,No
6294-LKRKD,Female,0,No,No,42,No,No phone service,DSL,No,Yes,Yes,No,No,Yes,One year,No,Mailed check,66.92,2801.52,No
3561-GJOVW,Male,0,Yes,Yes,59,No,No phone service,Fiber optic,No,No,Yes,No,No,Yes,Two year,Yes,Mailed check,83.76,4960.81,No
4972-GFPAU,Male,0,Yes,Yes,72,Yes,Yes,No,No internet service,No internet service,No internet service,No internet service,No internet service,No internet service,Month-to-month,Yes,Electronic check,36.53,2606.9,No
1636-CPVFZ,Female,0,Yes,No,40,Yes,No,No,No internet service,No internet service,No internet service,No internet service,No internet service,No internet service,Two year,No,Electronic check,37.88,1502.38,No
8147-OIHDU,Female,0,Yes,No,33,Yes,No,DSL,No,No,No,No,Yes,Yes,Month-to-month,Yes,Mailed check,73.29,2403.95,No
4708-YHKVM,Male,1,No,Yes,12,Yes,No,DSL,No,No,No,No,Yes,No,One year,Yes,Electronic check,80.04,997.52,No
9602-TAWZF,Female,0,Yes,No,54,Yes,No,No,No internet service,No internet service,No internet service,No internet service,No internet service,No internet service,Two year,No,Credit card (automatic),38.1,2033.24,No
8607-OGLAR,Male,0,Yes,Yes,72,Yes,No,Fiber optic,Yes,Yes,Yes,No,No,No,Month-to-month,Yes,Electronic check,117.47,8471.44,No
3595-IVEZX,Male,0,Yes,No,19,Yes,No,DSL,Yes,No,No,No,No,Yes,One year,Yes,Credit card (automatic),85.02,1635.67,No
5594-WNDHE,Male,0,Yes,No,72,Yes,No,Fiber optic,No,No,Yes,No,Yes,Yes,One year,Yes,Mailed check,110.6,7954.45,No
7978-KYOGX,Female,0,Yes,Yes,58,Yes,Yes,Fiber optic,Yes,Yes,Yes,Yes,Yes,Yes,Two year,Yes,Mailed check,120.0,6948.86,No
8990-QLXUA,Male,1,Yes,No,40,Yes,Yes,Fiber optic,No,No,No,Yes,No,Yes,Month-to-month,Yes,Credit card (automatic),106.45,4294.06,Yes
9824-IIXWY,Male,0,No,No,23,Yes,No,Fiber optic,Yes,Yes,Yes,No,No,No,One year,No,Bank transfer (automatic),118.13,2712.91,Yes
6136-APLZB,Female,0,Yes,No,9,Yes,No,Fiber optic,No,No,Yes,No,No,No,Month-to-month,No,Electronic check,95.35,868.03,Yes
8686-OQZXU,Female,0,No,No,72,No,No phone service,DSL,No,Yes,Yes,No,Yes,No,Month-to-month,Yes,Electronic check,65.8,4749.18,No
5327-VDLBT,Female,0,No,Yes,8,No,No phone service,No,No internet service,No internet service,No internet service,No internet service,No internet service,No internet service,Month-to-month,Yes,Electronic check,21.0,153.97,Yes
1338-ZXMQQ,Female,0,No,Yes,72,No,No phone service,No,No internet service,No internet service,No internet service,No internet service,No internet service,No internet service,Month-to-month,Yes,Bank transfer (automatic),19.64,1390.32,No
2373-FIVHB,Female,1,No,No,72,No,No phone service,No,No internet service,No internet service,No internet service,No internet service,No internet service,No internet service,Month-to-month,No,Bank transfer (automatic),19.16,1359.81,No
5390-ORDTV,Female,0,Yes,No,12,Yes,Yes,DSL,No,No,No,No,No,Yes,Month-to-month,No,Credit card (automatic),67.55,777.84,Yes
2602-FDPHS,Female,0,No,Yes,8,Yes,No,DSL,Yes,No,No,No,No,Yes,Month-to-month,Yes,Electronic check,69.62,573.83,Yes
3100-LYHUZ,Female,0,No,No,18,Yes,Yes,Fiber optic,Yes,Yes,No,Yes,No,Yes,Month-to-month,No,Electronic check,110.52,1951.01,Yes
8706-GALYU,Male,0,No,Yes,25,Yes,No,Fiber optic,No,No,Yes,No,No,No,Two year,Yes,Electronic check,101.92,2549.0,No
5027-RMXHS,Male,0,Yes,Yes,17,Yes,No,DSL,Yes,No,No,No,No,No,Month-to-month,No,Credit card (automatic),71.77,1242.83,Yes
3051-YFOBE,Female,0,No,No,18,Yes,No,No,No internet service,No internet service,No internet service,No internet service,No internet service,No internet service,Month-to-month,Yes,Credit card (automatic),44.79,752.46,Yes
2164-IBDJZ,Male,0,Yes,No,25,Yes,No,DSL,No,No,No,No,No,Yes,Two year,Yes,Mailed check,75.8,1866.36,No
2675-QTGVS,Female,0,No,No,72,Yes,No,DSL,Yes,Yes,Yes,No,No,No,Two year,No,Mailed check,80.52,5776.25,No
7320-GPMKK,Male,0,Yes,Yes,23,No,No phone service,No,No internet service,No internet service,No internet service,No internet service,No internet service,No internet service,One year,No,Credit card (automatic),19.09,453.56,No
8038-WGCAG,Female,1,Yes,No,42,Yes,No,DSL,No,No,Yes,Yes,No,No,Month-to-month,No,Mailed check,77.39,3266.2,No
1577-UHUCH,Male,0,No,Yes,9,Yes,No,No,No internet service,No internet service,No internet service,No internet service,No internet service,No internet service,Month-to-month,Yes,Credit card (automatic),34.16,295.51,Yes
5478-ISMMP,Female,0,No,No,28,Yes,No,Fiber optic,No,Yes,Yes,Yes,No,No,Month-to-month,Yes,Credit card (automatic),111.62,3146.46,Yes
2682-VGQLR,Male,0,No,No,19,Yes,Yes,Fiber optic,Yes,No,No,No,No,No,Two year,No,Bank transfer (automatic),104.12,1976.68,No
4678-IZWGP,Male,0,No,No,41,Yes,Yes,DSL,No,Yes,No,No,No,Yes,Month-to-month,No,Bank transfer (automatic),80.76,3313.96,Yes
5970-FQXAK,Male,0,No,No,8,Yes,No,Fiber optic,No,No,No,Yes,No,Yes,Month-to-month,No,Electronic check,105.64,843.72,Yes
6907-PPMLO,Female,0,Yes,No,62,Yes,No,No,No internet service,No internet service,No internet service,No internet service,No internet service,No internet service,Month-to-month,No,Electronic check,39.84,2487.75,No
4554-XOEEH,Male,0,No,Yes,19,Yes,No,Fiber optic,No,No,Yes,No,No,No,Month-to-month,Yes,Credit card (automatic),95.05,1817.87,Yes
6408-JXBXJ,Female,0,Yes,Yes,14,Yes,Yes,DSL,No,No,No,No,No,No,Month-to-month,Yes,Electronic check,67.85,951.89,No
1274-KTSLZ,Male,0,Yes,No,72,Yes,No,DSL,No,Yes,No,No,No,No,Month-to-month,No,Electronic check,71.04,5079.1,No
3533-DQZVL,Male,0,No,Yes,32,Yes,Yes,DSL,No,Yes,No,No,Yes,Yes,Month-to-month,Yes,Credit card (automatic),83.3,2680.44,No
6851-YRQUW,Female,0,Yes,Yes,25,Yes,Yes,No,No internet service,No internet service,No internet service,No internet service,No internet service,No internet service,Month-to-month,Yes,Electronic check,34.92,889.3,No
3276-GYIPZ,Male,0,No,Yes,8,Yes,No,Fiber optic,Yes,No,Yes,No,Yes,Yes,Month-to-month,Yes,Bank transfer (automatic),120.0,960.98,Yes
2770-YBDTW,Male,0,Yes,No,12,Yes,No,Fiber optic,Yes,Yes,Yes,Yes,Yes,No,Month-to-month,Yes,Bank transfer (automatic),119.76,1459.99,Yes
3106-QYISX,Female,0,Yes,No,8,Yes,Yes,No,No internet service,No internet service,No internet service,No internet service,No internet service,No internet service,One year,No,Electronic check,37.08,307.61,No
9533-GLVNH,Female,0,Yes,No,27,Yes,Yes,Fiber optic,No,No,Yes,No,Yes,Yes,Month-to-month,Yes,Electronic check,112.88,3048.7,Yes
2777-SIXSW,Female,0,No,No,57,Yes,No,Fiber optic,No,No,No,No,No,No,Month-to-month,No,Electronic check,91.69,5242.49,Yes
7473-INPJR,Male,0,No,No,34,Yes,Yes,DSL,Yes,No,No,No,No,No,One year,No,Electronic check,66.32,2237.43,No
4560-RBXHX,Female,1,Yes,Yes,28,Yes,No,No,No internet service,No internet service,No internet service,No internet service,No internet service,No internet service,Month-to-month,No,Electronic check,47.16,1325.81,No
4071-JPSUX,Male,0,Yes,No,25,Yes,Yes,Fiber optic,No,No,Yes,No,No,No,Month-to-month,No,Credit card (automatic),100.46,2520.4,No
1106-MOPBD,Female,0,Yes,No,48,Yes,Yes,No,No internet service,No internet service,No internet service,No internet service,No internet service,No internet service,Month-to-month,Yes,Credit card (automatic),39.95,1943.85,No
4690-RQTAL,Female,0,Yes,No,22,No,No phone service,DSL,Yes,No,No,No,Yes,Yes,Two year,Yes,Electronic check,61.53,1340.67,No
2623-ISOIL,Male,0,No,No,6,Yes,Yes,DSL,No,No,Yes,No,Yes,No,Month-to-month,No,Bank transfer (automatic),72.78,417.12,No
2582-OLRQW,Male,0,No,No,53,No,No phone service,DSL,No,Yes,No,No,Yes,Yes,Month-to-month,Yes,Mailed check,60.86,3240.93,No
2556-HJGBG,Male,0,Yes,Yes,10,Yes,No,Fiber optic,No,No,Yes,No,Yes,No,Month-to-month,Yes,Mailed check,96.33,956.18,Yes
3484-OMRYM,Male,0,Yes,No,6,Yes,Yes,Fiber optic,Yes,Yes,No,Yes,No,No,One year,No,Credit card (automatic),101.9,588.59,No
7042-IOKSY,Male,0,No,No,32,Yes,No,DSL,No,No,No,No,No,Yes,Month-to-month,No,Electronic check,72.05,2311.73,No
8623-SNQAQ,Female,0,Yes,Yes,3,No,No phone service,DSL,Yes,Yes,No,No,No,Yes,One year,Yes,Credit card (automatic),71.3,262.55,No
1932-PRSSP,Male,0,Yes,Yes,26,Yes,No,DSL,No,No,Yes,Yes,Yes,No,Month-to-month,No,Electronic check,78.65,2055.76,No
9084-CDYEQ,Male,0,No,No,29,Yes,Yes,Fiber optic,Yes,No,No,No,Yes,No,Month-to-month,No,Mailed check,103.05,2964.72,No
1566-HCEPB,Female,0,Yes,No,36,Yes,No,DSL,No,Yes,No,No,Yes,No,One year,No,Credit card (automatic),66.42,2377.35,No
3907-TJDWB,Male,0,Yes,No,34,Yes,No,Fiber optic,Yes,No,No,No,No,No,Month-to-month,No,Bank transfer (automatic),101.24,3423.13,No
1663-VAYTI,Female,0,Yes,Yes,8,Yes,No,No,No internet service,No internet service,No internet service,No internet service,No internet service,No internet service,Month-to-month,Yes,Bank transfer (automatic),40.14,299.1,No
8874-PNJCV,Female,0,No,No,48,Yes,No,Fiber optic,No,No,No,Yes,No,Yes,Two year,No,Electronic check,106.3,5102.54,No
7699-UZWBG,Female,0,Yes,Yes,25,Yes,No,Fiber optic,No,Yes,No,No,Yes,Yes,Two year,No,Mailed check,120.0,2987.5,No
3991-LHWTC,Male,0,No,No,19,No,No phone service,Fiber optic,Yes,No,No,No,Yes,No,Month-to-month,Yes,Electronic check,81.12,1574.0,Yes
7984-NCLDH,Male,0,Yes,Yes,8,Yes,Yes,DSL,No,No,No,No,Yes,Yes,One year,No,Mailed check,83.97,660.04,Yes
2575-MVQKX,Female,0,Yes,Yes,55,Yes,Yes,No,No internet service,No internet service,No internet service,No internet service,No internet service,No internet service,Month-to-month,Yes,Electronic check,41.36,2284.29,No
4094-XTNOU,Female,1,No,No,51,Yes,No,DSL,No,Yes,No,No,No,Yes,One year,No,Bank transfer (automatic),73.89,3775.5,No
4085-KRRJC,Male,1,Yes,Yes,17,Yes,No,No,No internet service,No internet service,No internet service,No internet service,No internet service,No internet service,One year,No,Mailed check,39.15,686.48,No
1457-ABKJL,Female,0,Yes,No,37,Yes,Yes,No,No internet service,No internet service,No internet service,No internet service,No internet service,No internet service,One year,Yes,Electronic check,34.17,1253.76,No
8614-GLZAC,Female,0,Yes,Yes,43,Yes,Yes,DSL,No,Yes,No,Yes,No,No,Month-to-month,Yes,Bank transfer (automatic),70.17,2992.51,No
6256-VFASG,Male,0,No,No,21,Yes,Yes,DSL,No,Yes,No,No,No,No,Month-to-month,Yes,Electronic check,66.63,1388.92,No
6654-AHHCO,Female,0,Yes,Yes,52,Yes,No,DSL,Yes,No,No,No,No,No,Month-to-month,Yes,Bank transfer (automatic),74.35,3879.46,No
2292-KEHGY,Male,0,No,No,54,Yes,Yes,Fiber optic,No,No,Yes,No,Yes,No,One year,Yes,Credit card (automatic),104.86,5658.35,No
4255-SZQML,Female,0,Yes,Yes,5,No,No phone service,Fiber optic,No,Yes,Yes,No,No,No,One year,Yes,Mailed check,82.2,399.17,No
6945-FNFVF,Female,0,Yes,No,42,Yes,No,No,No internet service,No internet service,No internet service,No internet service,No internet service,No internet service,Month-to-month,Yes,Bank transfer (automatic),43.64,1853.13,No
3541-QEMOD,Female,0,Yes,Yes,17,No,No phone service,No,No internet service,No internet service,No internet service,No internet service,No internet service,No internet service,Month-to-month,No,Credit card (automatic),19.0,332.28,No
2354-JRYJQ,Male,0,Yes,No,12,Yes,No,Fiber optic,Yes,No,No,No,No,No,One year,Yes,Bank transfer (automatic),87.44,1001.31,No
9391-YQFSV,Male,0,No,No,4,Yes,Yes,DSL,No,Yes,No,Yes,Yes,Yes,Month-to-month,Yes,Credit card (automatic),92.18,354.98,Yes
4570-OEVQD,Female,0,Yes,Yes,28,Yes,Yes,No,No internet service,No internet service,No internet service,No internet service,No internet service,No internet service,Two year,Yes,Electronic check,36.78,1059.47,No
1835-HDZXG,Female,1,No,Yes,20,Yes,No,Fiber optic,No,Yes,No,No,Yes,No,Month-to-month,Yes,Mailed check,100.97,2023.4,No
4739-JQPOY,Female,0,Yes,Yes,16,Yes,No,Fiber optic,No,No,No,No,No,No,Two year,Yes,Bank transfer (automatic),91.24,1464.87,No
5370-NUXVL,Male,0,No,Yes,44,Yes,No,Fiber optic,No,No,No,No,No,Yes,Month-to-month,No,Mailed check,98.94,4321.47,No
9967-IYAUE,Male,0,Yes,No,72,Yes,No,Fiber optic,No,Yes,No,No,No,No,Month-to-month,Yes,Electronic check,93.41,6740.59,Yes
7894-OTRHF,Female,0,No,No,37,Yes,Yes,Fiber optic,No,Yes,No,No,Yes,No,Two year,No,Electronic check,108.53,4022.02,Yes
5728-EHRXV,Male,0,Yes,No,20,Yes,No,DSL,No,No,No,No,No,No,One year,Yes,Bank transfer (automatic),72.68,1451.15,No
9967-YWJXK,Female,0,No,No,53,Yes,No,Fiber optic,No,No,No,No,No,Yes,Month-to-month,Yes,Bank transfer (automatic),91.34,4828.53,Yes
8375-EMBTZ,Male,1,No,Yes,11,Yes,Yes,Fiber optic,Yes,No,No,No,No,Yes,Two year,No,Bank transfer (automatic),98.43,1092.76,Yes
9411-SBJAV,Male,0,No,Yes,17,Yes,Yes,Fiber optic,No,No,No,No,No,No,Month-to-month,Yes,Credit card (automatic),90.23,1515.75,No
7447-FQJOM,Male,0,Yes,Yes,29,Yes,Yes,DSL,No,No,No,No,Yes,No,One year,Yes,Mailed check,67.93,1976.37,No
5180-NIFGN,Female,0,No,Yes,29,Yes,No,DSL,Yes,No,No,No,No,No,Month-to-month,Yes,Credit card (automatic),76.14,2194.45,Yes
3578-CQRRY,Female,1,Yes,No,49,Yes,No,DSL,No,No,No,No,No,Yes,Two year,No,Electronic check,71.19,3475.38,No
5228-ABIHW,Male,0,Yes,Yes,72,Yes,No,Fiber optic,No,Yes,No,No,No,Yes,Two year,Yes,Credit card (automatic),103.58,7439.18,No
2369-TWGKJ,Male,1,No,Yes,48,Yes,Yes,Fiber optic,Yes,No,No,No,Yes,No,Month-to-month,Yes,Credit card (automatic),100.52,4844.17,No
7783-VPWZC,Female,0,No,Yes,72,Yes,Yes,DSL,No,No,Yes,No,No,No,Month-to-month,No,Credit card (automatic),72.94,5264.52,Yes
4447-DMEJF,Male,0,Yes,No,72,Yes,Yes,Fiber optic,Yes,No,No,No,Yes,No,One year,No,Credit card (automatic),104.61,7550.83,No
6580-LMCVU,Female,0,No,Yes,32,Yes,No,Fiber optic,Yes,No,Yes,Yes,No,Yes,Month-to-month,No,Credit card (automatic),120.0,3848.65,No
2144-DBKMV,Male,0,No,No,23,Yes,Yes,Fiber optic,Yes,No,Yes,No,No,No,Month-to-month,Yes,Electronic check,109.57,2525.38,Yes
5598-OVYGN,Male,0,Yes,No,41,Yes,No,Fiber optic,Yes,Yes,Yes,Yes,Yes,Yes,One year,No,Credit card (automatic),120.0,4956.1,No
2813-VNRZH,Male,1,Yes,No,5,No,No phone service,No,No internet service,No internet service,No internet service,No internet service,No internet service,No internet service,Month-to-month,Yes,Electronic check,18.36,86.29,Yes
2231-KLFXE,Female,0,No,No,49,Yes,Yes,DSL,No,Yes,No,No,No,Yes,Two year,Yes,Credit card (automatic),77.76,3846.12,No
2567-NKUHB,Male,0,Yes,No,45,Yes,Yes,No,No internet service,No internet service,No internet service,No internet service,No internet service,No internet service,One year,Yes,Mailed check,44.27,2021.94,No
5783-APZSX,Female,1,Yes,No,10,Yes,Yes,DSL,No,No,No,No,Yes,No,Month-to-month,No,Electronic check,72.57,750.79,Yes
7749-BCUIO,Male,1,Yes,No,67,Yes,Yes,Fiber optic,No,Yes,Yes,No,Yes,Yes,Month-to-month,Yes,Electronic check,118.35,7949.09,Yes
5028-MRXQW,Male,1,No,No,55,Yes,No,No,No internet service,No internet service,No internet service,No internet service,No internet service,No internet service,Two year,Yes,Electronic check,47.13,2632.24,No
5637-KRSNA,Female,1,Yes,No,39,Yes,No,No,No internet service,No internet service,No internet service,No internet service,No internet service,No internet service,Month-to-month,Yes,Bank transfer (automatic),41.57,1628.85,No
4203-VHPLT,Female,0,Yes,Yes,23,Yes,Yes,Fiber optic,No,No,No,No,No,Yes,Two year,No,Bank transfer (automatic),95.05,2179.15,No
9682-ZWUPI,Male,1,Yes,No,69,Yes,Yes,No,No internet service,No internet service,No internet service,No internet service,No internet service,No internet service,Month-to-month,No,Mailed check,44.45,3059.85,No
1264-VUIIW,Male,0,Yes,No,6,Yes,Yes,Fiber optic,Yes,No,No,No,No,No,Month-to-month,Yes,Mailed check,93.58,543.59,No
1849-MWNLP,Male,0,No,No,25,Yes,No,Fiber optic,No,No,Yes,Yes,No,No,Month-to-month,Yes,Electronic check,105.83,2672.72,No
9664-DJOYM,Female,0,No,No,42,Yes,No,Fiber optic,No,No,No,No,No,No,Month-to-month,Yes,Mailed check,86.67,3663.37,Yes
6439-AIAZO,Male,0,No,No,59,Yes,No,Fiber optic,No,No,No,Yes,No,No,Month-to-month,Yes,Bank transfer (automatic),94.95,5618.43,No
4121-HWOLW,Male,0,No,No,54,No,No phone service,DSL,No,No,No,Yes,No,No,Month-to-month,No,Bank transfer (automatic),50.82,2723.95,No
3642-XIIJI,Male,1,Yes,No,9,No,No phone service,No,No internet service,No internet service,No internet service,No internet service,No internet service,No internet service,Month-to-month,Yes,Electronic check,18.92,192.76,No
5928-KIPDO,Female,0,No,No,36,Yes,No,DSL,No,No,No,No,No,No,Month-to-month,Yes,Bank transfer (automatic),65.02,2334.32,Yes
6348-RCSQR,Male,0,No,No,30,Yes,Yes,DSL,No,No,Yes,No,No,Yes,Month-to-month,Yes,Credit card (automatic),75.35,2243.47,Yes
3971-QXMNH,Female,0,No,Yes,5,Yes,No,Fiber optic,Yes,No,Yes,Yes,Yes,No,Month-to-month,Yes,Credit card (automatic),120.0,644.75,No
7029-PRNUI,Male,0,No,Yes,9,Yes,Yes,DSL,No,No,Yes,Yes,Yes,Yes,Month-to-month,No,Electronic check,86.7,768.82,Yes
9867-PVKKR,Male,0,Yes,No,4,Yes,Yes,DSL,No,No,No,No,No,Yes,Month-to-month,No,Credit card (automatic),66.94,270.25,Yes
4792-TJMRX,Male,0,No,Yes,5,Yes,No,Fiber optic,No,No,No,No,No,Yes,Two year,No,Electronic check,99.87,477.34,No
1960-UUTGM,Male,0,Yes,Yes,9,Yes,No,Fiber optic,Yes,No,No,Yes,Yes,No,Month-to-month,Yes,Electronic check,109.18,986.7,Yes
8389-XJSZY,Male,0,No,No,24,No,No phone service,No,No internet service,No internet service,No internet service,No internet service,No internet service,No internet service,Month-to-month,No,Electronic check,18.25,453.33,Yes
7929-QCVDC,Female,0,Yes,No,25,Yes,Yes,Fiber optic,No,Yes,No,Yes,No,Yes,Two year,Yes,Mailed check,104.89,2649.97,No
9193-MGMNR,Male,0,No,Yes,35,No,No phone service,No,No internet service,No internet service,No internet service,No internet service,No internet service,No internet service,One year,Yes,Credit card (automatic),18.86,646.97,No
2771-KUPGN,Female,0,No,Yes,15,Yes,No,Fiber optic,Yes,No,Yes,No,Yes,No,Month-to-month,No,Credit card (automatic),106.44,1603.94,No
7327-HQQWT,Male,0,No,No,61,Yes,Yes,Fiber optic,No,Yes,No,No,No,No,Two year,Yes,Mailed check,99.18,6033.33,No
3850-SAOGX,Male,0,Yes,No,52,Yes,Yes,DSL,No,Yes,Yes,No,No,Yes,Two year,Yes,Mailed check,73.01,3793.64,No
2376-GNOFA,Male,0,No,No,34,Yes,Yes,No,No internet service,No internet service,No internet service,No internet service,No internet service,No internet service,One year,Yes,Electronic check,41.89,1439.0,No
2142-ZVYXA,Male,0,No,Yes,72,Yes,No,Fiber optic,No,No,No,No,No,No,One year,No,Credit card (automatic),86.01,6164.59,No
7410-SPZFG,Female,0,No,No,32,Yes,Yes,DSL,No,No,No,No,No,No,One year,Yes,Electronic check,57.96,1871.26,No
7783-WHWHU,Male,0,No,No,7,Yes,Yes,DSL,Yes,Yes,No,Yes,No,No,Two year,No,Electronic check,80.95,536.94,No
4316-MNSAM,Female,0,No,No,42,Yes,Yes,Fiber optic,No,No,Yes,No,Yes,Yes,Month-to-month,Yes,Credit card (automatic),113.07,4753.83,Yes
1101-RWCWM,Female,0,No,No,28,Yes,No,No,No internet service,No internet service,No internet service,No internet service,No internet service,No internet service,Two year,Yes,Electronic check,47.0,1313.5,No
6795-SEHHO,Female,0,Yes,No,19,Yes,Yes,Fiber optic,No,Yes,Yes,No,No,Yes,Month-to-month,Yes,Electronic check,101.32,1916.73,No
8123-BZTTX,Male,0,Yes,No,21,Yes,No,DSL,Yes,No,Yes,Yes,No,Yes,One year,No,Credit card (automatic),87.23,1827.58,No
8313-XIESC,Male,1,No,No,37,Yes,No,DSL,No,No,Yes,No,No,No,Two year,No,Electronic check,64.4,2406.24,No
1394-ANRGY,Female,0,No,No,33,Yes,Yes,Fiber optic,No,Yes,Yes,No,No,Yes,Month-to-month,Yes,Electronic check,106.47,3495.03,Yes
3944-WSZCB,Male,0,Yes,No,72,No,No phone service,Fiber optic,No,Yes,Yes,Yes,Yes,No,Month-to-month,No,Mailed check,99.9,7182.01,No
1197-SJRAH,Male,1,Yes,No,30,Yes,No,Fiber optic,No,Yes,No,No,Yes,Yes,Two year,Yes,Electronic check,113.17,3440.13,No
6667-GTWDZ,Female,0,Yes,No,32,No,No phone service,Fiber optic,Yes,Yes,No,No,No,No,One year,No,Credit card (automatic),76.16,2455.27,No
7284-XNNDE,Female,0,No,No,28,Yes,No,Fiber optic,No,No,No,Yes,No,No,One year,Yes,Bank transfer (automatic),98.88,2776.0,Yes
5960-SWPFX,Female,1,No,No,28,Yes,No,Fiber optic,No,No,No,Yes,No,No,Two year,Yes,Mailed check,91.15,2573.57,No
4893-FUQVB,Male,0,No,No,10,Yes,No,DSL,No,Yes,No,No,No,Yes,Month-to-month,No,Electronic check,77.01,770.22,Yes
8158-MVFZV,Female,0,Yes,No,17,Yes,Yes,DSL,No,Yes,No,No,Yes,No,One year,Yes,Electronic check,72.44,1234.95,No
9083-NNLOF,Male,0,Yes,No,36,Yes,No,Fiber optic,No,No,No,No,No,Yes,One year,No,Credit card (automatic),96.41,3452.92,No
2830-PJYEX,Female,0,No,Yes,7,Yes,Yes,DSL,No,No,Yes,No,No,No,Month-to-month,Yes,Electronic check,72.78,525.47,Yes
9977-LRHNL,Female,0,Yes,Yes,22,Yes,Yes,Fiber optic,No,No,No,Yes,No,No,Month-to-month,Yes,Electronic check,91.44,1999.56,Yes
1700-JXMCD,Female,0,Yes,No,64,Yes,No,DSL,No,No,Yes,No,Yes,No,One year,Yes,Electronic check,75.27,4848.53,No
1001-HNPLY,Female,1,Yes,Yes,21,Yes,Yes,Fiber optic,No,Yes,No,No,No,No,One year,Yes,Bank transfer (automatic),92.25,1924.4,No
5654-TMMRK,Male,0,No,No,72,Yes,Yes,DSL,Yes,No,Yes,No,Yes,Yes,One year,Yes,Credit card (automatic),92.3,6650.34,No
8592-GKRRJ,Male,0,No,Yes,21,Yes,No,DSL,Yes,Yes,Yes,No,No,No,Month-to-month,Yes,Electronic check,87.97,1824.4,Yes
5892-PLLCQ,Male,0,Yes,No,54,Yes,No,DSL,No,No,Yes,No,No,No,One year,No,Electronic check,71.69,3854.31,No
8902-OPRJQ,Male,0,Yes,No,29,Yes,Yes,Fiber optic,No,No,No,Yes,Yes,No,Month-to-month,Yes,Credit card (automatic),112.24,3241.94,No
3177-MGCCU,Female,0,No,No,10,Yes,Yes,Fiber optic,Yes,No,No,No,No,No,Month-to-month,Yes,Electronic check,93.34,961.97,No
8708-NSGMM,Male,0,Yes,No,72,No,No phone service,Fiber optic,Yes,No,No,No,No,No,One year,No,Mailed check,80.92,5840.98,No
8837-FXHTN,Female,0,Yes,No,9,No,No phone service,No,No internet service,No internet service,No internet service,No internet service,No internet service,No internet service,One year,Yes,Mailed check,18.25,180.38,No
9463-BNXUW,Male,1,Yes,Yes,18,Yes,Yes,Fiber optic,No,Yes,No,No,No,Yes,Two year,No,Mailed check,109.84,2007.36,No
8691-AKFXE,Male,0,Yes,No,72,Yes,No,DSL,Yes,Yes,Yes,No,No,No,Month-to-month,Yes,Electronic check,81.1,5842.73,No
3958-RGIYS,Male,0,No,Yes,32,Yes,Yes,No,No internet service,No internet service,No internet service,No internet service,No internet service,No internet service,Two year,No,Credit card (automatic),36.93,1148.23,No
2240-QFEUJ,Female,0,No,No,14,No,No phone service,Fiber optic,No,No,No,No,No,No,Two year,No,Electronic check,73.42,1033.27,No
6517-QHSRF,Female,0,Yes,No,28,Yes,No,Fiber optic,No,No,No,Yes,No,No,Month-to-month,Yes,Mailed check,95.27,2681.99,No
8603-TNNHT,Female,0,No,No,41,Yes,Yes,Fiber optic,No,No,No,Yes,No,Yes,Month-to-month,Yes,Bank transfer (automatic),99.43,4073.91,No
3639-SAPDP,Male,0,Yes,No,21,Yes,No,DSL,No,No,Yes,No,No,No,Two year,Yes,Credit card (automatic),69.29,1484.24,No
8285-BFDAA,Male,0,No,No,68,Yes,Yes,No,No internet service,No internet service,No internet service,No internet service,No internet service,No internet service,Month-to-month,Yes,Bank transfer (automatic),41.47,2810.64,No
6433-QUTUQ,Female,1,Yes,Yes,15,Yes,No,No,No internet service,No internet service,No internet service,No internet service,No internet service,No internet service,One year,Yes,Mailed check,34.02,478.36,No
9240-KERPV,Female,0,Yes,No,4,No,No phone service,No,No internet service,No internet service,No internet service,No internet service,No internet service,No internet service,One year,No,Electronic check,19.0,87.49,No
3497-TVONR,Male,1,No,Yes,50,Yes,No,Fiber optic,No,Yes,No,No,No,Yes,Month-to-month,No,Mailed check,103.06,5160.62,No
8063-UESVR,Female,1,No,No,24,Yes,No,DSL,No,Yes,No,No,Yes,No,Two year,Yes,Mailed check,77.92,1848.37,No
1373-TTVRY,Male,0,No,No,54,Yes,No,DSL,Yes,Yes,No,No,No,Yes,Month-to-month,No,Mailed check,81.66,4403.7,No
9309-CFLKE,Male,0,No,No,20,Yes,Yes,Fiber optic,Yes,Yes,Yes,No,Yes,Yes,Month-to-month,Yes,Bank transfer (automatic),120.0,2408.15,No
4655-WJQBH,Female,1,No,No,36,No,No phone service,DSL,Yes,No,Yes,No,No,Yes,Month-to-month,Yes,Bank transfer (automatic),63.7,2257.0,Yes
8010-NDTYN,Male,1,No,Yes,19,Yes,Yes,DSL,Yes,No,Yes,No,No,No,Two year,Yes,Electronic check,88.39,1678.31,No
7688-NLHDF,Male,1,Yes,Yes,22,Yes,Yes,DSL,No,No,No,Yes,Yes,No,Month-to-month,Yes,Credit card (automatic),74.7,1644.09,No
5571-XFHQT,Female,0,Yes,No,7,Yes,No,No,No internet service,No internet service,No internet service,No internet service,No internet service,No internet service,One year,Yes,Bank transfer (automatic),39.01,300.54,No
8354-WNPGL,Female,0,No,Yes,10,Yes,No,No,No internet service,No internet service,No internet service,No internet service,No internet service,No internet service,Month-to-month,Yes,Electronic check,36.86,411.12,No
5426-VCLDH,Male,1,No,No,34,No,No phone service,Fiber optic,No,No,Yes,No,No,No,Month-to-month,Yes,Bank transfer (automatic),75.4,2562.13,Yes
9884-BHTXE,Male,1,No,No,50,Yes,No,Fiber optic,Yes,No,No,No,Yes,No,Month-to-month,No,Bank transfer (automatic),104.52,5197.05,Yes
5766-VDXUY,Female,0,Yes,No,36,Yes,No,No,No internet service,No internet service,No internet service,No internet service,No internet service,No internet service,Month-to-month,No,Bank transfer (automatic),45.0,1648.41,No
5407-BNVPR,Female,1,Yes,No,12,Yes,Yes,DSL,No,No,No,No,Yes,No,Month-to-month,No,Mailed check,76.55,899.57,No
5369-NVEWQ,Female,0,Yes,No,39,Yes,No,Fiber optic,No,Yes,Yes,No,No,Yes,Month-to-month,Yes,Bank transfer (automatic),110.0,4310.24,Yes
1184-LFBJL,Female,1,No,No,12,Yes,No,Fiber optic,No,Yes,Yes,No,No,No,Month-to-month,No,Mailed check,109.64,1325.13,Yes
9629-JZGWZ,Male,0,Yes,No,33,Yes,Yes,DSL,No,No,No,Yes,Yes,No,Month-to-month,Yes,Mailed check,68.1,2263.35,No
1161-QPDNN,Female,1,No,No,15,Yes,Yes,Fiber optic,No,No,No,No,No,No,One year,Yes,Electronic check,90.04,1364.81,Yes
4137-LVLFA,Male,0,Yes,No,24,Yes,No,DSL,No,No,No,No,Yes,Yes,Month-to-month,Yes,Credit card (automatic),82.04,1966.71,No
8386-LGBSS,Male,0,Yes,Yes,16,No,No phone service,Fiber optic,No,No,Yes,No,Yes,Yes,Month-to-month,Yes,Electronic check,92.3,1498.61,No
7506-FCGTY,Female,0,No,No,40,Yes,No,Fiber optic,No,No,No,No,Yes,No,Month-to-month,Yes,Bank transfer (automatic),103.98,4155.31,No
2795-TJWZY,Male,0,Yes,No,19,Yes,Yes,DSL,No,No,No,No,Yes,Yes,Two year,No,Mailed check,77.89,1520.24,No
5719-PIJYW,Female,0,No,No,41,Yes,Yes,DSL,No,Yes,No,Yes,No,No,One year,No,Credit card (automatic),74.49,3069.29,No
3179-WUGRY,Male,1,Yes,No,2,Yes,Yes,No,No internet service,No internet service,No internet service,No internet service,No internet service,No internet service,Two year,Yes,Mailed check,47.65,96.88,No
9780-XDRMR,Female,0,No,No,52,Yes,No,Fiber optic,Yes,Yes,No,Yes,No,Yes,Month-to-month,No,Electronic check,111.85,5803.89,No
3107-BDMFA,Female,1,No,Yes,12,Yes,No,No,No internet service,No internet service,No internet service,No internet service,No internet service,No internet service,Two year,Yes,Electronic check,44.67,557.62,No
4047-LOFRT,Male,0,No,Yes,72,Yes,No,DSL,Yes,No,Yes,Yes,No,No,Month-to-month,Yes,Mailed check,89.88,6463.96,No
2562-HXIGV,Male,0,Yes,No,20,Yes,Yes,Fiber optic,Yes,No,Yes,No,Yes,No,One year,Yes,Mailed check,104.31,2065.6,No
1870-UUKVT,Female,0,Yes,No,63,Yes,Yes,DSL,No,Yes,Yes,Yes,No,Yes,Month-to-month,Yes,Bank transfer (automatic),85.83,5413.6,No
7369-SRTKP,Male,0,No,No,5,Yes,No,Fiber optic,No,Yes,No,No,No,No,One year,Yes,Credit card (automatic),103.96,487.98,No
4230-BAAAF,Male,0,No,No,57,Yes,Yes,DSL,No,No,Yes,No,Yes,Yes,Two year,Yes,Mailed check,81.53,4658.77,No
4731-PWUXQ,Male,0,No,No,14,Yes,Yes,DSL,No,Yes,No,No,No,No,One year,Yes,Bank transfer (automatic),67.35,934.85,No
2438-BKZHA,Female,1,No,No,57,Yes,No,No,No internet service,No internet service,No internet service,No internet service,No internet service,No internet service,Month-to-month,No,Electronic check,46.78,2703.33,No
5568-SOJHO,Male,0,No,No,27,Yes,No,Fiber optic,Yes,Yes,No,Yes,No,Yes,One year,No,Credit card (automatic),118.85,3208.01,No
7367-KHBVV,Female,1,No,Yes,21,Yes,No,DSL,No,No,No,No,No,Yes,One year,No,Electronic check,71.06,1505.7,Yes
7002-EDKYN,Male,0,No,No,64,Yes,Yes,Fiber optic,No,No,No,No,No,No,Month-to-month,Yes,Credit card (automatic),91.19,5863.1,Yes
5903-XWCZJ,Male,0,No,No,17,Yes,Yes,Fiber optic,Yes,No,Yes,Yes,No,No,Month-to-month,Yes,Electronic check,119.05,2022.42,No
4394-KSSIU,Male,0,No,Yes,72,Yes,No,DSL,No,No,No,Yes,No,No,One year,Yes,Bank transfer (automatic),74.98,5415.27,No
4684-FPDZR,Female,0,No,No,22,Yes,Yes,DSL,No,Yes,No,No,No,Yes,Month-to-month,No,Mailed check,76.15,1709.99,No
6031-ZIXSP,Male,0,No,Yes,28,Yes,No,Fiber optic,No,No,No,No,Yes,No,Month-to-month,Yes,Bank transfer (automatic),97.83,2733.2,No
3875-EAKSZ,Male,0,Yes,No,31,Yes,No,DSL,No,No,Yes,No,No,Yes,Two year,No,Credit card (automatic),85.63,2661.52,No
9608-GIZRL,Female,0,Yes,No,10,Yes,No,No,No internet service,No internet service,No internet service,No internet service,No internet service,No internet service,Two year,No,Bank transfer (automatic),41.96,445.79,No
5770-ASBZL,Male,0,No,Yes,35,Yes,No,Fiber optic,No,No,No,No,No,No,Month-to-month,Yes,Electronic check,85.09,2976.45,Yes
7203-TQLAV,Male,0,No,No,14,Yes,Yes,No,No internet service,No internet service,No internet service,No internet service,No internet service,No internet service,Two year,No,Mailed check,37.47,521.93,No
4259-ZQBPQ,Male,0,Yes,No,11,Yes,Yes,DSL,No,No,No,No,Yes,No,Two year,Yes,Electronic check,66.84,713.85,No
6816-ESTLG,Male,0,No,Yes,11,Yes,No,DSL,No,No,No,No,No,Yes,One year,Yes,Electronic check,67.97,715.81,No
2659-UMCGS,Female,1,No,No,20,Yes,Yes,Fiber optic,No,Yes,No,No,Yes,No,One year,Yes,Electronic check,107.81,2144.91,No
8848-SFWIT,Female,0,No,No,66,No,No phone service,Fiber optic,No,No,No,No,No,No,Two year,Yes,Bank transfer (automatic),71.63,4692.58,No
8600-EGOWP,Female,0,No,No,15,No,No phone service,Fiber optic,No,Yes,No,Yes,Yes,No,One year,Yes,Credit card (automatic),84.7,1289.74,Yes
5977-ADAFH,Female,0,Yes,No,34,Yes,No,Fiber optic,No,Yes,Yes,Yes,No,No,Month-to-month,Yes,Electronic check,107.66,3643.61,Yes
2083-FKRAQ,Male,0,Yes,Yes,62,Yes,Yes,DSL,Yes,Yes,Yes,No,No,No,Month-to-month,Yes,Credit card (automatic),95.78,5975.56,No
6351-UQNTC,Male,0,Yes,No,22,No,No phone service,Fiber optic,No,Yes,Yes,No,No,Yes,Month-to-month,Yes,Credit card (automatic),89.3,2016.82,Yes
6487-LGLRB,Male,1,No,No,30,Yes,Yes,No,No internet service,No internet service,No internet service,No internet service,No internet service,No internet service,Month-to-month,No,Bank transfer (automatic),40.73,1221.38,No
6278-QMEUH,Female,0,Yes,Yes,70,Yes,Yes,Fiber optic,Yes,No,Yes,No,No,Yes,Month-to-month,Yes,Bank transfer (automatic),108.66,7613.75,No
2539-EADJR,Male,0,No,No,39,Yes,No,No,No internet service,No internet service,No internet service,No internet service,No internet service,No internet service,Month-to-month,Yes,Credit card (automatic),34.68,1358.84,No
2367-GDYBI,Female,0,No,No,36,Yes,No,Fiber optic,Yes,No,No,Yes,No,Yes,Month-to-month,No,Mailed check,109.79,3936.96,No
2597-JNYKF,Male,0,No,No,27,Yes,No,DSL,No,Yes,Yes,Yes,No,Yes,Month-to-month,No,Credit card (automatic),93.1,2477.32,No
2648-DZMMF,Female,0,No,No,72,Yes,No,No,No internet service,No internet service,No internet service,No internet service,No internet service,No internet service,Two year,No,Mailed check,34.84,2485.88,No
6672-XLCDS,Male,0,No,No,20,No,No phone service,Fiber optic,No,Yes,No,Yes,No,No,Month-to-month,Yes,Electronic check,86.04,1675.09,Yes
7569-SDHCP,Female,1,No,No,18,Yes,Yes,Fiber optic,No,No,Yes,Yes,Yes,No,One year,Yes,Bank transfer (automatic),107.39,1913.09,No
1231-HNYZB,Female,0,Yes,No,21,Yes,No,DSL,Yes,No,No,Yes,No,Yes,One year,No,Electronic check,81.48,1743.91,No
6820-ABFWS,Female,0,Yes,Yes,42,Yes,Yes,DSL,No,No,No,Yes,Yes,Yes,Two year,No,Electronic check,80.62,3378.91,No
2844-ZUPGK,Male,0,No,No,33,Yes,No,DSL,No,No,No,No,Yes,Yes,Month-to-month,Yes,Electronic check,75.17,2484.25,No
8673-MWXPG,Male,0,Yes,Yes,12,Yes,No,DSL,Yes,No,Yes,No,No,Yes,Month-to-month,No,Mailed check,84.17,1043.75,Yes
6480-PGURZ,Female,0,No,Yes,45,Yes,Yes,No,No internet service,No internet service,No internet service,No internet service,No internet service,No internet service,One year,Yes,Electronic check,39.1,1748.49,No
6738-LGSSG,Male,0,Yes,Yes,39,Yes,No,Fiber optic,No,No,Yes,No,No,No,One year,No,Electronic check,99.28,3868.18,No
6241-NAYTS,Female,1,No,No,15,Yes,No,DSL,No,No,No,Yes,No,Yes,Two year,Yes,Electronic check,76.81,1144.54,No
5645-APVWM,Female,0,Yes,No,35,Yes,Yes,DSL,No,No,No,No,No,No,Month-to-month,Yes,Bank transfer (automatic),63.7,2265.0,No
2307-AUKHE,Female,1,No,No,53,Yes,No,DSL,Yes,No,No,Yes,Yes,Yes,Month-to-month,Yes,Electronic check,96.22,5109.45,No
9777-FYOWB,Female,0,Yes,No,22,Yes,Yes,Fiber optic,Yes,No,No,Yes,No,No,Month-to-month,Yes,Bank transfer (automatic),102.22,2262.2,No
8358-KRKFC,Female,0,No,No,5,Yes,Yes,Fiber optic,No,Yes,No,Yes,No,Yes,One year,No,Credit card (automatic),113.89,586.2,No
1356-MLVUX,Male,1,Yes,Yes,25,Yes,No,No,No internet service,No internet service,No internet service,No internet service,No internet service,No internet service,Month-to-month,Yes,Bank transfer (automatic),38.95,972.81,No
7546-VIGZD,Male,0,No,Yes,21,Yes,Yes,DSL,No,No,Yes,No,No,Yes,Month-to-month,Yes,Electronic check,70.34,1471.42,No
6247-XYJAV,Male,0,Yes,Yes,3,Yes,Yes,No,No internet service,No internet service,No internet service,No internet service,No internet service,No internet service,One year,No,Bank transfer (automatic),43.28,137.89,No
7683-DUSVV,Male,0,No,No,18,Yes,No,DSL,No,No,Yes,No,Yes,No,Month-to-month,Yes,Electronic check,82.3,1477.91,Yes
1846-DHSPJ,Female,0,No,Yes,10,Yes,No,No,No internet service,No internet service,No internet service,No internet service,No internet service,No internet service,Month-to-month,Yes,Credit card (automatic),45.39,455.92,No
5966-ZUIPQ,Male,1,No,No,64,Yes,Yes,Fiber optic,No,No,No,Yes,Yes,Yes,Month-to-month,Yes,Electronic check,115.06,7382.58,No
6639-QECIA,Male,0,No,No,64,Yes,No,No,No internet service,No internet service,No internet service,No internet service,No internet service,No internet service,Two year,Yes,Electronic check,36.69,2352.44,No
1681-RDATL,Female,1,No,No,37,Yes,Yes,No,No internet service,No internet service,No internet service,No internet service,No internet service,No internet service,One year,Yes,Electronic check,38.94,1453.25,No
7568-WUSHY,Female,0,No,No,24,Yes,Yes,Fiber optic,No,No,No,No,Yes,No,Month-to-month,No,Credit card (automatic),104.63,2528.75,No
5491-ZOFGT,Male,0,Yes,No,20,No,No phone service,Fiber optic,No,No,Yes,No,Yes,No,Month-to-month,No,Electronic check,89.26,1753.5,No
4087-SWZAJ,Female,0,No,Yes,50,Yes,No,DSL,No,No,No,Yes,Yes,Yes,Two year,Yes,Electronic check,86.14,4277.35,No
3265-XNGGR,Male,0,Yes,No,22,Yes,Yes,Fiber optic,No,Yes,No,No,No,No,Month-to-month,Yes,Electronic check,97.34,2121.58,Yes
7486-MRDBA,Female,1,No,Yes,26,No,No phone service,DSL,No,No,No,No,No,No,Month-to-month,No,Credit card (automatic),47.85,1207.15,No
3079-ENBHN,Female,0,Yes,No,32,Yes,Yes,Fiber optic,No,No,No,No,Yes,No,Two year,Yes,Mailed check,96.68,3074.16,No
1947-KDWYB,Female,0,Yes,Yes,72,Yes,No,DSL,No,Yes,Yes,No,No,Yes,Month-to-month,Yes,Credit card (automatic),82.63,5985.15,No
7127-XZLLD,Female,0,No,No,6,Yes,No,DSL,Yes,No,No,No,No,No,Two year,No,Credit card (automatic),69.03,423.91,No
7420-NVIHH,Female,0,Yes,No,16,Yes,Yes,No,No internet service,No internet service,No internet service,No internet service,No internet service,No internet service,One year,No,Bank transfer (automatic),45.14,736.49,No
1753-KYOEQ,Female,1,Yes,No,8,Yes,Yes,No,No internet service,No internet service,No internet service,No internet service,No internet service,No internet service,One year,No,Electronic check,42.12,343.63,No
7692-MTEYX,Female,0,Yes,No,36,Yes,Yes,No,No internet service,No internet service,No internet service,No internet service,No internet service,No internet service,One year,Yes,Credit card (automatic),39.62,1432.52,No
2406-RKLQV,Male,0,No,Yes,6,Yes,No,DSL,Yes,No,No,Yes,No,Yes,Month-to-month,Yes,Mailed check,93.55,574.76,Yes
3100-DZIOT,Female,0,Yes,No,13,Yes,No,No,No internet service,No internet service,No internet service,No internet service,No internet service,No internet service,Two year,No,Mailed check,44.25,583.27,No
6366-LPYGU,Female,0,Yes,No,30,Yes,No,DSL,No,No,No,Yes,No,No,Month-to-month,Yes,Bank transfer (automatic),73.02,2207.22,Yes
4812-AMWZE,Female,1,No,Yes,45,No,No phone service,DSL,No,No,Yes,No,No,No,Month-to-month,No,Bank transfer (automatic),56.06,2496.13,No
7351-ZXLAW,Female,0,No,Yes,25,Yes,No,DSL,No,No,No,Yes,No,No,Month-to-month,Yes,Credit card (automatic),67.85,1712.84,No
5626-RHALY,Female,0,Yes,Yes,14,Yes,No,DSL,Yes,No,No,No,Yes,Yes,Month-to-month,No,Credit card (automatic),80.51,1151.65,No
9168-YMSQI,Male,0,No,Yes,20,No,No phone service,DSL,No,Yes,No,No,Yes,No,Month-to-month,Yes,Mailed check,60.74,1189.63,No
6543-QXNAC,Male,0,Yes,No,20,Yes,Yes,No,No internet service,No internet service,No internet service,No internet service,No internet service,No internet service,Month-to-month,Yes,Electronic check,40.03,795.65,No
9519-TBDTT,Male,1,No,Yes,49,No,No phone service,Fiber optic,No,No,Yes,Yes,No,Yes,Month-to-month,No,Credit card (automatic),94.38,4623.57,No
3098-KCAMX,Female,0,Yes,No,15,Yes,No,Fiber optic,No,No,No,Yes,No,Yes,Two year,No,Electronic check,101.63,1522.28,No
2473-CMDWJ,Female,0,Yes,Yes,47,Yes,No,Fiber optic,No,No,No,Yes,Yes,No,One year,Yes,Mailed check,97.93,4604.31,No
6525-RQGVO,Male,0,Yes,No,24,Yes,No,Fiber optic,Yes,No,No,Yes,No,No,Month-to-month,No,Electronic check,110.24,2670.75,No
3143-LZZQB,Male,1,No,Yes,56,Yes,No,Fiber optic,No,No,No,No,Yes,Yes,Month-to-month,No,Mailed check,96.56,5435.43,No
3129-XRBIC,Female,1,Yes,No,28,Yes,Yes,No,No internet service,No internet service,No internet service,No internet service,No internet service,No internet service,One year,Yes,Mailed check,44.37,1237.95,No
5841-ZYFWE,Female,0,No,No,17,Yes,No,DSL,Yes,No,No,No,Yes,Yes,One year,Yes,Bank transfer (automatic),77.7,1280.47,No
1588-IWKZV,Female,0,No,No,55,Yes,No,DSL,Yes,Yes,Yes,No,Yes,No,Month-to-month,No,Credit card (automatic),88.05,4820.56,No
6320-DYBVG,Male,0,No,No,72,Yes,Yes,DSL,No,Yes,Yes,No,Yes,No,Two year,Yes,Credit card (automatic),95.87,6933.95,No
9966-QLZQX,Male,0,No,No,30,Yes,No,Fiber optic,No,No,No,No,No,No,Month-to-month,No,Mailed check,87.53,2604.29,No
3069-QEFWB,Male,0,Yes,No,50,Yes,Yes,Fiber optic,No,No,No,Yes,No,Yes,Month-to-month,No,Electronic check,109.05,5427.1,No
7183-WDDMK,Male,0,Yes,No,29,Yes,No,Fiber optic,Yes,No,Yes,Yes,Yes,Yes,Month-to-month,Yes,Mailed check,120.0,3479.95,Yes
6740-BCWTY,Female,1,Yes,No,15,Yes,No,Fiber optic,No,No,No,No,Yes,No,Two year,No,Mailed check,98.71,1478.29,No
6684-RROWF,Male,0,No,Yes,57,Yes,Yes,Fiber optic,No,Yes,Yes,No,Yes,No,Two year,No,Mailed check,107.03,6071.55,No
6561-OHTSP,Female,0,Yes,Yes,9,Yes,No,DSL,Yes,No,No,No,Yes,No,One year,Yes,Credit card (automatic),82.34,748.05,Yes
5542-DPTNZ,Female,0,No,Yes,8,No,No phone service,No,No internet service,No internet service,No internet service,No internet service,No internet service,No internet service,Month-to-month,No,Mailed check,25.15,189.48,No
6939-WJOOS,Male,0,No,No,58,Yes,No,Fiber optic,No,No,Yes,No,No,Yes,Month-to-month,No,Electronic check,97.29,5662.47,Yes
8101-XEUOP,Male,0,No,Yes,21,Yes,No,DSL,No,Yes,Yes,No,Yes,Yes,Month-to-month,Yes,Bank transfer (automatic),91.16,1895.53,Yes
7344-PYRWU,Female,0,No,Yes,10,Yes,Yes,DSL,No,No,No,No,Yes,No,Month-to-month,Yes,Electronic check,67.08,679.29,No
3528-NGJNO,Male,1,Yes,No,72,Yes,Yes,DSL,No,No,No,No,Yes,No,Two year,Yes,Electronic check,64.74,4639.38,No
7800-XNLDT,Male,0,Yes,No,43,Yes,Yes,Fiber optic,No,No,No,No,No,No,One year,Yes,Bank transfer (automatic),88.42,3820.87,No
2390-PFWPR,Female,1,No,No,25,Yes,Yes,Fiber optic,No,Yes,Yes,No,No,Yes,Month-to-month,Yes,Electronic check,116.59,2894.33,No
4511-WMEJU,Female,0,Yes,No,34,Yes,No,Fiber optic,No,No,No,No,Yes,Yes,Two year,No,Bank transfer (automatic),100.34,3404.01,No
6531-WJEEK,Female,0,No,Yes,31,Yes,No,DSL,No,Yes,Yes,No,No,No,Month-to-month,Yes,Credit card (automatic),73.2,2269.55,Yes
7512-IXULQ,Male,0,No,No,43,Yes,Yes,DSL,No,No,No,Yes,Yes,No,Month-to-month,Yes,Electronic check,76.36,3306.95,No
4720-BWOKO,Male,1,Yes,Yes,24,No,No phone service,DSL,Yes,No,No,Yes,Yes,No,Month-to-month,Yes,Mailed check,69.92,1664.32,No
8984-TEKFT,Male,0,Yes,Yes,45,No,No phone service,Fiber optic,No,No,No,Yes,No,No,Two year,No,Bank transfer (automatic),79.22,3565.04,No
3554-PIJMW,Male,0,Yes,No,29,Yes,Yes,Fiber optic,No,No,No,No,No,Yes,Month-to-month,No,Bank transfer (automatic),101.29,2928.08,No
5103-GZNRC,Male,0,Yes,Yes,4,No,No phone service,DSL,Yes,No,Yes,No,No,No,Month-to-month,No,Credit card (automatic),63.07,236.15,No
3140-SEGGU,Female,0,No,No,17,Yes,Yes,DSL,No,Yes,No,No,No,Yes,Month-to-month,No,Credit card (automatic),85.8,1457.16,Yes
6110-PZVNG,Male,0,No,No,40,Yes,No,DSL,No,No,No,Yes,No,No,Two year,Yes,Electronic check,74.13,2947.59,No
9204-SUDRD,Female,0,Yes,Yes,8,Yes,Yes,Fiber optic,No,No,No,No,No,Yes,Month-to-month,No,Mailed check,100.19,798.57,Yes
5111-TQPLZ,Female,0,No,Yes,29,Yes,Yes,DSL,No,No,No,No,No,No,One year,No,Electronic check,64.27,1870.47,No
1533-MLZCP,Female,0,Yes,Yes,21,Yes,No,Fiber optic,No,No,Yes,No,No,Yes,Two year,No,Electronic check,99.31,2102.06,No
2824-ZMLID,Male,0,No,Yes,72,Yes,No,DSL,No,No,Yes,Yes,No,Yes,One year,No,Mailed check,82.85,5989.31,No
9445-LMYDW,Male,0,No,No,47,Yes,Yes,Fiber optic,No,Yes,Yes,No,Yes,Yes,Month-to-month,Yes,Electronic check,119.75,5660.41,Yes
4795-VBHYX,Female,0,Yes,No,8,Yes,No,DSL,No,No,Yes,No,No,Yes,Month-to-month,Yes,Bank transfer (automatic),71.11,569.75,Yes
1828-REZXN,Male,0,No,Yes,41,No,No phone service,DSL,No,Yes,No,No,No,No,Month-to-month,Yes,Bank transfer (automatic),52.34,2149.4,No
1825-QWYJV,Female,1,No,Yes,21,Yes,No,Fiber optic,No,No,No,No,No,No,Two year,Yes,Mailed check,94.48,1974.92,Yes
8508-BJHYX,Male,0,Yes,No,28,Yes,No,No,No internet service,No internet service,No internet service,No internet service,No internet service,No internet service,Two year,Yes,Credit card (automatic),47.33,1338.53,No
9377-OQEBE,Male,0,Yes,No,21,Yes,Yes,Fiber optic,No,Yes,No,No,No,Yes,Month-to-month,No,Credit card (automatic),105.77,2225.0,Yes
2039-HWUPG,Female,1,No,No,72,Yes,No,DSL,Yes,Yes,No,No,Yes,Yes,Month-to-month,Yes,Bank transfer (automatic),90.69,6560.82,No
8633-SLGOY,Female,0,Yes,Yes,72,Yes,No,No,No internet service,No internet service,No internet service,No internet service,No internet service,No internet service,Month-to-month,Yes,Mailed check,36.66,2649.61,No
4907-GOXMI,Male,0,Yes,No,15,Yes,Yes,Fiber optic,No,No,No,No,Yes,No,Month-to-month,No,Electronic check,101.63,1513.14,Yes
8164-VKUTS,Female,0,Yes,Yes,56,Yes,No,Fiber optic,Yes,No,No,No,Yes,No,Month-to-month,Yes,Electronic check,101.78,5714.35,No
8201-AMMWP,Male,0,No,No,17,No,No phone service,Fiber optic,No,No,No,No,No,Yes,Two year,Yes,Electronic check,74.01,1248.05,No
4783-DXMAJ,Female,0,Yes,No,14,Yes,Yes,Fiber optic,No,Yes,No,No,No,No,Month-to-month,No,Credit card (automatic),100.26,1386.39,No
4945-JVFJB,Female,0,No,No,29,Yes,No,Fiber optic,No,Yes,No,No,No,Yes,Month-to-month,Yes,Mailed check,99.8,2895.59,Yes
5514-FBKGC,Female,0,Yes,Yes,26,Yes,Yes,DSL,Yes,No,No,No,Yes,Yes,Month-to-month,Yes,Mailed check,78.47,1999.73,No
8155-SAHED,Female,0,Yes,No,12,Yes,No,Fiber optic,Yes,No,No,No,No,No,Two year,Yes,Mailed check,89.06,1082.98,No
2986-YUHOS,Male,1,No,Yes,6,Yes,No,DSL,No,Yes,Yes,No,Yes,Yes,Month-to-month,Yes,Bank transfer (automatic),82.9,494.44,Yes
1213-DUXON,Female,0,Yes,No,27,Yes,No,Fiber optic,No,No,Yes,No,No,No,Two year,Yes,Credit card (automatic),107.92,2922.46,No
9816-IEBZB,Male,0,No,Yes,12,No,No phone service,DSL,Yes,No,No,No,No,No,Month-to-month,Yes,Electronic check,54.47,686.96,No
5429-OLFHS,Male,0,Yes,No,22,Yes,No,Fiber optic,No,Yes,No,No,Yes,No,One year,No,Credit card (automatic),93.19,2073.47,Yes
6900-CQGRR,Male,0,No,Yes,59,Yes,Yes,No,No internet service,No internet service,No internet service,No internet service,No internet service,No internet service,Month-to-month,Yes,Mailed check,34.72,2048.67,No
2547-UMGRX,Male,0,Yes,No,23,No,No phone service,Fiber optic,No,Yes,No,Yes,No,No,Two year,Yes,Electronic check,83.25,1913.14,No
2852-LTCEG,Female,0,No,No,6,Yes,No,No,No internet service,No internet service,No internet service,No internet service,No internet service,No internet service,One year,Yes,Mailed check,37.64,254.29,No
3539-CBXNI,Male,1,Yes,No,55,Yes,Yes,Fiber optic,No,No,No,No,No,Yes,Month-to-month,No,Mailed check,97.38,5336.12,Yes
2068-UWBMS,Male,0,No,Yes,37,Yes,No,Fiber optic,No,Yes,No,Yes,No,No,Two year,Yes,Electronic check,107.03,3964.21,No
1318-PWBYE,Male,0,Yes,No,49,Yes,Yes,Fiber optic,No,Yes,No,Yes,No,No,Month-to-month,No,Electronic check,96.05,4742.58,Yes
3678-WDCNZ,Female,0,Yes,Yes,26,Yes,No,Fiber optic,No,No,No,No,No,Yes,Month-to-month,No,Bank transfer (automatic),98.83,2574.78,Yes
2829-OYLCF,Female,0,No,No,26,No,No phone service,Fiber optic,No,No,Yes,Yes,No,No,Month-to-month,Yes,Bank transfer (automatic),87.48,2288.12,Yes
8984-XYOTX,Female,0,Yes,Yes,72,Yes,No,DSL,No,Yes,No,No,No,No,One year,No,Bank transfer (automatic),68.35,4928.45,No
6435-RCDRF,Male,0,Yes,Yes,38,Yes,No,Fiber optic,Yes,No,No,No,No,No,Two year,Yes,Mailed check,95.43,3622.88,Yes
8019-XQQXJ,Male,0,No,Yes,54,Yes,No,DSL,No,Yes,No,No,Yes,Yes,One year,No,Mailed check,82.31,4433.87,No
8670-IBDGH,Female,0,No,Yes,72,Yes,Yes,Fiber optic,No,No,No,No,No,No,Month-to-month,No,Credit card (automatic),90.04,6474.56,No
5187-KRESS,Female,0,No,Yes,72,Yes,Yes,DSL,No,No,No,No,No,Yes,Month-to-month,Yes,Credit card (automatic),71.6,5147.48,No
4595-EMXSP,Female,0,No,No,10,No,No phone service,Fiber optic,Yes,No,No,No,Yes,No,Two year,Yes,Electronic check,84.42,841.72,Yes
7067-RPHFR,Female,0,Yes,Yes,12,No,No phone service,Fiber optic,No,Yes,No,Yes,No,No,Month-to-month,Yes,Electronic check,75.44,925.23,Yes
2107-NNGJY,Female,0,Yes,No,8,Yes,Yes,Fiber optic,No,No,No,Yes,No,No,Month-to-month,Yes,Bank transfer (automatic),92.62,745.87,Yes
7064-VOZGC,Female,0,No,No,26,Yes,No,Fiber optic,No,No,Yes,No,No,Yes,Two year,Yes,Electronic check,106.71,2751.34,No
9561-HJOTA,Male,0,Yes,No,72,Yes,No,No,No internet service,No internet service,No internet service,No internet service,No internet service,No internet service,Two year,No,Credit card (automatic),45.55,3295.56,No
6886-RTEGA,Male,0,Yes,No,1,Yes,No,No,No internet service,No internet service,No internet service,No internet service,No internet service,No internet service,Month-to-month,Yes,Electronic check,34.65,27.36,No
8068-XRCDR,Male,0,Yes,No,17,Yes,Yes,DSL,No,No,No,No,Yes,No,Month-to-month,Yes,Electronic check,72.37,1217.43,Yes
5276-HABAG,Male,0,Yes,No,26,Yes,No,No,No internet service,No internet service,No internet service,No internet service,No internet service,No internet service,Two year,Yes,Credit card (automatic),46.63,1195.96,No
1451-ELAHE,Male,0,Yes,No,11,Yes,Yes,Fiber optic,No,Yes,No,No,No,No,Month-to-month,No,Electronic check,97.89,1058.91,Yes
2602-JYRQM,Female,0,Yes,No,21,Yes,Yes,DSL,Yes,No,Yes,No,No,No,Two year,Yes,Electronic check,79.88,1685.88,No
1224-WLTPB,Male,0,No,Yes,23,No,No phone service,Fiber optic,No,Yes,No,No,No,No,Month-to-month,Yes,Credit card (automatic),71.4,1691.04,No
5986-ASTBE,Male,0,No,No,7,Yes,No,Fiber optic,No,No,No,Yes,Yes,No,Month-to-month,No,Electronic check,105.98,740.74,Yes
3841-TETZY,Male,1,No,Yes,48,No,No phone service,DSL,Yes,No,Yes,No,Yes,No,Month-to-month,Yes,Mailed check,64.94,3097.55,No
6636-PIOXJ,Male,0,Yes,No,22,Yes,Yes,Fiber optic,Yes,No,No,No,No,Yes,Month-to-month,Yes,Mailed check,99.57,2186.63,No
8231-DRLQU,Male,1,Yes,No,10,Yes,Yes,Fiber optic,No,Yes,No,No,No,No,Month-to-month,No,Electronic check,93.01,902.53,No
3399-DNSVD,Male,1,No,Yes,26,Yes,No,Fiber optic,Yes,Yes,No,No,No,Yes,Month-to-month,No,Electronic check,111.97,2893.48,Yes
2447-URHLP,Female,0,Yes,Yes,47,Yes,No,DSL,No,Yes,Yes,No,No,No,Two year,Yes,Electronic check,73.97,3503.05,No
4962-WYBLN,Female,0,Yes,No,24,Yes,No,No,No internet service,No internet service,No internet service,No internet service,No internet service,No internet service,Month-to-month,Yes,Mailed check,33.32,800.2,Yes
8417-QSNBG,Male,0,No,Yes,11,Yes,No,Fiber optic,Yes,No,No,No,No,No,Month-to-month,Yes,Credit card (automatic),98.57,1108.66,No
5087-GBMSA,Female,0,No,Yes,30,Yes,No,Fiber optic,No,No,No,No,Yes,No,Month-to-month,No,Bank transfer (automatic),98.32,2957.74,No
3007-GTHKK,Female,0,Yes,No,72,No,No phone service,No,No internet service,No internet service,No internet service,No internet service,No internet service,No internet service,Month-to-month,Yes,Bank transfer (automatic),20.85,1481.19,No
2777-QQQFA,Female,0,No,No,16,Yes,No,No,No internet service,No internet service,No internet service,No internet service,No internet service,No internet service,One year,No,Bank transfer (automatic),45.75,707.07,No
4240-URVUE,Male,0,No,No,12,No,No phone service,DSL,Yes,Yes,No,Yes,Yes,Yes,Month-to-month,Yes,Bank transfer (automatic),76.46,940.26,No
1026-HJZFN,Female,0,No,No,18,Yes,No,DSL,No,Yes,No,No,Yes,No,Month-to-month,Yes,Mailed check,82.17,1466.74,Yes
7679-LRLVF,Male,0,Yes,No,13,Yes,Yes,No,No internet service,No internet service,No internet service,No internet service,No internet service,No internet service,One year,Yes,Credit card (automatic),47.23,601.01,No
7183-STMKQ,Male,0,No,No,14,No,No phone service,DSL,No,No,No,No,Yes,Yes,Month-to-month,Yes,Bank transfer (automatic),53.98,739.49,Yes
1754-FGUKU,Male,1,No,No,9,Yes,Yes,DSL,No,No,No,No,No,No,Two year,No,Bank transfer (automatic),66.23,607.64,No
9124-CYZMN,Female,0,Yes,No,54,Yes,No,DSL,No,Yes,No,Yes,Yes,Yes,One year,Yes,Electronic check,93.04,5028.28,No
3084-HNKPZ,Male,0,No,No,44,Yes,No,No,No internet service,No internet service,No internet service,No internet service,No internet service,No internet service,Month-to-month,No,Bank transfer (automatic),38.25,1681.32,No
7538-HXBXO,Male,1,No,No,20,Yes,No,Fiber optic,Yes,No,No,No,Yes,No,Month-to-month,Yes,Mailed check,102.03,2058.11,Yes
6565-DCTIC,Male,0,Yes,Yes,16,Yes,No,DSL,Yes,No,No,Yes,Yes,No,Month-to-month,Yes,Bank transfer (automatic),88.61,1399.64,No
9229-LRPLX,Male,0,Yes,Yes,35,Yes,No,DSL,Yes,No,No,No,Yes,Yes,Two year,Yes,Credit card (automatic),88.53,3095.36,Yes
4035-FJBXU,Female,0,Yes,Yes,30,No,No phone service,Fiber optic,No,No,No,No,No,No,Two year,Yes,Electronic check,70.63,2121.15,No
5877-DEOFU,Male,0,No,No,29,Yes,Yes,Fiber optic,Yes,Yes,No,Yes,Yes,No,Two year,No,Mailed check,120.0,3488.52,No
3756-NKPTQ,Male,1,Yes,No,66,Yes,Yes,Fiber optic,No,No,No,No,No,No,One year,Yes,Credit card (automatic),92.53,6123.8,No
3169-GTWCY,Male,0,No,No,38,Yes,No,No,No internet service,No internet service,No internet service,No internet service,No internet service,No internet service,Two year,Yes,Electronic check,40.65,1512.97,No
7240-SZUQO,Male,0,Yes,No,72,Yes,Yes,DSL,No,Yes,Yes,No,No,No,Month-to-month,Yes,Bank transfer (automatic),82.71,5965.75,No
1781-HRLYH,Male,0,No,No,17,Yes,No,DSL,Yes,No,Yes,No,No,No,One year,Yes,Electronic check,81.15,1372.95,No
2217-TMCXZ,Female,0,No,No,72,Yes,No,Fiber optic,No,No,Yes,No,No,No,Month-to-month,Yes,Mailed check,91.76,6598.69,No
1628-GLUTR,Male,0,No,No,37,Yes,No,Fiber optic,Yes,Yes,No,No,No,Yes,Two year,No,Credit card (automatic),112.28,4133.38,No
2888-GPXTY,Male,0,No,Yes,10,Yes,Yes,DSL,No,Yes,No,No,Yes,No,Two year,No,Bank transfer (automatic),64.86,623.14,No
6129-OPVOR,Female,0,Yes,No,14,Yes,No,Fiber optic,No,No,No,Yes,No,No,One year,No,Mailed check,94.06,1319.04,No
2552-TODQI,Female,0,Yes,No,42,Yes,Yes,DSL,No,No,No,No,Yes,No,Two year,Yes,Bank transfer (automatic),71.22,2980.32,No
9079-NYXOV,Male,0,No,Yes,8,Yes,Yes,DSL,Yes,No,No,No,No,No,Two year,Yes,Electronic check,72.1,570.83,No
9301-DWHYC,Male,1,Yes,Yes,24,Yes,No,No,No internet service,No internet service,No internet service,No internet service,No internet service,No internet service,Month-to-month,No,Electronic check,47.13,1121.2,Yes
1057-CCZID,Male,0,No,Yes,72,Yes,No,Fiber optic,Yes,Yes,No,No,Yes,Yes,Month-to-month,Yes,Bank transfer (automatic),120.0,8622.75,No
7751-BLKGE,Female,0,No,Yes,1,Yes,Yes,Fiber optic,No,No,No,No,No,No,One year,No,Credit card (automatic),90.55,52.5,No
3378-RTPVO,Male,0,No,Yes,24,Yes,Yes,Fiber optic,No,No,Yes,Yes,No,Yes,One year,No,Bank transfer (automatic),105.47,2527.81,Yes
4415-OGCGR,Male,0,Yes,No,14,Yes,No,No,No internet service,No internet service,No internet service,No internet service,No internet service,No internet service,Month-to-month,No,Mailed check,37.34,517.31,Yes
8296-AWMYL,Female,0,No,No,72,Yes,No,Fiber optic,No,Yes,Yes,No,No,No,Month-to-month,Yes,Electronic check,96.27,6940.49,No
6226-BTCKQ,Male,1,Yes,No,23,Yes,No,DSL,No,No,No,No,No,No,Month-to-month,No,Electronic check,58.54,1327.69,No
2325-SEXQF,Male,0,No,Yes,12,Yes,Yes,DSL,No,Yes,No,Yes,No,No,Two year,Yes,Electronic check,71.18,874.03,No
1617-IBQAS,Female,1,No,No,8,Yes,No,No,No internet service,No internet service,No internet service,No internet service,No internet service,No internet service,One year,Yes,Credit card (automatic),32.85,316.09,No
3968-QPYXU,Male,1,No,No,9,Yes,Yes,No,No internet service,No internet service,No internet service,No internet service,No internet service,No internet service,One year,No,Mailed check,38.95,359.78,No
3755-RSBUU,Female,0,No,No,72,Yes,Yes,No,No internet service,No internet service,No internet service,No internet service,No internet service,No internet service,Month-to-month,Yes,Credit card (automatic),34.59,2456.81,No
7957-CZCKD,Female,0,Yes,No,2,Yes,No,DSL,No,Yes,Yes,No,No,No,Month-to-month,Yes,Electronic check,72.14,132.08,Yes
9248-ERAKA,Male,0,No,No,38,Yes,Yes,Fiber optic,No,Yes,Yes,No,Yes,Yes,Month-to-month,Yes,Mailed check,119.37,4498.78,Yes
5192-LKXNC,Female,0,No,No,70,Yes,No,Fiber optic,No,Yes,No,No,No,No,Month-to-month,Yes,Electronic check,95.99,6680.69,No
6086-GJQON,Female,0,Yes,No,24,Yes,No,Fiber optic,Yes,No,Yes,Yes,No,No,Month-to-month,Yes,Credit card (automatic),118.04,2843.85,No
3301-MOBVI,Female,0,No,No,10,Yes,No,No,No internet service,No internet service,No internet service,No internet service,No internet service,No internet service,Month-to-month,Yes,Electronic check,42.2,423.12,No
8913-KYUKK,Male,1,No,Yes,38,Yes,Yes,No,No internet service,No internet service,No internet service,No internet service,No internet service,No internet service,Month-to-month,Yes,Electronic check,40.64,1559.79,No
2351-UHAXW,Male,0,No,Yes,12,Yes,No,DSL,Yes,Yes,No,No,Yes,No,Month-to-month,Yes,Electronic check,91.21,1140.67,No
1239-NLBTN,Male,0,No,No,15,No,No phone service,DSL,No,No,No,No,No,Yes,One year,Yes,Electronic check,44.39,650.61,Yes
7059-PHXUU,Female,0,Yes,Yes,13,Yes,No,DSL,No,No,No,No,No,No,One year,No,Electronic check,64.12,844.23,No
3283-VKVAM,Male,0,No,No,14,Yes,No,No,No internet service,No internet service,No internet service,No internet service,No internet service,No internet service,Month-to-month,Yes,Credit card (automatic),43.53,597.55,No
2588-VTJZO,Female,0,Yes,Yes,52,Yes,No,No,No internet service,No internet service,No internet service,No internet service,No internet service,No internet service,Two year,Yes,Credit card (automatic),41.48,2155.71,No
3929-METWU,Female,0,No,No,22,Yes,No,Fiber optic,No,No,Yes,No,No,Yes,Month-to-month,No,Bank transfer (automatic),108.06,2420.44,Yes
8111-BHHQM,Female,0,Yes,Yes,40,Yes,Yes,DSL,No,Yes,No,Yes,No,No,Two year,No,Credit card (automatic),72.95,2905.78,No
6203-XLIID,Male,1,No,No,40,Yes,No,Fiber optic,No,No,Yes,No,No,Yes,Month-to-month,Yes,Mailed check,92.67,3709.42,Yes
4554-OJBYY,Male,0,Yes,No,26,Yes,No,Fiber optic,No,No,No,Yes,Yes,No,Month-to-month,Yes,Credit card (automatic),108.59,2861.23,No
3454-IIBEP,Female,1,Yes,No,72,Yes,No,No,No internet service,No internet service,No internet service,No internet service,No internet service,No internet service,Month-to-month,Yes,Electronic check,43.28,3118.88,No
2279-SIKGZ,Male,0,Yes,Yes,11,Yes,No,Fiber optic,Yes,Yes,No,No,No,Yes,Two year,Yes,Mailed check,107.31,1179.21,No
5848-SSFXI,Male,0,No,No,23,Yes,Yes,DSL,Yes,No,No,No,Yes,No,Two year,Yes,Electronic check,80.69,1866.96,Yes
6877-SHTGR,Female,0,Yes,No,4,Yes,Yes,DSL,No,No,No,No,Yes,No,Month-to-month,Yes,Credit card (automatic),69.4,315.04,Yes
8378-EXDXW,Female,0,Yes,Yes,27,No,No phone service,DSL,No,No,No,No,No,No,Two year,No,Electronic check,44.89,1223.49,No
8198-JZPGI,Female,1,Yes,Yes,49,Yes,No,Fiber optic,No,Yes,Yes,No,Yes,Yes,Month-to-month,Yes,Electronic check,120.0,5896.13,No
1675-JRNDI,Female,0,Yes,No,7,No,No phone service,DSL,No,No,No,Yes,Yes,No,One year,Yes,Electronic check,59.49,418.26,No
9188-FEBQK,Male,0,No,No,16,Yes,No,Fiber optic,Yes,Yes,No,Yes,No,Yes,Month-to-month,Yes,Mailed check,118.74,1890.08,No
8791-YOKZS,Male,0,No,No,13,Yes,Yes,Fiber optic,No,No,No,No,Yes,Yes,One year,Yes,Mailed check,101.03,1321.66,Yes
8532-GVDIR,Male,0,Yes,Yes,1,Yes,No,Fiber optic,No,Yes,Yes,Yes,Yes,No,Month-to-month,Yes,Bank transfer (automatic),120.0,101.57,No
1616-TVYYC,Male,0,Yes,No,9,No,No phone service,No,No internet service,No internet service,No internet service,No internet service,No internet service,No internet service,One year,Yes,Credit card (automatic),19.0,166.76,No
1338-XWSIP,Female,0,Yes,No,42,Yes,Yes,Fiber optic,Yes,No,No,Yes,No,No,Month-to-month,Yes,Bank transfer (automatic),108.07,4533.73,No
8243-XFYMM,Male,1,Yes,No,25,Yes,No,No,No internet service,No internet service,No internet service,No internet service,No internet service,No internet service,One year,No,Mailed check,32.82,846.98,No
1517-EQTBH,Female,0,Yes,No,33,Yes,Yes,No,No internet service,No internet service,No internet service,No internet service,No internet service,No internet service,Month-to-month,No,Mailed check,40.98,1341.06,No
4894-WQRGL,Female,0,Yes,No,50,Yes,Yes,DSL,No,No,No,No,No,Yes,Month-to-month,No,Credit card (automatic),71.9,3618.31,Yes
6560-EHZEE,Female,0,Yes,No,72,Yes,Yes,DSL,No,No,No,No,No,Yes,Month-to-month,Yes,Mailed check,71.2,5126.52,No
8369-RDHNB,Male,0,Yes,No,9,Yes,No,DSL,Yes,No,No,No,No,No,Month-to-month,Yes,Electronic check,71.83,646.27,Yes
8250-GOVTZ,Male,1,No,No,38,Yes,No,Fiber optic,No,No,No,No,No,Yes,Month-to-month,No,Bank transfer (automatic),96.5,3693.36,No
2205-NXAKU,Female,0,Yes,Yes,15,Yes,No,Fiber optic,Yes,No,Yes,No,Yes,Yes,Month-to-month,Yes,Bank transfer (automatic),112.54,1677.17,Yes
8031-JKTKF,Female,0,No,No,10,Yes,No,Fiber optic,No,No,Yes,Yes,No,No,Month-to-month,No,Credit card (automatic),101.94,1031.74,Yes
6429-IYNAV,Male,0,No,No,20,Yes,Yes,Fiber optic,Yes,Yes,Yes,No,Yes,Yes,Month-to-month,Yes,Mailed check,120.0,2384.96,Yes
9015-PYDFN,Male,1,No,Yes,40,Yes,Yes,Fiber optic,Yes,Yes,Yes,No,No,No,Month-to-month,Yes,Mailed check,113.88,4596.11,Yes
4203-ALAFU,Female,0,Yes,No,27,Yes,No,DSL,No,Yes,No,No,No,Yes,Month-to-month,Yes,Bank transfer (automatic),77.13,2073.96,No
2390-PXCHG,Female,1,No,No,18,Yes,Yes,DSL,Yes,No,Yes,No,No,No,Month-to-month,Yes,Bank transfer (automatic),78.68,1441.66,Yes
3554-QPXYH,Male,0,No,Yes,43,Yes,No,No,No internet service,No internet service,No internet service,No internet service,No internet service,No internet service,Month-to-month,No,Electronic check,39.1,1668.1,Yes
4162-GIENI,Male,1,No,No,40,Yes,Yes,DSL,No,No,Yes,No,Yes,Yes,One year,No,Credit card (automatic),82.1,3300.9,No
7536-GUEAM,Female,0,No,Yes,17,Yes,No,Fiber optic,No,No,No,No,No,No,Two year,No,Electronic check,83.97,1458.03,No
1107-ZFPCR,Female,0,Yes,No,38,Yes,No,Fiber optic,No,No,No,Yes,No,No,Month-to-month,No,Electronic check,100.08,3813.58,No
8423-DTRTF,Female,0,No,No,26,Yes,Yes,Fiber optic,No,Yes,Yes,No,Yes,Yes,Month-to-month,No,Bank transfer (automatic),120.0,3130.56,No
7791-PMKCL,Male,0,No,No,13,Yes,No,Fiber optic,No,No,Yes,No,No,No,Two year,No,Electronic check,88.64,1134.51,No
5239-XGPAF,Male,1,Yes,No,40,Yes,Yes,Fiber optic,No,No,Yes,Yes,Yes,Yes,Month-to-month,No,Electronic check,116.47,4631.05,Yes
6515-DBMLF,Female,1,Yes,No,41,Yes,Yes,No,No internet service,No internet service,No internet service,No internet service,No internet service,No internet service,Month-to-month,No,Credit card (automatic),43.67,1795.15,No
6871-PMNQV,Female,0,No,No,9,Yes,Yes,Fiber optic,No,No,No,No,No,Yes,Month-to-month,Yes,Bank transfer (automatic),93.83,872.96,Yes
9270-KJAOU,Female,1,Yes,No,38,Yes,No,No,No internet service,No internet service,No internet service,No internet service,No internet service,No internet service,Two year,No,Credit card (automatic),34.49,1299.0,Yes
1891-DKKTQ,Male,0,No,No,54,No,No phone service,No,No internet service,No internet service,No internet service,No internet service,No internet service,No internet service,Month-to-month,Yes,Electronic check,22.06,1182.37,No
5058-PTHWF,Male,0,Yes,No,10,Yes,No,DSL,No,No,No,No,No,No,Month-to-month,Yes,Electronic check,59.24,601.63,Yes
7066-WBEIV,Male,0,No,No,30,Yes,Yes,Fiber optic,No,Yes,No,Yes,No,No,Month-to-month,Yes,Electronic check,103.32,3083.31,No
6468-VSVUB,Male,0,Yes,No,10,Yes,Yes,No,No internet service,No internet service,No internet service,No internet service,No internet service,No internet service,Month-to-month,No,Electronic check,44.96,456.77,No
5002-YNWAN,Female,0,No,No,11,No,No phone service,Fiber optic,No,No,Yes,No,Yes,Yes,Month-to-month,No,Mailed check,87.11,968.52,Yes
2762-GDWTJ,Male,0,No,No,5,Yes,Yes,Fiber optic,No,No,No,Yes,Yes,No,Two year,Yes,Credit card (automatic),99.26,488.04,Yes
9849-ABQJS,Female,0,No,No,59,Yes,Yes,Fiber optic,Yes,Yes,No,No,No,No,Month-to-month,Yes,Mailed check,93.94,5510.3,Yes
8265-PBOGJ,Female,0,Yes,Yes,55,Yes,No,Fiber optic,Yes,Yes,Yes,No,Yes,Yes,One year,No,Bank transfer (automatic),118.91,6550.83,No
2882-JPMRM,Female,0,Yes,No,57,Yes,Yes,Fiber optic,Yes,No,No,No,No,No,Two year,No,Bank transfer (automatic),98.24,5597.81,No
7242-IEIIL,Female,0,Yes,Yes,19,Yes,No,Fiber optic,No,No,No,No,No,No,Month-to-month,Yes,Electronic check,83.98,1590.68,Yes
5276-LMBFK,Male,0,Yes,No,49,No,No phone service,Fiber optic,Yes,Yes,Yes,No,Yes,No,Month-to-month,No,Electronic check,94.71,4650.09,Yes
5443-VCDUW,Female,0,No,Yes,10,Yes,No,Fiber optic,No,No,No,No,No,No,Month-to-month,No,Bank transfer (automatic),85.1,856.11,No
2936-CIQCO,Male,0,Yes,No,9,Yes,No,DSL,Yes,Yes,No,No,No,No,One year,Yes,Electronic check,77.72,676.95,No
3115-XIHZS,Male,0,Yes,Yes,19,Yes,No,DSL,No,Yes,No,Yes,Yes,No,Month-to-month,Yes,Mailed check,87.65,1664.24,Yes
4682-PDWBL,Male,0,No,No,52,Yes,Yes,DSL,Yes,No,No,Yes,No,No,Month-to-month,Yes,Bank transfer (automatic),71.85,3728.92,No
4819-LWQRO,Male,0,Yes,No,31,Yes,Yes,Fiber optic,Yes,No,No,No,No,No,Month-to-month,No,Electronic check,102.57,3212.35,No
9561-ONTYD,Female,0,Yes,No,17,Yes,Yes,Fiber optic,No,No,No,No,No,No,Month-to-month,No,Electronic check,93.64,1588.39,No
1391-UWRYU,Male,0,No,No,16,Yes,No,No,No internet service,No internet service,No internet service,No internet service,No internet service,No internet service,Month-to-month,No,Bank transfer (automatic),45.96,760.83,Yes
9748-AVOCN,Male,1,Yes,No,59,No,No phone service,No,No internet service,No internet service,No internet service,No internet service,No internet service,No internet service,Month-to-month,No,Mailed check,21.53,1304.63,No
4414-EEYDO,Male,0,No,Yes,44,Yes,Yes,Fiber optic,No,No,No,No,No,No,Two year,Yes,Mailed check,87.35,3849.15,No
9779-YZNIN,Male,1,No,No,62,Yes,No,Fiber optic,Yes,Yes,No,Yes,No,No,Two year,Yes,Electronic check,111.14,6857.27,No
1927-ERWYP,Female,1,Yes,No,59,Yes,Yes,Fiber optic,No,No,No,No,No,No,Two year,No,Bank transfer (automatic),84.27,4992.07,No
5267-NOESS,Male,0,No,No,4,Yes,Yes,DSL,No,No,No,No,No,No,Month-to-month,Yes,Bank transfer (automatic),64.61,222.03,Yes
9017-UNYNU,Female,0,No,No,54,Yes,Yes,DSL,No,No,No,No,Yes,No,Month-to-month,No,Credit card (automatic),74.11,4005.36,No
5179-WJJKY,Male,0,Yes,No,44,Yes,Yes,No,No internet service,No internet service,No internet service,No internet service,No internet service,No internet service,Month-to-month,No,Bank transfer (automatic),35.99,1596.19,No
5114-DCHMU,Female,0,No,No,11,Yes,No,DSL,No,Yes,Yes,No,No,No,Month-to-month,Yes,Bank transfer (automatic),85.09,924.21,Yes
9491-XGUZI,Male,0,Yes,No,19,Yes,Yes,DSL,No,No,No,No,No,No,Two year,Yes,Bank transfer (automatic),72.4,1404.82,No
5822-SMSPL,Male,1,No,No,22,Yes,Yes,DSL,No,No,Yes,Yes,No,No,One year,Yes,Electronic check,86.56,1944.01,No
7023-QZDDG,Male,0,No,No,72,Yes,No,Fiber optic,No,Yes,No,Yes,No,No,Month-to-month,Yes,Mailed check,104.95,7572.71,No
5070-RTEXQ,Female,0,Yes,No,27,Yes,No,DSL,No,Yes,No,No,No,No,One year,Yes,Bank transfer (automatic),69.72,1840.38,No
7485-GRJCK,Female,0,Yes,No,43,Yes,Yes,Fiber optic,Yes,Yes,No,No,Yes,Yes,Month-to-month,No,Mailed check,115.94,4986.24,No
5683-PORNH,Male,0,Yes,Yes,53,Yes,No,No,No internet service,No internet service,No internet service,No internet service,No internet service,No internet service,One year,Yes,Credit card (automatic),41.93,2193.28,No
1487-JSAYS,Female,0,No,No,18,Yes,No,Fiber optic,No,No,No,No,No,Yes,Month-to-month,Yes,Mailed check,100.36,1814.38,Yes
3331-NSMWV,Female,1,No,No,58,Yes,Yes,Fiber optic,Yes,No,No,No,No,No,Two year,No,Electronic check,92.23,5363.27,No
9762-CKCPM,Male,0,Yes,Yes,25,Yes,No,No,No internet service,No internet service,No internet service,No internet service,No internet service,No internet service,Two year,Yes,Electronic check,43.72,1101.51,No
6324-GRSKI,Male,0,Yes,No,72,Yes,No,Fiber optic,No,Yes,No,No,Yes,No,Month-to-month,Yes,Electronic check,102.54,7344.76,Yes
6865-ZMLNM,Female,0,No,Yes,11,Yes,Yes,Fiber optic,No,No,Yes,No,No,No,One year,No,Credit card (automatic),98.84,1071.42,No
3423-UCZYU,Female,0,Yes,No,23,Yes,Yes,No,No internet service,No internet service,No internet service,No internet service,No internet service,No internet service,Month-to-month,Yes,Electronic check,41.18,941.2,No
9101-EEJZC,Female,0,Yes,No,55,Yes,No,DSL,No,No,No,No,No,Yes,Two year,Yes,Credit card (automatic),77.03,4234.56,No
3805-LPGNC,Male,0,Yes,Yes,14,Yes,Yes,No,No internet service,No internet service,No internet service,No internet service,No internet service,No internet service,Month-to-month,No,Mailed check,40.12,567.85,No
7100-KXOGF,Male,0,No,Yes,46,Yes,Yes,DSL,Yes,No,No,No,No,No,Two year,No,Credit card (automatic),69.5,3195.01,No
5401-TQCYK,Male,0,Yes,No,20,No,No phone service,DSL,No,No,Yes,No,No,No,Two year,Yes,Mailed check,59.22,1167.75,No
3084-AMSGB,Male,1,No,Yes,10,Yes,Yes,Fiber optic,Yes,No,No,Yes,Yes,Yes,Month-to-month,No,Credit card (automatic),120.0,1179.61,Yes
7434-THZPV,Female,0,No,Yes,8,Yes,Yes,No,No internet service,No internet service,No internet service,No internet service,No internet service,No internet service,Month-to-month,Yes,Bank transfer (automatic),30.55,229.91,No
3527-NUZRU,Male,0,Yes,No,30,Yes,No,DSL,Yes,No,No,No,No,No,One year,No,Electronic check,83.16,2497.25,No
3235-CYCVE,Male,0,No,No,36,Yes,No,DSL,No,No,No,No,No,No,Month-to-month,Yes,Bank transfer (automatic),65.35,2383.46,No
9453-TPLZM,Male,1,Yes,No,11,Yes,No,DSL,Yes,No,Yes,No,No,No,Month-to-month,No,Electronic check,76.08,835.31,Yes
2701-XATUR,Male,0,Yes,No,39,Yes,No,Fiber optic,No,Yes,Yes,No,No,No,Month-to-month,Yes,Electronic check,109.89,4258.91,No
6261-UHJBY,Female,0,No,No,7,Yes,Yes,No,No internet service,No internet service,No internet service,No internet service,No internet service,No internet service,Month-to-month,Yes,Electronic check,34.15,291.56,No
2599-HCRVL,Male,0,Yes,No,18,Yes,Yes,Fiber optic,No,Yes,No,No,Yes,Yes,Month-to-month,Yes,Electronic check,112.13,2021.4,Yes
2730-FTACK,Female,0,No,Yes,24,No,No phone service,Fiber optic,No,Yes,No,Yes,Yes,No,Month-to-month,Yes,Mailed check,95.45,2312.29,Yes
9759-BYZDX,Male,0,No,No,23,Yes,No,DSL,No,No,No,Yes,Yes,Yes,Month-to-month,Yes,Bank transfer (automatic),85.01,1948.31,No
8576-LRAXV,Male,0,Yes,No,29,Yes,Yes,No,No internet service,No internet service,No internet service,No internet service,No internet service,No internet service,Month-to-month,Yes,Credit card (automatic),33.17,964.02,Yes
5459-GDUAL,Male,0,No,No,23,No,No phone service,DSL,Yes,No,No,No,Yes,No,One year,Yes,Mailed check,55.05,1254.29,No
2064-XMQUD,Female,0,No,Yes,21,Yes,Yes,DSL,Yes,No,Yes,Yes,Yes,No,Month-to-month,Yes,Bank transfer (automatic),94.42,2010.52,Yes
4006-UPGTN,Male,0,Yes,No,21,Yes,No,DSL,No,No,No,No,No,No,Month-to-month,Yes,Mailed check,60.93,1275.06,No
8059-UVQUO,Male,0,No,No,15,Yes,No,Fiber optic,Yes,No,No,Yes,No,Yes,Two year,No,Mailed check,108.88,1608.14,No
9159-UXALQ,Female,0,No,Yes,39,Yes,No,No,No internet service,No internet service,No internet service,No internet service,No internet service,No internet service,Two year,No,Mailed check,38.28,1491.55,No
8956-HRWIR,Female,0,Yes,No,21,No,No phone service,Fiber optic,No,No,Yes,Yes,Yes,No,Month-to-month,No,Credit card (automatic),89.11,1895.11,Yes
1051-XHFWF,Male,0,Yes,Yes,14,Yes,Yes,Fiber optic,Yes,No,Yes,No,No,No,Two year,No,Electronic check,106.85,1471.88,No
7962-LLMUP,Female,0,Yes,No,38,No,No phone service,Fiber optic,No,Yes,Yes,No,Yes,No,Month-to-month,No,Electronic check,91.26,3474.73,No
9118-VYKSO,Female,0,Yes,No,34,Yes,Yes,Fiber optic,No,No,No,Yes,No,No,One year,Yes,Bank transfer (automatic),103.82,3521.53,No
5898-KUSLY,Male,0,Yes,Yes,10,Yes,No,DSL,No,Yes,No,Yes,No,No,Month-to-month,No,Electronic check,78.73,797.64,Yes
6694-BOSYL,Female,0,No,No,66,Yes,No,DSL,Yes,Yes,No,No,No,No,Month-to-month,Yes,Electronic check,75.05,4960.64,No
7659-UZNUY,Male,1,No,Yes,18,Yes,Yes,DSL,No,Yes,No,Yes,Yes,No,Two year,Yes,Electronic check,88.92,1609.03,No
2502-LURVY,Male,1,No,No,19,Yes,Yes,No,No internet service,No internet service,No internet service,No internet service,No internet service,No internet service,One year,Yes,Electronic check,45.23,826.88,No
8695-VWBUB,Female,0,Yes,No,25,Yes,Yes,No,No internet service,No internet service,No internet service,No internet service,No internet service,No internet service,Month-to-month,Yes,Electronic check,44.01,1097.23,No
9279-KUTUF,Male,0,Yes,No,33,Yes,No,No,No internet service,No internet service,No internet service,No internet service,No internet service,No internet service,Two year,No,Electronic check,42.09,1449.73,No
6215-ONCTI,Female,0,Yes,Yes,26,Yes,Yes,Fiber optic,No,Yes,Yes,No,Yes,No,Month-to-month,Yes,Credit card (automatic),97.71,2496.61,Yes
2449-GFEUV,Female,0,Yes,No,13,Yes,No,Fiber optic,Yes,No,No,Yes,No,No,Month-to-month,Yes,Credit card (automatic),109.17,1400.44,No
3013-EWRKP,Male,0,No,No,5,Yes,No,Fiber optic,No,Yes,Yes,No,Yes,No,Month-to-month,Yes,Electronic check,116.74,604.04,Yes
8107-SSIBO,Male,1,Yes,No,65,No,No phone service,No,No internet service,No internet service,No internet service,No internet service,No internet service,No internet service,One year,Yes,Electronic check,23.51,1542.7,No
1913-BCETR,Male,1,No,No,11,Yes,Yes,Fiber optic,No,Yes,Yes,No,Yes,No,One year,Yes,Credit card (automatic),104.36,1152.82,No
2084-SETPK,Female,0,Yes,No,36,Yes,Yes,No,No internet service,No internet service,No internet service,No internet service,No internet service,No internet service,Month-to-month,Yes,Bank transfer (automatic),37.56,1309.79,Yes
2505-WQXRS,Male,0,No,No,26,Yes,No,DSL,No,No,No,Yes,Yes,Yes,Month-to-month,Yes,Bank transfer (automatic),89.24,2350.26,Yes
9290-VLHSI,Male,0,No,No,3,Yes,No,Fiber optic,No,No,No,No,No,No,Month-to-month,Yes,Bank transfer (automatic),95.76,286.52,Yes
3264-GHMWC,Female,0,No,No,15,Yes,No,No,No internet service,No internet service,No internet service,No internet service,No internet service,No internet service,Month-to-month,Yes,Electronic check,34.36,522.76,Yes
6417-KTMEB,Female,0,No,Yes,72,Yes,Yes,Fiber optic,No,No,No,Yes,No,No,Month-to-month,Yes,Electronic check,101.63,7298.28,No
1035-QEPAG,Female,1,No,No,5,Yes,Yes,DSL,No,Yes,No,No,No,No,Month-to-month,No,Mailed check,70.0,364.45,Yes
8281-XMMYD,Male,1,No,No,19,Yes,No,Fiber optic,No,No,No,Yes,No,No,One year,No,Mailed check,98.84,1867.99,Yes
4780-NRJAR,Female,0,Yes,No,33,No,No phone service,DSL,No,Yes,Yes,No,Yes,Yes,Two year,Yes,Credit card (automatic),76.81,2519.11,No
9894-NVNYA,Female,0,Yes,No,11,Yes,No,No,No internet service,No internet service,No internet service,No internet service,No internet service,No internet service,Month-to-month,No,Electronic check,47.14,537.7,Yes
1716-MXGRB,Female,0,No,No,28,Yes,Yes,Fiber optic,No,No,No,Yes,No,Yes,Month-to-month,No,Electronic check,103.01,2895.62,Yes
7613-VWOPZ,Male,0,Yes,Yes,38,Yes,Yes,No,No internet service,No internet service,No internet service,No internet service,No internet service,No internet service,One year,Yes,Credit card (automatic),42.68,1623.94,No
2128-UFEGK,Female,0,No,No,34,Yes,Yes,DSL,Yes,No,No,No,Yes,Yes,Month-to-month,No,Credit card (automatic),83.25,2845.54,Yes
8183-HKDTS,Male,0,Yes,No,28,Yes,Yes,DSL,No,Yes,No,Yes,Yes,Yes,One year,No,Electronic check,82.86,2361.86,No
5274-DWVZS,Female,0,No,Yes,22,Yes,Yes,Fiber optic,No,Yes,No,No,No,Yes,Month-to-month,Yes,Electronic check,101.42,2237.34,Yes
9930-UIQCG,Male,0,Yes,Yes,12,Yes,No,DSL,No,No,Yes,No,Yes,Yes,Month-to-month,Yes,Bank transfer (automatic),91.98,1085.24,No
7382-TIANU,Male,0,No,Yes,37,Yes,No,Fiber optic,Yes,Yes,No,Yes,Yes,No,Month-to-month,No,Electronic check,113.52,4213.63,No
9899-FDTCW,Female,0,Yes,No,25,No,No phone service,DSL,No,No,No,No,No,No,Two year,Yes,Credit card (automatic),46.39,1163.42,No
1152-ZQQHY,Female,0,Yes,No,72,Yes,Yes,DSL,No,No,No,Yes,Yes,Yes,Month-to-month,Yes,Electronic check,86.32,6224.5,No
6154-CBVOC,Female,0,No,Yes,44,Yes,No,Fiber optic,No,Yes,No,No,No,No,Month-to-month,Yes,Electronic check,96.57,4240.63,No
3122-UYNYK,Male,0,Yes,No,17,Yes,Yes,No,No internet service,No internet service,No internet service,No internet service,No internet service,No internet service,Month-to-month,Yes,Mailed check,44.79,789.68,No
8069-WCBUI,Female,0,Yes,No,30,Yes,No,Fiber optic,No,No,Yes,Yes,No,Yes,Two year,Yes,Bank transfer (automatic),109.27,3298.99,No
6745-YKWRE,Male,0,No,No,9,Yes,Yes,Fiber optic,No,No,No,No,No,No,Two year,Yes,Credit card (automatic),86.37,772.46,No
8364-VYZIL,Female,0,No,No,4,Yes,No,Fiber optic,No,No,Yes,No,Yes,Yes,Month-to-month,No,Bank transfer (automatic),114.74,430.04,Yes
2305-STXDP,Female,0,Yes,No,16,Yes,No,No,No internet service,No internet service,No internet service,No internet service,No internet service,No internet service,Month-to-month,Yes,Electronic check,35.85,587.5,No
4830-NRSIP,Female,0,No,No,7,Yes,No,Fiber optic,No,No,No,No,Yes,Yes,Month-to-month,No,Bank transfer (automatic),101.46,713.86,Yes
2901-TBCUE,Female,0,Yes,No,41,Yes,No,Fiber optic,No,Yes,Yes,No,Yes,Yes,Month-to-month,No,Electronic check,120.0,4897.53,No
3947-GXXKB,Female,0,Yes,No,72,Yes,Yes,DSL,No,Yes,No,No,No,Yes,Month-to-month,Yes,Electronic check,81.38,5855.49,No
5810-SIAVA,Female,0,No,No,54,Yes,No,Fiber optic,No,No,No,Yes,No,No,Month-to-month,No,Electronic check,93.21,5021.24,No
2838-FSAQZ,Male,0,Yes,No,19,Yes,Yes,DSL,No,No,No,No,No,No,One year,Yes,Electronic check,64.88,1246.34,No
2474-EDWGH,Male,0,Yes,No,42,No,No phone service,DSL,No,No,No,No,No,No,One year,Yes,Mailed check,44.23,1834.25,No
7348-YHSIV,Male,0,Yes,No,16,Yes,No,No,No internet service,No internet service,No internet service,No internet service,No internet service,No internet service,Two year,Yes,Bank transfer (automatic),40.29,667.07,No
8826-FULUS,Female,0,No,Yes,59,Yes,No,Fiber optic,No,No,No,No,No,No,Month-to-month,Yes,Electronic check,91.11,5402.04,No
3734-JCLGS,Female,1,No,No,38,Yes,Yes,Fiber optic,No,No,No,No,No,Yes,One year,No,Mailed check,92.54,3502.8,Yes
4276-NZSCT,Male,1,Yes,Yes,25,Yes,No,Fiber optic,No,No,Yes,No,No,Yes,Two year,Yes,Electronic check,97.63,2438.43,No
4883-RSBBS,Male,0,No,Yes,24,Yes,No,Fiber optic,No,Yes,Yes,No,No,Yes,Month-to-month,Yes,Mailed check,113.71,2724.4,Yes
5488-KVQZL,Male,0,No,No,38,Yes,No,No,No internet service,No internet service,No internet service,No internet service,No internet service,No internet service,Month-to-month,No,Mailed check,39.97,1509.3,No
6626-BYIWQ,Male,0,Yes,Yes,24,Yes,No,Fiber optic,No,No,No,No,No,No,One year,No,Electronic check,89.76,2181.41,No
2765-UTACG,Male,0,No,No,52,Yes,Yes,Fiber optic,Yes,No,Yes,Yes,No,No,One year,No,Credit card (automatic),102.75,5339.46,No
1376-HKPPJ,Female,0,Yes,No,18,No,No phone service,DSL,Yes,No,Yes,No,Yes,No,Two year,Yes,Mailed check,69.9,1254.09,No
3768-NJXBR,Female,0,Yes,No,22,Yes,Yes,No,No internet service,No internet service,No internet service,No internet service,No internet service,No internet service,One year,Yes,Credit card (automatic),42.92,937.18,No
5742-GQLGG,Male,1,Yes,No,23,Yes,Yes,Fiber optic,Yes,No,No,No,Yes,No,Two year,Yes,Credit card (automatic),103.63,2355.29,No
9231-GSWOP,Male,0,Yes,Yes,21,Yes,No,DSL,Yes,Yes,Yes,No,No,No,Month-to-month,Yes,Electronic check,77.96,1648.12,Yes
5226-EMPYK,Female,0,No,Yes,12,Yes,No,No,No internet service,No internet service,No internet service,No internet service,No internet service,No internet service,Two year,No,Credit card (automatic),42.58,550.21,Yes
9193-NWJKX,Female,1,No,No,17,Yes,Yes,Fiber optic,No,Yes,Yes,No,Yes,No,Month-to-month,No,Bank transfer (automatic),117.25,2000.02,Yes
8871-YXYPI,Female,0,No,Yes,25,Yes,No,Fiber optic,Yes,Yes,Yes,No,No,Yes,Month-to-month,No,Mailed check,120.0,2985.12,Yes
6654-GZPRH,Male,0,Yes,No,23,Yes,Yes,DSL,No,Yes,No,Yes,Yes,No,Month-to-month,Yes,Credit card (automatic),75.47,1735.48,Yes
7045-DSJLE,Male,0,Yes,Yes,71,Yes,Yes,DSL,No,No,No,No,No,Yes,One year,Yes,Mailed check,79.3,5643.48,No
5548-HCMGS,Male,1,Yes,No,33,Yes,No,DSL,No,Yes,No,Yes,Yes,No,Month-to-month,Yes,Mailed check,82.93,2754.96,No
4299-CUZOT,Female,0,Yes,Yes,61,Yes,Yes,DSL,No,No,No,No,Yes,No,Month-to-month,Yes,Mailed check,68.86,4197.48,No
7320-YITZJ,Female,0,No,No,6,Yes,No,No,No internet service,No internet service,No internet service,No internet service,No internet service,No internet service,One year,No,Credit card (automatic),39.79,246.22,No
3220-JLNBR,Female,0,No,Yes,47,Yes,Yes,No,No internet service,No internet service,No internet service,No internet service,No internet service,No internet service,Month-to-month,No,Credit card (automatic),38.08,1757.69,No
5598-KCBDM,Male,0,No,No,33,Yes,Yes,DSL,Yes,Yes,Yes,Yes,No,Yes,Month-to-month,No,Electronic check,94.91,3117.02,Yes
8799-FQVPW,Male,0,No,Yes,23,No,No phone service,Fiber optic,No,Yes,Yes,No,No,Yes,Month-to-month,No,Bank transfer (automatic),95.26,2206.93,Yes
4854-VNBOM,Female,0,Yes,Yes,11,Yes,No,No,No internet service,No internet service,No internet service,No internet service,No internet service,No internet service,Two year,Yes,Electronic check,37.81,405.62,No
6642-KMRCH,Female,0,Yes,Yes,40,Yes,Yes,DSL,No,No,No,No,No,No,One year,Yes,Credit card (automatic),67.46,2675.35,No
9228-MCSEU,Female,0,Yes,No,36,Yes,Yes,No,No internet service,No internet service,No internet service,No internet service,No internet service,No internet service,Month-to-month,No,Electronic check,47.35,1703.79,No
3384-JVCBO,Male,0,No,No,41,Yes,Yes,Fiber optic,No,Yes,No,No,Yes,No,Two year,Yes,Electronic check,105.56,4323.48,No
9035-AQYZX,Male,0,Yes,No,17,Yes,No,Fiber optic,Yes,Yes,No,Yes,No,No,Two year,Yes,Bank transfer (automatic),119.95,2049.09,No
6324-HVMWQ,Male,0,Yes,No,52,Yes,Yes,No,No internet service,No internet service,No internet service,No internet service,No internet service,No internet service,Month-to-month,Yes,Bank transfer (automatic),37.58,1957.88,No
6218-VKVEC,Female,0,No,No,38,Yes,Yes,DSL,No,No,Yes,No,Yes,Yes,Month-to-month,No,Mailed check,91.89,3513.45,Yes
6041-ZNBPD,Female,0,Yes,Yes,18,Yes,No,Fiber optic,No,No,No,No,No,No,Month-to-month,No,Bank transfer (automatic),80.53,1420.56,Yes
2189-OYBHE,Female,0,No,No,66,No,No phone service,DSL,No,No,No,No,No,No,One year,Yes,Bank transfer (automatic),46.79,3108.25,No
6085-CJZQT,Male,0,Yes,No,29,Yes,Yes,Fiber optic,No,Yes,No,No,Yes,No,Two year,No,Electronic check,100.35,2915.29,No
3551-SDEBO,Female,0,No,Yes,5,Yes,No,Fiber optic,Yes,No,No,Yes,No,Yes,Month-to-month,Yes,Electronic check,111.61,582.89,No
7759-EGALD,Male,0,Yes,Yes,18,Yes,Yes,Fiber optic,Yes,No,Yes,No,No,Yes,Month-to-month,Yes,Mailed check,114.97,2088.25,Yes
3547-VCCPD,Female,0,No,No,51,Yes,No,DSL,No,No,Yes,Yes,Yes,No,Month-to-month,Yes,Bank transfer (automatic),88.56,4525.48,No
7790-KDGAK,Female,0,No,Yes,19,Yes,No,No,No internet service,No internet service,No internet service,No internet service,No internet service,No internet service,Month-to-month,Yes,Bank transfer (automatic),38.51,744.05,No
2215-VVNCQ,Female,0,Yes,Yes,26,Yes,Yes,No,No internet service,No internet service,No internet service,No internet service,No internet service,No internet service,Two year,No,Mailed check,41.6,1100.89,No
4625-MBBXX,Female,1,No,No,52,Yes,No,No,No internet service,No internet service,No internet service,No internet service,No internet service,No internet service,Two year,Yes,Bank transfer (automatic),47.93,2474.5,No
2735-DDVTG,Female,0,No,Yes,19,Yes,Yes,Fiber optic,No,Yes,No,No,No,No,Two year,Yes,Electronic check,97.59,1858.3,Yes
5472-IYAKX,Male,0,No,No,43,Yes,No,Fiber optic,Yes,No,No,No,No,Yes,Month-to-month,No,Electronic check,97.4,4173.65,Yes
3657-NETRI,Male,0,No,No,9,Yes,No,No,No internet service,No internet service,No internet service,No internet service,No internet service,No internet service,One year,Yes,Bank transfer (automatic),40.53,352.52,No
2023-LPFVU,Female,0,No,No,32,Yes,No,DSL,No,No,No,No,No,No,Two year,Yes,Electronic check,63.75,2040.33,No
6524-JNKXS,Female,0,Yes,No,31,Yes,No,Fiber optic,No,Yes,Yes,No,No,Yes,One year,Yes,Credit card (automatic),108.78,3352.68,No
4828-GEFMP,Male,0,Yes,No,34,Yes,No,Fiber optic,No,No,Yes,No,No,Yes,Two year,Yes,Credit card (automatic),106.5,3637.22,No
8862-VLBQB,Female,0,Yes,No,37,Yes,Yes,Fiber optic,Yes,No,No,No,Yes,No,Month-to-month,Yes,Mailed check,100.05,3698.81,Yes
2442-MCKMT,Male,0,No,No,27,Yes,No,DSL,No,No,No,No,No,No,Month-to-month,No,Electronic check,62.36,1697.0,No
8123-GCUMA,Female,0,No,No,24,Yes,No,DSL,Yes,Yes,No,Yes,No,No,Month-to-month,Yes,Electronic check,80.7,1938.97,No
5527-JMQKG,Male,0,No,No,26,Yes,No,No,No internet service,No internet service,No internet service,No internet service,No internet service,No internet service,Two year,Yes,Mailed check,41.38,1069.7,No
5944-TMABE,Female,0,Yes,No,64,No,No phone service,DSL,No,No,No,Yes,No,No,Month-to-month,Yes,Credit card (automatic),55.49,3583.13,No
6562-WWXKV,Male,1,No,No,29,Yes,No,No,No internet service,No internet service,No internet service,No internet service,No internet service,No internet service,Two year,No,Electronic check,45.35,1314.86,No
2694-BPJDE,Male,0,No,Yes,72,Yes,No,Fiber optic,Yes,Yes,No,No,Yes,No,Month-to-month,No,Electronic check,113.88,8213.48,No
5198-ILQFP,Female,0,Yes,Yes,37,Yes,No,DSL,No,Yes,Yes,Yes,No,No,One year,No,Mailed check,82.93,3053.29,No
4118-OTLGY,Female,0,No,No,29,Yes,No,Fiber optic,No,No,No,No,No,Yes,One year,No,Mailed check,92.63,2674.15,No
4562-CDADH,Male,0,Yes,No,10,No,No phone service,No,No internet service,No internet service,No internet service,No internet service,No internet service,No internet service,Month-to-month,Yes,Bank transfer (automatic),25.41,241.17,Yes
2309-IUPVT,Female,0,No,No,45,No,No phone service,DSL,Yes,No,No,No,No,No,Month-to-month,Yes,Bank transfer (automatic),49.58,2184.4,Yes
9307-JCXKR,Male,1,Yes,No,21,Yes,No,Fiber optic,No,No,No,No,No,Yes,One year,Yes,Credit card (automatic),99.64,2061.04,Yes
3390-CBIKB,Male,0,No,Yes,50,Yes,No,No,No internet service,No internet service,No internet service,No internet service,No internet service,No internet service,Two year,Yes,Mailed check,40.6,2025.78,No
5983-WPPSB,Male,0,Yes,No,14,Yes,No,DSL,Yes,Yes,Yes,No,No,No,Month-to-month,Yes,Electronic check,84.74,1192.93,No
9755-WRUKO,Male,0,Yes,No,26,Yes,No,No,No internet service,No internet service,No internet service,No internet service,No internet service,No internet service,Month-to-month,No,Bank transfer (automatic),36.67,937.42,No
3707-JORKM,Female,1,No,No,21,Yes,Yes,DSL,No,Yes,No,No,Yes,No,Two year,Yes,Bank transfer (automatic),70.38,1471.39,No
1728-SQGMR,Female,0,No,No,43,Yes,No,Fiber optic,Yes,No,No,No,No,No,Month-to-month,No,Electronic check,90.1,3882.13,Yes
5547-IFEQP,Male,0,Yes,No,68,Yes,No,DSL,No,No,No,Yes,No,Yes,Month-to-month,Yes,Credit card (automatic),87.54,5921.52,No
8867-APVAB,Male,0,Yes,No,25,Yes,Yes,Fiber optic,No,No,No,No,No,Yes,Two year,No,Bank transfer (automatic),100.35,2503.29,No
4720-XCAUG,Female,0,No,No,19,Yes,No,DSL,Yes,No,Yes,No,No,Yes,Two year,Yes,Mailed check,80.15,1529.6,No
1687-ZOLNO,Female,0,No,No,10,No,No phone service,No,No internet service,No internet service,No internet service,No internet service,No internet service,No internet service,Month-to-month,No,Credit card (automatic),22.47,248.17,No
6950-AEUZH,Male,0,Yes,No,18,Yes,No,No,No internet service,No internet service,No internet service,No internet service,No internet service,No internet service,Two year,No,Bank transfer (automatic),46.19,790.33,No
3622-OBDHO,Male,0,Yes,Yes,68,Yes,No,No,No internet service,No internet service,No internet service,No internet service,No internet service,No internet service,One year,Yes,Credit card (automatic),47.73,3244.58,No
7010-UNEOB,Male,1,Yes,Yes,26,Yes,No,No,No internet service,No internet service,No internet service,No internet service,No internet service,No internet service,Month-to-month,Yes,Bank transfer (automatic),36.46,937.46,Yes
3495-PSUSL,Male,1,No,No,36,Yes,No,Fiber optic,No,No,No,Yes,No,No,Month-to-month,No,Bank transfer (automatic),98.35,3536.65,No
4503-XSSVC,Female,0,No,No,7,No,No phone service,DSL,No,No,No,No,Yes,No,Two year,No,Electronic check,54.07,348.24,No
4165-XWBKS,Female,0,No,No,7,Yes,No,No,No internet service,No internet service,No internet service,No internet service,No internet service,No internet service,One year,No,Mailed check,40.72,272.48,No
6337-PCIPX,Female,0,Yes,No,6,Yes,No,Fiber optic,No,No,No,No,Yes,Yes,One year,Yes,Bank transfer (automatic),103.96,664.43,No
1970-PYZIN,Female,1,No,No,57,Yes,No,No,No internet service,No internet service,No internet service,No internet service,No internet service,No internet service,Month-to-month,No,Credit card (automatic),36.26,2090.5,No
6043-ECNOR,Male,0,Yes,No,26,Yes,No,Fiber optic,No,No,No,No,No,No,Month-to-month,No,Credit card (automatic),90.76,2390.11,No
5536-UKLBZ,Female,1,No,No,14,Yes,No,Fiber optic,Yes,No,No,No,No,No,One year,Yes,Electronic check,105.54,1487.22,Yes
1425-IVFYR,Female,0,Yes,No,46,Yes,No,Fiber optic,No,No,No,No,No,No,Month-to-month,No,Bank transfer (automatic),90.2,4141.29,No
4419-ZXWYQ,Female,0,Yes,No,20,No,No phone service,DSL,No,No,Yes,No,Yes,Yes,Two year,Yes,Electronic check,67.17,1316.58,No
3350-ZHKEP,Male,0,Yes,No,50,Yes,No,Fiber optic,No,No,No,No,No,Yes,Month-to-month,Yes,Bank transfer (automatic),94.97,4748.53,No
4247-NHKID,Female,0,Yes,No,25,Yes,No,DSL,No,Yes,No,Yes,No,No,Month-to-month,Yes,Electronic check,84.53,2127.99,No
5465-UDGBV,Male,1,Yes,No,51,Yes,Yes,No,No internet service,No internet service,No internet service,No internet service,No internet service,No internet service,Month-to-month,No,Bank transfer (automatic),32.52,1723.22,No
8473-YDXEO,Female,0,No,Yes,13,Yes,Yes,DSL,Yes,No,Yes,No,Yes,No,Two year,Yes,Mailed check,84.54,1096.66,No
1449-PSYNE,Female,0,No,No,35,No,No phone service,No,No internet service,No internet service,No internet service,No internet service,No internet service,No internet service,Month-to-month,Yes,Credit card (automatic),22.82,827.68,No
9731-EYEGU,Female,0,No,No,41,Yes,No,No,No internet service,No internet service,No internet service,No internet service,No internet service,No internet service,Month-to-month,No,Bank transfer (automatic),38.88,1574.52,No
4082-SNCAN,Female,1,No,Yes,7,Yes,No,Fiber optic,Yes,Yes,Yes,No,Yes,Yes,Month-to-month,Yes,Electronic check,120.0,845.65,Yes
8945-VBLPQ,Female,0,Yes,No,26,Yes,Yes,Fiber optic,No,No,No,No,No,No,One year,Yes,Bank transfer (automatic),104.01,2688.51,No
3065-CEGVF,Male,0,No,Yes,10,Yes,Yes,Fiber optic,No,No,No,No,Yes,Yes,Two year,No,Bank transfer (automatic),102.32,1030.37,No
6810-RWUCP,Female,0,Yes,No,7,Yes,Yes,Fiber optic,No,No,Yes,No,Yes,No,Month-to-month,Yes,Mailed check,105.6,767.74,Yes
4414-GTOWV,Female,0,Yes,No,22,No,No phone service,Fiber optic,Yes,No,No,Yes,No,No,Month-to-month,Yes,Electronic check,85.72,1917.0,Yes
5261-PUKUC,Male,0,Yes,Yes,36,Yes,Yes,Fiber optic,No,Yes,No,Yes,No,No,Two year,Yes,Credit card (automatic),96.87,3508.08,No
8811-RWNEL,Male,1,Yes,No,15,Yes,No,DSL,No,No,No,No,Yes,No,Month-to-month,Yes,Electronic check,79.45,1165.62,No
3580-CHVNN,Male,0,No,No,22,Yes,Yes,No,No internet service,No internet service,No internet service,No internet service,No internet service,No internet service,One year,No,Electronic check,40.75,904.43,No
4230-GVIFZ,Female,0,Yes,No,16,Yes,No,Fiber optic,No,No,No,Yes,Yes,No,Month-to-month,Yes,Bank transfer (automatic),102.95,1673.92,Yes
9887-TRMRN,Female,0,Yes,No,48,Yes,No,Fiber optic,Yes,Yes,Yes,No,Yes,No,Two year,Yes,Electronic check,120.0,5742.14,No
1328-ENGSW,Female,0,No,Yes,60,Yes,No,Fiber optic,No,Yes,No,No,Yes,Yes,Two year,No,Mailed check,109.77,6583.66,No
1260-IAPBC,Female,0,Yes,Yes,72,No,No phone service,Fiber optic,No,No,No,No,No,Yes,Month-to-month,No,Electronic check,76.0,5492.56,No
5308-AABBV,Female,1,No,No,55,No,No phone service,Fiber optic,No,No,No,No,No,Yes,Month-to-month,No,Mailed check,77.63,4203.61,No
4736-PMOER,Female,0,Yes,No,38,No,No phone service,DSL,No,Yes,No,No,No,No,Month-to-month,No,Mailed check,47.49,1791.67,No
3872-LSYIK,Male,0,No,No,48,Yes,No,Fiber optic,Yes,No,Yes,No,No,Yes,Month-to-month,No,Mailed check,100.31,4856.31,No
7402-CPCZU,Male,0,No,Yes,16,Yes,No,Fiber optic,No,Yes,Yes,No,No,Yes,Month-to-month,Yes,Electronic check,113.23,1862.22,Yes
5672-ZVOFE,Male,0,Yes,No,21,Yes,No,DSL,No,No,Yes,Yes,No,No,Month-to-month,Yes,Mailed check,71.75,1535.93,Yes
7799-FROZO,Female,0,No,No,31,Yes,Yes,DSL,No,No,No,No,Yes,Yes,One year,Yes,Bank transfer (automatic),83.76,2548.3,Yes
4067-EGNSK,Male,1,Yes,No,6,Yes,No,Fiber optic,No,No,No,No,No,No,Month-to-month,Yes,Bank transfer (automatic),91.67,569.52,Yes
2015-KAGDB,Male,0,Yes,Yes,15,Yes,Yes,Fiber optic,Yes,Yes,No,Yes,Yes,No,Month-to-month,No,Electronic check,112.31,1706.32,No
9634-UGFSU,Male,0,No,No,72,Yes,Yes,DSL,Yes,No,Yes,No,No,Yes,Two year,No,Mailed check,87.08,6264.0,No
9396-XQQOD,Female,1,No,No,21,Yes,No,No,No internet service,No internet service,No internet service,No internet service,No internet service,No internet service,Month-to-month,Yes,Mailed check,41.62,926.02,No
1175-QRJID,Female,0,Yes,Yes,5,Yes,No,DSL,No,Yes,No,No,No,No,Two year,Yes,Electronic check,68.96,319.07,No
2855-PZAZC,Female,0,Yes,No,18,Yes,No,Fiber optic,No,Yes,No,No,Yes,Yes,One year,No,Mailed check,113.08,2057.85,No
9009-FTAGE,Male,1,Yes,No,30,Yes,No,No,No internet service,No internet service,No internet service,No internet service,No internet service,No internet service,Month-to-month,Yes,Bank transfer (automatic),39.3,1164.64,No
5763-UMZSI,Female,1,No,Yes,37,Yes,No,Fiber optic,Yes,No,No,No,No,No,One year,No,Credit card (automatic),90.31,3365.87,No
8519-LNLER,Female,0,No,Yes,25,Yes,Yes,Fiber optic,No,No,No,No,No,No,Two year,No,Electronic check,91.56,2315.6,Yes
7795-MIWNI,Female,0,Yes,No,34,Yes,No,No,No internet service,No internet service,No internet service,No internet service,No internet service,No internet service,Two year,No,Mailed check,47.6,1628.56,No
8896-GFNCC,Male,1,No,Yes,15,Yes,No,Fiber optic,Yes,No,No,No,No,No,Month-to-month,Yes,Credit card (automatic),87.93,1278.11,Yes
5710-VYSBZ,Male,0,Yes,Yes,61,Yes,No,DSL,No,Yes,No,No,No,No,Month-to-month,No,Mailed check,76.08,4632.41,No
6058-VTBZY,Female,0,No,No,52,No,No phone service,Fiber optic,No,No,Yes,No,No,Yes,Month-to-month,No,Credit card (automatic),80.33,4201.11,No
2146-HFMAC,Male,1,No,No,4,Yes,No,DSL,Yes,Yes,No,No,Yes,No,Month-to-month,No,Bank transfer (automatic),96.13,370.76,No
9183-WWFTC,Female,0,No,No,11,Yes,No,DSL,No,No,Yes,No,Yes,No,Month-to-month,Yes,Credit card (automatic),78.08,836.73,No
2234-VIFFR,Female,0,Yes,No,47,Yes,Yes,Fiber optic,No,No,No,No,Yes,No,Two year,No,Bank transfer (automatic),95.65,4502.94,No
4653-UQXJV,Male,0,Yes,No,32,Yes,No,Fiber optic,No,No,Yes,No,Yes,No,One year,No,Electronic check,104.43,3334.91,No
2023-HLRYO,Female,0,Yes,No,31,Yes,No,DSL,No,No,No,No,No,No,Two year,Yes,Bank transfer (automatic),60.61,1857.49,No
6639-FJBTK,Male,0,No,Yes,28,Yes,No,DSL,No,Yes,No,No,No,No,Month-to-month,Yes,Electronic check,62.83,1742.01,Yes
7348-INVDR,Female,0,No,No,55,Yes,No,Fiber optic,Yes,No,No,No,Yes,Yes,Month-to-month,Yes,Bank transfer (automatic),105.59,5811.52,No
5357-SSAQD,Male,0,Yes,No,32,Yes,No,Fiber optic,No,Yes,No,No,No,No,Month-to-month,No,Mailed check,94.62,3040.85,Yes
3792-VKYVI,Male,0,Yes,No,37,Yes,No,Fiber optic,No,No,No,No,No,No,Two year,Yes,Bank transfer (automatic),87.94,3230.08,No
8959-LNBCE,Male,0,Yes,No,29,Yes,Yes,Fiber optic,No,No,No,No,No,No,Month-to-month,Yes,Electronic check,88.72,2586.62,Yes
4570-KPLAC,Male,0,No,No,12,Yes,No,No,No internet service,No internet service,No internet service,No internet service,No internet service,No internet service,Month-to-month,Yes,Electronic check,38.94,455.44,Yes
4476-OPXJN,Female,0,No,No,49,Yes,No,Fiber optic,No,No,No,No,Yes,No,Month-to-month,Yes,Electronic check,97.05,4780.3,Yes
1330-MFVLX,Male,0,Yes,No,20,Yes,No,Fiber optic,No,No,No,Yes,No,No,Month-to-month,No,Mailed check,100.89,2035.99,Yes
1982-PNNHE,Male,0,No,No,20,Yes,No,Fiber optic,Yes,Yes,No,No,No,No,Month-to-month,Yes,Electronic check,104.44,2094.4,Yes
3507-HNSCX,Male,0,Yes,Yes,23,Yes,No,Fiber optic,No,Yes,No,No,Yes,No,Month-to-month,Yes,Electronic check,106.73,2457.61,No
9757-DXNUI,Male,0,No,No,9,Yes,Yes,Fiber optic,No,No,Yes,No,No,No,Two year,Yes,Credit card (automatic),95.95,903.3,No
3130-DYZWJ,Male,0,Yes,Yes,72,Yes,Yes,No,No internet service,No internet service,No internet service,No internet service,No internet service,No internet service,One year,Yes,Bank transfer (automatic),39.01,2816.08,No
9098-NOUIH,Female,0,Yes,No,46,Yes,No,Fiber optic,Yes,No,No,No,No,No,Two year,Yes,Mailed check,100.01,4614.3,No
1168-PNKDP,Female,0,No,Yes,11,Yes,Yes,Fiber optic,No,Yes,Yes,No,No,Yes,Two year,No,Bank transfer (automatic),120.0,1366.55,No
3138-YCUZE,Male,0,No,No,72,Yes,Yes,DSL,No,No,No,Yes,Yes,No,One year,Yes,Electronic check,79.87,5758.79,No
9348-VFHWZ,Female,0,Yes,No,17,Yes,Yes,No,No internet service,No internet service,No internet service,No internet service,No internet service,No internet service,Month-to-month,Yes,Bank transfer (automatic),37.13,640.63,No
2705-OZMEW,Female,0,No,No,20,Yes,Yes,Fiber optic,No,No,No,No,No,No,Month-to-month,Yes,Mailed check,82.06,1632.99,Yes
5874-PADJC,Male,0,No,No,17,Yes,No,No,No internet service,No internet service,No internet service,No internet service,No internet service,No internet service,Month-to-month,Yes,Electronic check,33.06,528.71,Yes
4090-OWMXC,Female,1,Yes,Yes,63,Yes,Yes,DSL,No,No,No,Yes,No,No,Two year,Yes,Bank transfer (automatic),62.72,3951.32,No
5297-LNYFH,Male,0,No,No,56,Yes,No,Fiber optic,No,No,Yes,Yes,No,No,Two year,No,Credit card (automatic),109.83,6139.66,No
1073-HFDPX,Male,0,No,No,24,Yes,Yes,Fiber optic,No,No,No,No,No,Yes,Month-to-month,Yes,Electronic check,100.47,2410.31,No
5672-XCHCM,Male,0,Yes,No,25,Yes,No,No,No internet service,No internet service,No internet service,No internet service,No internet service,No internet service,Month-to-month,Yes,Electronic check,39.27,1008.86,Yes
6537-FDISC,Male,0,No,No,45,Yes,No,No,No internet service,No internet service,No internet service,No internet service,No internet service,No internet service,Month-to-month,No,Bank transfer (automatic),45.8,2044.37,No
9396-NGWME,Female,1,No,No,44,Yes,Yes,Fiber optic,No,No,No,No,Yes,Yes,Month-to-month,No,Electronic check,96.63,4213.73,Yes
2051-VCVKH,Female,0,Yes,Yes,26,Yes,No,Fiber optic,No,No,Yes,No,Yes,Yes,Month-to-month,Yes,Mailed check,108.65,2790.79,Yes
7191-KVIDD,Male,1,No,No,27,Yes,No,Fiber optic,No,No,Yes,Yes,No,Yes,Two year,No,Electronic check,103.26,2768.88,No
9481-QDHCL,Female,0,Yes,Yes,47,Yes,Yes,DSL,No,No,No,No,Yes,Yes,Month-to-month,No,Electronic check,72.22,3367.07,No
4890-UWHAK,Female,0,No,No,6,No,No phone service,Fiber optic,Yes,No,No,No,No,Yes,Two year,No,Bank transfer (automatic),79.96,477.64,No
7208-UMGHU,Female,0,No,No,35,Yes,Yes,No,No internet service,No internet service,No internet service,No internet service,No internet service,No internet service,Month-to-month,Yes,Credit card (automatic),46.34,1585.57,Yes
4139-GEWOV,Female,1,Yes,No,34,Yes,No,Fiber optic,No,No,No,Yes,Yes,Yes,Month-to-month,Yes,Bank transfer (automatic),114.77,3888.86,Yes
4924-KMSAN,Female,0,No,Yes,64,No,No phone service,Fiber optic,No,No,No,Yes,Yes,No,Month-to-month,No,Credit card (automatic),85.86,5472.82,No
2893-IVSVW,Male,0,Yes,No,38,Yes,No,No,No internet service,No internet service,No internet service,No internet service,No internet service,No internet service,Month-to-month,No,Electronic check,45.51,1716.82,No
6483-RTRWE,Female,0,No,No,40,Yes,Yes,DSL,No,No,No,No,No,No,Month-to-month,No,Electronic check,73.78,2985.54,No
7345-WZTZB,Female,0,No,No,16,Yes,Yes,DSL,Yes,No,Yes,No,No,Yes,One year,Yes,Mailed check,81.47,1314.89,No
2845-RAABV,Female,0,Yes,No,17,Yes,No,Fiber optic,Yes,Yes,No,No,No,No,Month-to-month,No,Electronic check,100.78,1744.76,No
1988-WXPHT,Female,0,No,No,35,Yes,No,Fiber optic,Yes,Yes,Yes,No,No,Yes,Month-to-month,Yes,Bank transfer (automatic),120.0,4214.7,Yes
9571-CXNUU,Male,0,Yes,Yes,3,Yes,Yes,Fiber optic,No,No,No,Yes,No,No,Month-to-month,Yes,Credit card (automatic),99.58,322.62,Yes
5604-OVHWF,Male,0,No,No,21,Yes,No,Fiber optic,No,No,No,No,No,No,Month-to-month,Yes,Electronic check,84.16,1748.99,No
1041-LHSXN,Male,0,No,Yes,10,Yes,No,Fiber optic,No,No,No,No,No,No,One year,No,Credit card (automatic),92.14,913.81,No
1715-QYKAZ,Male,0,No,No,17,Yes,No,No,No internet service,No internet service,No internet service,No internet service,No internet service,No internet service,One year,Yes,Mailed check,42.75,736.95,No
1977-LXDKL,Female,1,Yes,No,4,Yes,No,Fiber optic,Yes,No,No,No,Yes,Yes,Month-to-month,No,Electronic check,108.47,424.1,Yes
2434-COAPK,Female,1,No,Yes,11,No,No phone service,Fiber optic,No,Yes,No,No,No,No,Two year,Yes,Mailed check,70.26,757.84,No
1556-FURZV,Female,0,No,Yes,59,Yes,No,No,No internet service,No internet service,No internet service,No internet service,No internet service,No internet service,Month-to-month,Yes,Mailed check,39.64,2362.6,No
4503-ACZXI,Female,0,No,No,10,Yes,No,Fiber optic,Yes,No,No,No,Yes,Yes,Two year,No,Bank transfer (automatic),106.51,1070.63,Yes
5194-CIEUO,Female,0,No,No,13,No,No phone service,DSL,No,No,No,No,Yes,No,Month-to-month,Yes,Bank transfer (automatic),52.54,693.86,No
6073-DVSFQ,Female,1,No,No,18,No,No phone service,Fiber optic,No,Yes,No,Yes,Yes,Yes,One year,Yes,Bank transfer (automatic),94.93,1675.12,No
7338-TCYDY,Female,0,Yes,No,41,Yes,No,Fiber optic,No,No,No,Yes,No,Yes,Month-to-month,No,Bank transfer (automatic),102.24,4169.94,No
1522-FBJDP,Female,0,Yes,No,23,Yes,No,Fiber optic,No,Yes,Yes,No,No,No,One year,No,Bank transfer (automatic),110.64,2539.41,No
5986-SDLPE,Female,1,No,No,6,No,No phone service,Fiber optic,Yes,Yes,No,No,Yes,Yes,One year,No,Electronic check,98.45,580.76,Yes
7665-PFZWD,Male,0,Yes,No,4,Yes,Yes,Fiber optic,No,No,No,Yes,No,No,Month-to-month,Yes,Credit card (automatic),98.36,379.2,Yes
2951-HYTRJ,Female,0,No,Yes,21,Yes,No,DSL,No,No,No,No,No,No,Month-to-month,No,Electronic check,66.97,1388.61,No
4906-JFAEE,Female,0,No,No,23,Yes,Yes,DSL,Yes,No,Yes,No,No,No,One year,No,Bank transfer (automatic),76.17,1752.27,No
3571-WABWK,Female,0,No,Yes,49,Yes,No,Fiber optic,No,No,Yes,Yes,No,Yes,Month-to-month,Yes,Bank transfer (automatic),103.0,5050.4,Yes
6971-ENEEH,Male,0,No,No,11,Yes,Yes,Fiber optic,No,No,Yes,No,No,No,One year,Yes,Electronic check,102.56,1093.21,No
8436-NCBOR,Male,1,No,No,69,Yes,Yes,DSL,No,Yes,Yes,Yes,No,No,Month-to-month,Yes,Mailed check,85.53,5896.09,No
9357-DAINC,Male,0,No,Yes,6,Yes,Yes,DSL,No,No,No,No,No,Yes,Month-to-month,Yes,Electronic check,69.73,437.3,No
9132-RUOAM,Female,0,No,No,6,Yes,No,DSL,Yes,No,No,Yes,No,No,One year,Yes,Electronic check,77.23,468.18,No
3257-VEJUZ,Female,0,Yes,Yes,20,Yes,No,DSL,No,No,No,No,No,Yes,Month-to-month,Yes,Bank transfer (automatic),76.85,1558.41,Yes
3023-LYVRS,Female,0,Yes,No,48,Yes,No,Fiber optic,No,No,Yes,Yes,Yes,No,Month-to-month,No,Credit card (automatic),111.31,5329.61,No
3705-TBHCR,Female,0,Yes,No,31,Yes,No,No,No internet service,No internet service,No internet service,No internet service,No internet service,No internet service,Month-to-month,No,Electronic check,38.85,1199.91,No
9217-MDSIW,Male,0,No,No,10,Yes,No,No,No internet service,No internet service,No internet service,No internet service,No internet service,No internet service,Two year,Yes,Credit card (automatic),35.33,323.12,No
5687-KTXPK,Female,0,Yes,No,72,Yes,No,Fiber optic,No,No,Yes,No,No,Yes,Month-to-month,No,Mailed check,108.26,7791.92,No
3412-SZGMN,Female,0,No,No,30,Yes,Yes,Fiber optic,Yes,Yes,No,No,Yes,No,Month-to-month,No,Bank transfer (automatic),117.07,3501.95,No
4507-LQYBS,Male,0,No,No,32,Yes,Yes,Fiber optic,No,Yes,Yes,No,No,Yes,One year,No,Credit card (automatic),108.01,3448.06,No
4806-KHXPE,Female,0,Yes,Yes,45,Yes,No,DSL,No,No,No,Yes,Yes,No,Month-to-month,No,Bank transfer (automatic),90.2,4037.15,No
2011-AOLYT,Male,1,No,No,33,Yes,Yes,Fiber optic,No,No,Yes,No,No,Yes,Month-to-month,Yes,Mailed check,103.27,3417.36,Yes
7683-EUBHN,Female,0,Yes,No,18,Yes,No,Fiber optic,No,Yes,No,Yes,Yes,Yes,Month-to-month,No,Bank transfer (automatic),120.0,2159.1,Yes
7031-XLINC,Female,0,No,Yes,72,Yes,No,DSL,No,No,No,Yes,No,Yes,Month-to-month,Yes,Bank transfer (automatic),86.53,6246.96,No
7545-TIUUN,Female,0,Yes,Yes,64,Yes,No,No,No internet service,No internet service,No internet service,No internet service,No internet service,No internet service,Two year,No,Credit card (automatic),40.56,2566.54,No
2721-ZSLHD,Female,1,Yes,Yes,72,Yes,No,DSL,No,No,No,No,No,No,One year,No,Mailed check,69.38,5007.56,No
1141-FZHYT,Male,0,Yes,Yes,19,Yes,Yes,Fiber optic,No,No,No,No,Yes,Yes,Two year,No,Credit card (automatic),103.61,1978.14,No
2821-UXGKM,Female,0,No,Yes,72,Yes,Yes,DSL,No,No,No,No,No,No,Two year,Yes,Mailed check,68.67,4906.86,No
3945-WJMBG,Female,0,Yes,No,10,Yes,Yes,Fiber optic,No,No,Yes,No,No,Yes,Month-to-month,Yes,Bank transfer (automatic),111.35,1137.09,Yes
9498-UZXDH,Female,0,No,No,27,Yes,Yes,Fiber optic,No,No,No,No,No,Yes,One year,Yes,Bank transfer (automatic),96.64,2627.59,No
2179-WQBHX,Female,0,No,No,44,Yes,No,Fiber optic,Yes,No,Yes,Yes,No,Yes,Month-to-month,Yes,Electronic check,119.65,5288.68,No
8207-HAQKN,Male,1,Yes,Yes,8,Yes,No,DSL,No,No,No,Yes,No,No,Two year,Yes,Mailed check,68.49,555.12,No
6943-ZXSFV,Female,0,Yes,No,72,No,No phone service,Fiber optic,Yes,No,No,No,No,Yes,Two year,Yes,Bank transfer (automatic),85.63,6158.23,No
7378-QTRYU,Male,0,Yes,No,18,Yes,No,Fiber optic,Yes,No,No,No,No,Yes,Month-to-month,No,Bank transfer (automatic),97.96,1772.59,No
3757-VULDH,Female,0,No,Yes,66,Yes,Yes,DSL,No,No,No,No,No,No,One year,No,Mailed check,64.41,4234.86,No
5941-BVBLC,Male,0,No,No,9,Yes,Yes,Fiber optic,Yes,No,No,Yes,Yes,No,Month-to-month,Yes,Credit card (automatic),114.89,1058.87,No
6879-BPOBZ,Male,0,Yes,No,26,Yes,Yes,Fiber optic,Yes,No,No,Yes,Yes,Yes,Two year,No,Credit card (automatic),120.0,3101.63,No
6812-LFONW,Male,0,No,Yes,15,Yes,No,Fiber optic,No,Yes,No,Yes,Yes,No,Month-to-month,Yes,Electronic check,119.1,1797.66,Yes
3347-HAVXT,Female,0,No,No,15,Yes,No,DSL,No,No,No,No,Yes,Yes,Month-to-month,No,Electronic check,72.15,1070.49,Yes
9567-QZWZY,Male,0,No,No,10,Yes,Yes,Fiber optic,No,No,No,Yes,No,No,Two year,No,Credit card (automatic),100.83,995.13,Yes
8709-NLCWB,Male,0,Yes,No,9,Yes,Yes,Fiber optic,No,Yes,No,Yes,No,No,Month-to-month,No,Electronic check,101.76,925.73,No
3211-JVMGN,Female,0,Yes,No,11,Yes,Yes,Fiber optic,No,No,No,Yes,Yes,Yes,Month-to-month,Yes,Credit card (automatic),116.16,1301.93,Yes
8128-SKGRP,Male,0,Yes,No,11,No,No phone service,Fiber optic,Yes,Yes,Yes,No,No,No,One year,No,Mailed check,93.19,1009.64,No
1163-QGOEH,Male,0,No,No,57,Yes,Yes,DSL,No,No,Yes,Yes,No,No,One year,No,Mailed check,82.9,4736.45,No
9911-FBMMM,Male,0,No,No,62,Yes,Yes,Fiber optic,Yes,No,Yes,Yes,Yes,Yes,Month-to-month,Yes,Bank transfer (automatic),120.0,7465.17,Yes
4643-BNIRX,Male,0,Yes,No,8,Yes,No,DSL,Yes,Yes,No,No,Yes,Yes,Month-to-month,Yes,Bank transfer (automatic),84.27,680.59,No
4219-WGELV,Female,0,Yes,No,22,Yes,Yes,Fiber optic,No,No,Yes,Yes,Yes,Yes,Month-to-month,No,Electronic check,119.21,2643.43,Yes
7080-NYNQZ,Female,1,No,No,56,Yes,No,No,No internet service,No internet service,No internet service,No internet service,No internet service,No internet service,Month-to-month,No,Electronic check,30.89,1722.65,Yes
7220-GCCUV,Female,0,Yes,No,40,Yes,Yes,Fiber optic,No,No,No,No,Yes,Yes,Two year,No,Bank transfer (automatic),111.29,4457.18,No
7890-AFEFC,Male,0,No,Yes,20,Yes,Yes,No,No internet service,No internet service,No internet service,No internet service,No internet service,No internet service,One year,Yes,Bank transfer (automatic),39.78,797.39,No
3146-YWRGG,Male,1,Yes,Yes,16,Yes,Yes,Fiber optic,Yes,Yes,Yes,Yes,No,Yes,One year,Yes,Electronic check,120.0,1943.38,No
4313-GEMMC,Male,0,Yes,Yes,8,Yes,No,No,No internet service,No internet service,No internet service,No internet service,No internet service,No internet service,Month-to-month,Yes,Electronic check,36.33,278.34,Yes
9462-EOHDP,Male,0,No,No,72,Yes,Yes,No,No internet service,No internet service,No internet service,No internet service,No internet service,No internet service,Two year,No,Bank transfer (automatic),38.87,2804.18,No
3975-SPOZZ,Female,0,Yes,No,33,No,No phone service,No,No internet service,No internet service,No internet service,No internet service,No internet service,No internet service,Month-to-month,Yes,Bank transfer (automatic),19.55,621.91,No
3354-ONAPH,Female,1,No,No,29,Yes,Yes,DSL,No,No,No,No,No,No,Two year,Yes,Bank transfer (automatic),71.42,2058.0,No
1798-TXKXS,Male,0,Yes,No,12,Yes,No,No,No internet service,No internet service,No internet service,No internet service,No internet service,No internet service,Two year,Yes,Credit card (automatic),42.71,545.85,No
3820-OQZEL,Female,0,Yes,No,25,Yes,Yes,DSL,No,No,Yes,Yes,Yes,Yes,Two year,No,Bank transfer (automatic),94.93,2415.08,No
3877-JRIFU,Female,0,No,No,56,Yes,No,No,No internet service,No internet service,No internet service,No internet service,No internet service,No internet service,Month-to-month,No,Bank transfer (automatic),48.3,2698.86,No
8983-OYBAP,Male,0,Yes,Yes,7,Yes,No,Fiber optic,Yes,No,No,No,No,No,Month-to-month,Yes,Mailed check,91.9,629.05,No
8139-DCINV,Female,1,No,No,12,Yes,No,DSL,No,No,No,No,No,No,One year,Yes,Mailed check,62.06,776.71,No
9690-ZWSZI,Male,0,No,No,8,Yes,No,No,No internet service,No internet service,No internet service,No internet service,No internet service,No internet service,Month-to-month,Yes,Credit card (automatic),44.41,338.17,Yes
7138-RMJPM,Male,0,No,No,67,Yes,No,Fiber optic,Yes,No,Yes,No,Yes,Yes,Month-to-month,No,Electronic check,118.05,7911.16,Yes
7609-PZWIO,Female,1,Yes,No,7,Yes,No,Fiber optic,No,No,No,No,No,Yes,One year,Yes,Mailed check,89.85,641.64,Yes
3386-GWQEO,Female,0,Yes,No,32,Yes,No,No,No internet service,No internet service,No internet service,No internet service,No internet service,No internet service,One year,No,Electronic check,40.11,1315.43,No
4219-CZNUS,Male,0,Yes,No,8,Yes,No,No,No internet service,No internet service,No internet service,No internet service,No internet service,No internet service,Month-to-month,Yes,Bank transfer (automatic),41.08,305.21,Yes
2143-FUYKU,Female,0,No,No,29,No,No phone service,Fiber optic,No,Yes,No,No,No,No,Month-to-month,Yes,Bank transfer (automatic),75.93,2187.92,Yes
7878-TEQHJ,Female,0,Yes,Yes,8,Yes,No,Fiber optic,Yes,No,Yes,No,No,Yes,One year,Yes,Electronic check,114.03,907.39,Yes
5721-IHHMY,Female,0,Yes,No,17,Yes,Yes,DSL,No,Yes,No,Yes,No,Yes,Month-to-month,No,Bank transfer (automatic),87.79,1482.32,Yes
7727-LJTQG,Male,0,No,No,72,Yes,Yes,Fiber optic,No,No,No,No,Yes,Yes,One year,No,Bank transfer (automatic),108.71,7857.51,No
5218-ZYGSL,Female,0,Yes,No,36,Yes,Yes,Fiber optic,No,Yes,No,No,No,No,Two year,Yes,Credit card (automatic),94.73,3399.63,No
2678-ARQUE,Female,0,No,No,28,No,No phone service,Fiber optic,Yes,Yes,Yes,Yes,Yes,No,Two year,Yes,Credit card (automatic),113.73,3166.52,No
9268-YWLTM,Female,0,Yes,No,34,Yes,No,Fiber optic,No,No,No,Yes,No,No,One year,Yes,Bank transfer (automatic),91.46,3083.89,No
1971-AIEXT,Female,1,No,No,72,Yes,Yes,Fiber optic,Yes,Yes,No,No,No,No,Month-to-month,Yes,Electronic check,103.92,7453.23,Yes
4141-XAHJW,Female,0,No,No,29,Yes,No,DSL,No,Yes,No,No,No,No,Two year,No,Credit card (automatic),74.4,2155.23,No
3620-OZVRB,Female,0,Yes,Yes,54,Yes,No,DSL,No,No,No,No,No,No,Month-to-month,Yes,Credit card (automatic),62.36,3375.22,No
2043-OHXFB,Female,0,No,No,55,Yes,No,DSL,No,No,No,No,No,No,Two year,Yes,Credit card (automatic),65.07,3540.28,No
7395-UIAKB,Female,0,No,Yes,50,Yes,Yes,Fiber optic,No,No,No,No,Yes,No,Month-to-month,No,Bank transfer (automatic),97.84,4888.61,No
5686-NPHNV,Male,0,Yes,No,72,Yes,Yes,Fiber optic,No,No,Yes,No,No,No,One year,No,Credit card (automatic),103.08,7405.82,No
9734-DWOZJ,Male,0,No,No,41,Yes,No,Fiber optic,No,No,No,Yes,Yes,Yes,Month-to-month,Yes,Bank transfer (automatic),118.64,4857.39,Yes
5847-DYXTW,Female,0,No,No,52,Yes,Yes,Fiber optic,No,Yes,No,No,Yes,No,Month-to-month,Yes,Electronic check,105.49,5470.5,No
1171-MKQPP,Female,1,No,No,17,Yes,No,No,No internet service,No internet service,No internet service,No internet service,No internet service,No internet service,Month-to-month,Yes,Mailed check,35.97,608.55,No
7234-HALIH,Female,0,No,No,26,Yes,Yes,Fiber optic,No,Yes,Yes,No,Yes,No,Month-to-month,No,Electronic check,105.36,2710.61,Yes
7024-BOYJN,Male,0,Yes,No,25,Yes,Yes,No,No internet service,No internet service,No internet service,No internet service,No internet service,No internet service,Month-to-month,No,Electronic check,39.89,1004.09,Yes
6177-WSVOK,Female,0,Yes,No,12,Yes,Yes,Fiber optic,Yes,No,No,No,Yes,No,Two year,Yes,Electronic check,101.37,1208.98,No
2352-HYDTG,Male,0,Yes,No,13,Yes,Yes,Fiber optic,Yes,No,Yes,No,No,No,One year,Yes,Bank transfer (automatic),103.44,1365.49,Yes
8419-FYSJH,Male,0,Yes,Yes,25,Yes,No,DSL,Yes,No,No,Yes,Yes,No,One year,Yes,Bank transfer (automatic),85.18,2135.32,No
5388-SXIHH,Male,0,Yes,No,30,Yes,No,Fiber optic,No,No,No,Yes,No,Yes,Two year,Yes,Credit card (automatic),100.36,2994.95,No
9101-CESQB,Male,0,Yes,No,72,Yes,No,DSL,Yes,No,No,Yes,Yes,Yes,Month-to-month,No,Credit card (automatic),95.49,6882.02,No
6066-RTHBT,Female,0,Yes,No,12,Yes,No,Fiber optic,No,No,No,Yes,No,Yes,Two year,Yes,Electronic check,102.02,1245.25,No
6813-VMWAX,Female,0,No,No,11,Yes,Yes,Fiber optic,Yes,No,Yes,Yes,Yes,Yes,Month-to-month,No,Bank transfer (automatic),120.0,1313.7,Yes
2132-QQKIY,Male,0,Yes,Yes,7,Yes,No,DSL,No,Yes,Yes,Yes,Yes,No,Month-to-month,Yes,Credit card (automatic),89.85,636.15,Yes
5234-APDUT,Female,1,No,No,45,Yes,No,No,No internet service,No internet service,No internet service,No internet service,No internet service,No internet service,Month-to-month,No,Bank transfer (automatic),45.22,2039.51,No
1469-DGYTW,Male,0,No,No,72,Yes,No,DSL,No,Yes,No,No,Yes,Yes,Two year,No,Electronic check,93.66,6750.15,No
9523-HHVUS,Male,0,No,No,24,Yes,Yes,No,No internet service,No internet service,No internet service,No internet service,No internet service,No internet service,Month-to-month,Yes,Credit card (automatic),43.53,1048.48,Yes
2080-DPLMU,Female,0,Yes,No,32,Yes,No,No,No internet service,No internet service,No internet service,No internet service,No internet service,No internet service,Month-to-month,No,Mailed check,35.16,1096.93,No
9354-TVRBU,Male,0,No,Yes,24,Yes,Yes,DSL,No,Yes,No,No,Yes,Yes,One year,No,Bank transfer (automatic),82.17,1947.02,Yes
2871-KEISX,Female,0,No,No,42,No,No phone service,Fiber optic,No,Yes,No,Yes,Yes,No,Two year,No,Electronic check,95.62,3983.22,No
7394-BGXKL,Male,0,No,No,10,Yes,Yes,Fiber optic,Yes,No,Yes,No,No,No,Two year,Yes,Credit card (automatic),101.87,994.67,No
3513-ETQXS,Male,0,Yes,No,36,Yes,No,Fiber optic,No,No,No,No,Yes,Yes,Month-to-month,No,Credit card (automatic),102.07,3677.63,No
7478-CIFIU,Female,0,Yes,Yes,24,Yes,No,DSL,No,No,Yes,No,Yes,Yes,Month-to-month,Yes,Credit card (automatic),89.8,2164.39,Yes
9067-EUBMN,Female,0,No,Yes,47,Yes,No,Fiber optic,No,No,No,No,Yes,No,One year,No,Electronic check,98.9,4628.65,No
1354-ZOUVJ,Male,0,Yes,No,45,Yes,Yes,Fiber optic,No,Yes,No,No,No,No,Two year,No,Electronic check,98.09,4390.02,No
6670-KBICC,Male,0,No,No,33,No,No phone service,DSL,No,No,No,No,No,Yes,Month-to-month,No,Credit card (automatic),48.49,1608.45,Yes
3569-LLNCK,Female,0,No,No,21,Yes,Yes,DSL,Yes,Yes,Yes,No,No,No,One year,No,Credit card (automatic),83.29,1742.53,No
5311-XFPIK,Male,0,No,Yes,12,Yes,Yes,Fiber optic,No,Yes,Yes,Yes,Yes,Yes,Month-to-month,No,Credit card (automatic),120.0,1410.31,No
8609-OJOVV,Male,0,No,No,45,Yes,No,No,No internet service,No internet service,No internet service,No internet service,No internet service,No internet service,Month-to-month,Yes,Bank transfer (automatic),35.84,1656.27,No
5771-IKEDT,Female,0,No,No,27,Yes,No,No,No internet service,No internet service,No internet service,No internet service,No internet service,No internet service,Month-to-month,No,Electronic check,45.36,1229.42,Yes
6820-KJGPO,Male,0,No,No,27,Yes,Yes,No,No internet service,No internet service,No internet service,No internet service,No internet service,No internet service,Two year,No,Mailed check,44.31,1202.4,No
2350-QENAD,Female,1,No,No,19,Yes,No,Fiber optic,No,No,Yes,No,No,No,One year,Yes,Electronic check,98.85,1861.15,No
7552-KENFH,Male,0,Yes,Yes,68,Yes,No,DSL,Yes,No,No,No,No,No,Month-to-month,Yes,Mailed check,70.69,4833.64,No
3254-ZCRPW,Female,0,No,Yes,70,Yes,No,No,No internet service,No internet service,No internet service,No internet service,No internet service,No internet service,One year,Yes,Electronic check,41.82,2936.53,No
6671-FDIWQ,Female,0,No,Yes,20,No,No phone service,No,No internet service,No internet service,No internet service,No internet service,No internet service,No internet service,Month-to-month,No,Mailed check,18.25,396.62,No
7551-RWNVJ,Male,0,No,No,14,Yes,Yes,DSL,No,Yes,No,Yes,Yes,No,Month-to-month,No,Bank transfer (automatic),87.91,1213.28,No
8929-ULEWI,Male,0,Yes,No,21,Yes,No,Fiber optic,No,No,No,No,No,No,Two year,No,Credit card (automatic),88.39,1851.61,No
4127-PAZDA,Male,0,Yes,Yes,15,Yes,No,Fiber optic,No,No,Yes,No,Yes,Yes,Month-to-month,Yes,Electronic check,108.26,1579.17,Yes
4160-FVIFN,Female,1,No,No,36,Yes,No,Fiber optic,No,No,No,Yes,No,Yes,Two year,No,Credit card (automatic),98.33,3555.61,No
7208-UUAKA,Female,0,Yes,No,26,Yes,No,Fiber optic,No,No,Yes,No,Yes,Yes,Two year,Yes,Electronic check,115.5,3010.99,No
8700-CMKJS,Female,1,No,No,43,Yes,No,No,No internet service,No internet service,No internet service,No internet service,No internet service,No internet service,One year,No,Credit card (automatic),45.87,2001.08,No
6637-GYVTZ,Male,0,No,No,20,Yes,No,DSL,No,Yes,No,No,No,Yes,One year,No,Mailed check,82.19,1629.94,Yes
7780-KWMSX,Male,0,Yes,No,72,Yes,No,No,No internet service,No internet service,No internet service,No internet service,No internet service,No internet service,Two year,No,Electronic check,46.55,3360.2,No
7567-BMHBA,Female,0,Yes,Yes,7,Yes,No,DSL,No,No,No,No,No,No,Month-to-month,Yes,Credit card (automatic),66.24,461.02,No
8103-LXCQE,Female,0,No,No,26,Yes,No,Fiber optic,No,No,Yes,No,No,No,One year,No,Electronic check,91.45,2381.82,No
4673-AOKWI,Female,0,Yes,No,72,Yes,Yes,Fiber optic,No,No,No,No,No,No,Month-to-month,No,Bank transfer (automatic),91.41,6574.71,No
6456-MAFCM,Male,0,No,No,44,Yes,Yes,Fiber optic,No,No,No,Yes,Yes,No,One year,No,Credit card (automatic),102.32,4465.56,No
4530-XTMXJ,Male,0,No,Yes,23,Yes,Yes,Fiber optic,No,Yes,Yes,Yes,Yes,No,One year,Yes,Mailed check,118.95,2738.18,Yes
3577-AWTRI,Male,0,No,No,34,No,No phone service,DSL,No,Yes,No,No,No,No,Month-to-month,Yes,Bank transfer (automatic),52.06,1771.01,No
7349-WIHQN,Male,0,Yes,No,9,Yes,No,No,No internet service,No internet service,No internet service,No internet service,No internet service,No internet service,Month-to-month,Yes,Bank transfer (automatic),44.17,418.73,No
5915-FHRIA,Male,0,Yes,No,27,Yes,No,DSL,No,No,Yes,No,No,No,One year,Yes,Electronic check,70.69,1901.22,No
6990-DRSUU,Female,0,No,Yes,9,Yes,Yes,DSL,No,No,No,No,No,Yes,Two year,No,Bank transfer (automatic),70.31,646.97,No
9821-VJHHF,Male,1,Yes,No,5,Yes,No,DSL,No,Yes,Yes,No,No,Yes,One year,Yes,Credit card (automatic),81.25,391.18,No
9396-SJVRV,Female,0,Yes,Yes,65,Yes,Yes,Fiber optic,No,No,No,Yes,No,No,Month-to-month,No,Mailed check,95.6,6194.6,No
1118-VCEEU,Female,0,No,No,16,Yes,No,Fiber optic,No,No,No,No,No,No,Two year,No,Electronic check,86.94,1396.56,No
2482-EGWZJ,Female,0,Yes,Yes,8,Yes,Yes,Fiber optic,No,No,No,Yes,Yes,Yes,Two year,Yes,Electronic check,111.47,878.04,No
9618-EHCQV,Female,0,Yes,No,20,Yes,Yes,DSL,No,No,No,No,No,Yes,One year,Yes,Bank transfer (automatic),64.55,1332.65,No
3076-HBASN,Male,0,No,Yes,42,Yes,Yes,No,No internet service,No internet service,No internet service,No internet service,No internet service,No internet service,Month-to-month,No,Credit card (automatic),39.84,1649.67,No
7678-MYSXJ,Female,0,Yes,No,9,Yes,No,DSL,No,Yes,No,No,No,Yes,Month-to-month,Yes,Credit card (automatic),78.99,738.97,Yes
9921-RDZED,Male,0,Yes,No,18,Yes,Yes,No,No internet service,No internet service,No internet service,No internet service,No internet service,No internet service,Month-to-month,Yes,Bank transfer (automatic),45.22,780.94,Yes
8840-GISEA,Female,0,Yes,No,45,Yes,No,Fiber optic,No,No,Yes,Yes,Yes,No,Two year,No,Mailed check,108.53,4898.67,No
8151-IOPBS,Female,0,No,Yes,28,Yes,No,Fiber optic,No,No,No,No,No,No,Month-to-month,Yes,Bank transfer (automatic),92.5,2613.51,Yes
9332-BUGLE,Female,1,No,Yes,66,No,No phone service,Fiber optic,Yes,Yes,No,No,Yes,Yes,One year,No,Mailed check,94.5,6245.31,No
9891-FFGAM,Male,1,No,Yes,46,Yes,No,Fiber optic,Yes,Yes,No,Yes,No,Yes,Two year,No,Electronic check,120.0,5538.58,No
2919-XSUOO,Male,0,No,Yes,38,Yes,No,No,No internet service,No internet service,No internet service,No internet service,No internet service,No internet service,One year,Yes,Mailed check,39.02,1490.44,No
1343-CTCJE,Male,0,Yes,No,45,Yes,No,No,No internet service,No internet service,No internet service,No internet service,No internet service,No internet service,Month-to-month,Yes,Mailed check,37.52,1692.55,No
1283-EVEPU,Male,0,No,No,7,Yes,No,Fiber optic,No,No,No,No,Yes,Yes,Month-to-month,Yes,Credit card (automatic),106.05,746.65,Yes
1114-AZMIT,Female,0,Yes,No,25,Yes,Yes,DSL,Yes,No,No,Yes,Yes,Yes,One year,No,Bank transfer (automatic),95.32,2368.9,No
5347-IIQER,Male,0,No,No,72,Yes,No,Fiber optic,No,No,No,No,Yes,No,Month-to-month,Yes,Mailed check,98.07,7056.68,Yes
9274-HQRFK,Male,0,No,No,19,Yes,No,No,No internet service,No internet service,No internet service,No internet service,No internet service,No internet service,Month-to-month,Yes,Mailed check,39.98,759.2,Yes
4193-CZEXX,Female,0,Yes,No,26,Yes,Yes,No,No internet service,No internet service,No internet service,No internet service,No internet service,No internet service,Month-to-month,No,Credit card (automatic),41.32,1034.15,No
8700-NEAUG,Male,0,No,No,16,Yes,Yes,Fiber optic,No,Yes,No,No,No,Yes,One year,Yes,Electronic check,106.86,1710.76,No
2842-GISSI,Female,0,No,No,16,Yes,Yes,Fiber optic,No,No,No,No,No,Yes,One year,No,Mailed check,95.08,1541.59,Yes
5101-VELLX,Male,1,Yes,No,50,Yes,Yes,Fiber optic,Yes,No,Yes,No,No,Yes,Month-to-month,No,Credit card (automatic),98.78,4958.47,No
1980-ZOANB,Male,1,No,Yes,72,Yes,No,Fiber optic,No,No,Yes,No,No,Yes,One year,Yes,Bank transfer (automatic),105.64,7572.51,No
6938-KABSX,Female,0,No,No,72,Yes,No,Fiber optic,Yes,Yes,Yes,Yes,Yes,No,Month-to-month,No,Credit card (automatic),120.0,8627.68,No
7307-UBWVN,Female,0,Yes,No,4,Yes,Yes,Fiber optic,No,No,No,No,No,No,Month-to-month,Yes,Credit card (automatic),90.1,380.31,No
4890-IXGUR,Female,0,Yes,No,24,Yes,Yes,Fiber optic,No,No,No,No,No,Yes,Two year,Yes,Bank transfer (automatic),94.81,2249.94,No
4017-VYHQA,Female,0,No,No,19,Yes,No,Fiber optic,No,No,No,No,Yes,Yes,Month-to-month,Yes,Electronic check,103.83,1993.31,No
3296-JTUFG,Male,0,Yes,Yes,10,Yes,No,Fiber optic,No,No,No,No,No,No,Month-to-month,No,Mailed check,89.83,878.64,Yes
4145-NYPWV,Female,1,Yes,No,51,Yes,No,Fiber optic,Yes,Yes,Yes,Yes,No,No,Month-to-month,No,Mailed check,115.0,5865.08,No
1111-DZLSI,Male,0,No,No,20,No,No phone service,No,No internet service,No internet service,No internet service,No internet service,No internet service,No internet service,Month-to-month,No,Mailed check,22.77,419.87,No
5904-WCPTC,Female,0,No,No,11,Yes,Yes,Fiber optic,No,No,No,No,No,Yes,One year,Yes,Bank transfer (automatic),100.0,1132.1,Yes
3777-WQNHL,Male,1,Yes,No,34,Yes,No,DSL,No,Yes,No,No,No,Yes,One year,No,Mailed check,79.08,2654.91,No
3076-IJXIJ,Female,0,Yes,No,9,Yes,Yes,Fiber optic,No,Yes,No,Yes,Yes,Yes,One year,Yes,Electronic check,120.0,1070.23,Yes
3434-VCQEA,Male,0,No,No,59,Yes,Yes,DSL,Yes,No,No,Yes,Yes,Yes,Two year,No,Mailed check,102.99,6074.6,No
4279-RWSGY,Female,0,No,No,62,Yes,Yes,DSL,No,No,No,Yes,Yes,No,Two year,Yes,Credit card (automatic),77.63,4785.66,No
2693-CNTRA,Female,0,No,No,44,Yes,Yes,Fiber optic,Yes,Yes,No,No,Yes,No,Month-to-month,Yes,Mailed check,107.0,4711.33,No
7279-JJKBQ,Female,0,No,No,37,Yes,No,DSL,No,No,No,No,Yes,Yes,One year,Yes,Electronic check,82.64,3066.77,Yes
4473-ZLYEJ,Female,0,Yes,No,24,Yes,Yes,DSL,No,Yes,Yes,No,No,Yes,One year,Yes,Bank transfer (automatic),86.77,2070.92,No
8911-NGVKT,Male,0,No,No,33,Yes,No,Fiber optic,No,Yes,Yes,No,No,Yes,One year,Yes,Electronic check,113.69,3769.23,No
6782-LQUYW,Male,0,No,No,24,Yes,No,DSL,No,Yes,No,Yes,No,No,Month-to-month,Yes,Electronic check,83.36,1982.26,Yes
5359-MHYKD,Female,0,No,No,7,No,No phone service,No,No internet service,No internet service,No internet service,No internet service,No internet service,No internet service,Two year,No,Electronic check,18.25,117.65,No
6137-AKRGI,Male,0,Yes,No,43,No,No phone service,Fiber optic,Yes,No,Yes,No,No,Yes,Month-to-month,No,Bank transfer (automatic),94.13,4021.8,No
1011-XTNIK,Male,1,Yes,No,68,Yes,Yes,Fiber optic,No,No,Yes,No,Yes,No,Two year,No,Electronic check,106.18,7211.48,No
2961-URNST,Male,0,No,Yes,16,Yes,No,Fiber optic,No,Yes,Yes,No,Yes,No,Month-to-month,Yes,Electronic check,102.46,1656.78,No
5811-XXIZA,Female,0,No,Yes,48,No,No phone service,Fiber optic,No,No,No,Yes,Yes,No,Two year,Yes,Electronic check,80.47,3857.3,No
5133-YVSWW,Male,0,No,Yes,26,Yes,Yes,Fiber optic,No,No,No,Yes,Yes,Yes,Month-to-month,Yes,Credit card (automatic),108.84,2813.05,Yes
1424-VYBOC,Male,0,Yes,Yes,17,Yes,Yes,No,No internet service,No internet service,No internet service,No internet service,No internet service,No internet service,Month-to-month,No,Electronic check,42.94,710.47,No
4059-APPNF,Female,0,No,No,3,Yes,No,DSL,No,Yes,Yes,Yes,No,No,Month-to-month,No,Bank transfer (automatic),87.5,260.63,Yes
9547-JGZPU,Male,0,Yes,No,44,Yes,Yes,Fiber optic,No,Yes,Yes,No,No,No,Month-to-month,Yes,Electronic check,101.3,4465.95,No
2099-RESCS,Male,0,No,No,38,Yes,Yes,Fiber optic,Yes,Yes,No,No,Yes,No,Month-to-month,Yes,Credit card (automatic),115.04,4387.63,Yes
5403-LTYRU,Male,0,No,No,11,Yes,No,Fiber optic,Yes,Yes,Yes,No,No,No,One year,Yes,Electronic check,108.93,1222.32,No
1800-JSBIN,Female,0,No,Yes,21,Yes,No,DSL,No,No,No,Yes,No,No,Two year,No,Mailed check,71.79,1530.62,No
4995-QUSPF,Male,0,Yes,No,26,Yes,No,DSL,No,Yes,Yes,Yes,Yes,Yes,Two year,No,Electronic check,99.19,2598.83,No
5157-BTPNO,Female,0,No,Yes,34,Yes,Yes,Fiber optic,No,No,No,Yes,Yes,No,Month-to-month,No,Bank transfer (automatic),106.28,3609.14,No
3052-UTQOK,Male,0,Yes,Yes,55,Yes,No,Fiber optic,No,No,No,No,No,Yes,Month-to-month,No,Electronic check,105.32,5792.32,Yes
6659-WDTOV,Male,0,No,No,23,Yes,No,No,No internet service,No internet service,No internet service,No internet service,No internet service,No internet service,Two year,Yes,Electronic check,45.18,1052.05,No
5113-LJEVN,Male,0,No,Yes,6,Yes,No,Fiber optic,No,No,No,No,Yes,No,Two year,Yes,Mailed check,90.43,550.89,Yes
7306-MOTXB,Male,0,No,No,27,Yes,No,DSL,No,No,No,Yes,No,Yes,Month-to-month,Yes,Credit card (automatic),77.84,2117.67,Yes
9758-PLXOM,Male,0,No,No,19,Yes,No,Fiber optic,No,No,Yes,Yes,Yes,No,Month-to-month,No,Credit card (automatic),116.54,2164.14,No
4612-ZLAZP,Male,0,No,No,14,Yes,No,DSL,No,No,Yes,No,No,No,Month-to-month,No,Credit card (automatic),68.39,962.31,Yes
8317-NHTDS,Male,0,Yes,No,49,Yes,No,DSL,Yes,Yes,No,No,Yes,No,Month-to-month,Yes,Mailed check,79.35,3873.04,No
4806-JIYBB,Female,0,Yes,No,12,Yes,Yes,DSL,No,No,Yes,No,Yes,No,Two year,Yes,Mailed check,87.45,1049.87,No
1527-KENKZ,Female,0,No,No,8,Yes,Yes,DSL,Yes,No,Yes,Yes,Yes,No,Month-to-month,Yes,Credit card (automatic),92.44,754.87,Yes
7588-HOKHZ,Female,0,No,No,18,Yes,Yes,No,No internet service,No internet service,No internet service,No internet service,No internet service,No internet service,One year,Yes,Electronic check,40.57,696.75,No
5609-LNTAR,Female,0,No,No,26,Yes,No,Fiber optic,No,No,No,No,No,Yes,Month-to-month,Yes,Electronic check,101.73,2667.12,Yes
5230-GIDPT,Female,0,Yes,Yes,28,Yes,No,DSL,Yes,No,No,No,No,Yes,Month-to-month,No,Electronic check,73.38,2046.75,Yes
6338-CXZPG,Female,0,Yes,No,60,Yes,Yes,Fiber optic,Yes,No,Yes,Yes,No,No,One year,Yes,Credit card (automatic),106.74,6379.28,No
7622-BAGFS,Female,0,No,Yes,15,Yes,No,Fiber optic,Yes,Yes,No,No,No,No,One year,No,Credit card (automatic),105.59,1546.03,No
8060-RVRBA,Male,0,No,Yes,44,Yes,No,No,No internet service,No internet service,No internet service,No internet service,No internet service,No internet service,Month-to-month,Yes,Electronic check,36.35,1635.21,No
8584-EJCZO,Female,0,No,No,18,No,No phone service,Fiber optic,Yes,No,Yes,No,Yes,Yes,Month-to-month,Yes,Bank transfer (automatic),92.75,1652.38,Yes
6136-VFCJJ,Male,0,Yes,No,4,Yes,No,No,No internet service,No internet service,No internet service,No internet service,No internet service,No internet service,Month-to-month,No,Bank transfer (automatic),39.1,155.64,Yes
9094-YBKKU,Female,0,Yes,Yes,56,Yes,Yes,Fiber optic,No,Yes,No,No,No,Yes,Two year,Yes,Mailed check,113.63,6368.24,No
4296-HVAJJ,Female,0,Yes,No,7,Yes,Yes,No,No internet service,No internet service,No internet service,No internet service,No internet service,No internet service,Two year,No,Electronic check,41.39,280.56,No
2100-RAZIW,Male,0,Yes,Yes,31,Yes,Yes,Fiber optic,No,No,No,No,Yes,No,Month-to-month,No,Bank transfer (automatic),101.32,3102.21,Yes
9712-VRHVW,Male,0,No,No,8,Yes,No,DSL,Yes,Yes,No,Yes,No,No,Two year,Yes,Electronic check,87.18,700.81,No
3293-CCPGB,Male,0,Yes,No,36,No,No phone service,Fiber optic,Yes,No,Yes,No,Yes,Yes,One year,No,Electronic check,91.28,3310.55,No
6227-KVFPI,Male,0,Yes,No,9,Yes,No,Fiber optic,No,No,No,No,No,Yes,Month-to-month,Yes,Mailed check,99.61,888.21,Yes
8415-ZELEG,Female,0,No,Yes,5,Yes,No,DSL,No,No,No,No,No,No,Month-to-month,Yes,Electronic check,63.05,332.84,No
7167-QCXDS,Female,0,Yes,No,22,Yes,No,DSL,No,Yes,No,No,No,No,Two year,No,Bank transfer (automatic),75.47,1690.84,No
1847-SDFLO,Female,0,No,No,3,Yes,Yes,Fiber optic,No,No,No,No,No,Yes,One year,Yes,Electronic check,104.9,274.54,Yes
3499-XINTJ,Female,0,Yes,No,23,Yes,No,Fiber optic,No,Yes,No,No,Yes,No,Two year,No,Credit card (automatic),96.36,2243.85,Yes
3496-TYZBC,Male,0,Yes,Yes,44,Yes,No,Fiber optic,Yes,No,No,No,No,No,Month-to-month,Yes,Mailed check,101.97,4520.03,No
4914-WTETY,Male,0,Yes,No,72,No,No phone service,DSL,No,Yes,No,Yes,Yes,No,Two year,No,Mailed check,69.96,5045.13,No
4286-OJHJU,Female,0,No,No,30,Yes,Yes,DSL,No,No,No,No,No,Yes,Two year,Yes,Electronic check,66.25,1997.59,No
7939-AHPDG,Female,1,Yes,No,25,Yes,Yes,DSL,No,No,No,Yes,No,Yes,Two year,Yes,Electronic check,83.42,2128.07,No
1398-KTBJI,Female,1,No,No,57,Yes,Yes,DSL,No,No,No,No,Yes,Yes,Two year,No,Electronic check,75.46,4306.92,No
1197-DQATB,Male,0,No,No,9,Yes,Yes,Fiber optic,No,No,Yes,Yes,Yes,No,Month-to-month,No,Mailed check,108.86,1021.38,Yes
9103-IRVVT,Female,0,Yes,No,13,No,No phone service,Fiber optic,Yes,No,Yes,Yes,No,No,One year,No,Electronic check,100.97,1332.04,Yes
5959-NMPST,Female,0,No,No,43,Yes,No,Fiber optic,No,No,No,Yes,No,No,Month-to-month,Yes,Mailed check,94.02,4023.64,Yes
2766-YRQNN,Male,0,Yes,Yes,17,Yes,Yes,Fiber optic,No,No,Yes,No,Yes,No,Two year,No,Bank transfer (automatic),104.0,1755.5,No
7516-HCNST,Male,0,Yes,No,20,No,No phone service,Fiber optic,No,Yes,Yes,Yes,Yes,No,One year,Yes,Credit card (automatic),96.4,1943.38,No
9938-PNYBF,Male,0,No,No,27,Yes,No,DSL,No,Yes,Yes,No,No,No,Month-to-month,Yes,Mailed check,85.74,2292.69,No
2646-YXTRU,Male,0,Yes,No,10,Yes,No,Fiber optic,No,No,No,No,Yes,No,Month-to-month,Yes,Mailed check,95.76,982.46,Yes
9506-DOOQS,Male,0,No,No,6,Yes,Yes,DSL,Yes,No,Yes,No,Yes,No,Month-to-month,Yes,Credit card (automatic),80.98,500.34,No
8408-HBESU,Female,0,No,No,12,Yes,No,Fiber optic,No,No,No,No,No,No,Month-to-month,Yes,Mailed check,91.9,1112.21,Yes
4171-BYEFI,Female,0,Yes,No,19,Yes,Yes,No,No internet service,No internet service,No internet service,No internet service,No internet service,No internet service,Month-to-month,No,Electronic check,44.4,808.76,No
3163-UDBLF,Male,0,Yes,No,36,Yes,No,Fiber optic,No,No,No,Yes,No,No,Two year,Yes,Electronic check,103.42,3730.83,No
7588-FTBVC,Female,0,No,No,25,No,No phone service,DSL,No,Yes,No,No,No,No,One year,Yes,Electronic check,50.46,1256.15,No
2088-JOHUZ,Female,0,No,No,42,Yes,No,DSL,No,No,No,No,Yes,No,Two year,No,Bank transfer (automatic),68.2,2869.88,No
2398-OILGM,Male,0,Yes,No,25,Yes,No,DSL,No,Yes,No,No,Yes,Yes,Month-to-month,Yes,Electronic check,88.35,2200.98,Yes
8630-JLZTZ,Male,0,No,Yes,47,Yes,No,DSL,No,No,No,No,No,Yes,Month-to-month,Yes,Mailed check,79.91,3730.27,No
2013-PUSVV,Male,0,Yes,No,20,Yes,No,Fiber optic,Yes,Yes,Yes,No,No,Yes,Two year,Yes,Electronic check,120.0,2397.34,No
4640-SARLP,Female,0,No,Yes,3,Yes,Yes,Fiber optic,No,Yes,No,No,Yes,No,One year,Yes,Mailed check,110.64,320.1,Yes
3620-RHXOI,Female,0,Yes,No,15,Yes,Yes,Fiber optic,Yes,Yes,No,No,No,Yes,Month-to-month,No,Bank transfer (automatic),116.1,1704.94,No
3697-TXMRC,Female,0,No,No,28,Yes,Yes,DSL,No,Yes,Yes,No,No,Yes,Two year,Yes,Electronic check,78.63,2238.98,No
8072-VDCEQ,Female,0,No,Yes,39,No,No phone service,DSL,Yes,Yes,No,No,Yes,No,Month-to-month,Yes,Electronic check,65.65,2548.41,Yes
8560-NXYUO,Male,1,No,No,16,No,No phone service,DSL,No,No,No,No,Yes,No,Month-to-month,Yes,Credit card (automatic),54.35,854.69,Yes
3725-GNASO,Male,0,No,No,30,Yes,Yes,Fiber optic,No,Yes,No,No,Yes,No,One year,Yes,Bank transfer (automatic),101.5,3030.48,No
1427-MPLRF,Female,0,No,Yes,18,No,No phone service,DSL,Yes,No,Yes,No,Yes,No,One year,Yes,Credit card (automatic),71.35,1287.82,No
7929-NQAVC,Male,0,Yes,No,13,Yes,Yes,No,No internet service,No internet service,No internet service,No internet service,No internet service,No internet service,One year,Yes,Electronic check,38.08,497.92,No
9175-AJHPF,Male,0,Yes,Yes,39,Yes,No,DSL,No,No,No,No,No,No,Month-to-month,Yes,Bank transfer (automatic),61.38,2374.09,No
8151-OWKKB,Male,0,No,Yes,34,Yes,No,Fiber optic,No,No,No,No,No,No,Month-to-month,No,Electronic check,85.4,2874.89,No
9530-GRTZS,Male,0,Yes,No,72,Yes,Yes,No,No internet service,No internet service,No internet service,No internet service,No internet service,No internet service,Month-to-month,Yes,Mailed check,48.36,3506.92,No
6603-HZSXI,Male,0,No,Yes,16,Yes,Yes,No,No internet service,No internet service,No internet service,No internet service,No internet service,No internet service,Month-to-month,Yes,Bank transfer (automatic),41.17,630.29,No
5183-HHGSW,Male,0,Yes,No,61,Yes,No,DSL,No,No,Yes,Yes,Yes,No,Month-to-month,No,Electronic check,82.52,5027.27,No
5441-QDVGK,Male,0,No,No,7,No,No phone service,Fiber optic,No,No,No,No,No,No,One year,Yes,Mailed check,77.61,558.16,No
6072-ZXJTD,Female,0,No,No,61,Yes,No,No,No internet service,No internet service,No internet service,No internet service,No internet service,No internet service,Two year,Yes,Electronic check,44.92,2718.45,No
3296-RETVY,Female,0,No,No,26,Yes,Yes,DSL,No,No,Yes,No,Yes,Yes,Two year,No,Electronic check,91.61,2386.79,No
7746-FEXUH,Female,0,Yes,No,19,Yes,No,Fiber optic,Yes,Yes,No,No,Yes,No,Two year,Yes,Bank transfer (automatic),115.02,2173.39,No
9080-EPLLS,Female,0,No,No,34,Yes,Yes,No,No internet service,No internet service,No internet service,No internet service,No internet service,No internet service,Month-to-month,No,Electronic check,36.06,1214.87,No
5748-RTGYA,Female,0,No,No,36,Yes,Yes,No,No internet service,No internet service,No internet service,No internet service,No internet service,No internet service,Month-to-month,No,Mailed check,34.01,1221.1,No
1826-PKYBM,Male,0,No,No,56,Yes,Yes,No,No internet service,No internet service,No internet service,No internet service,No internet service,No internet service,Two year,Yes,Bank transfer (automatic),39.21,2221.37,No
1374-TDZAW,Female,0,No,No,11,Yes,Yes,Fiber optic,No,No,Yes,No,No,Yes,Month-to-month,Yes,Mailed check,109.89,1173.76,No
9951-MIRMP,Female,0,Yes,No,7,Yes,No,Fiber optic,No,Yes,No,No,No,No,Month-to-month,Yes,Electronic check,97.71,699.72,No
7115-WRPXR,Female,0,Yes,No,34,Yes,No,DSL,No,No,No,Yes,No,Yes,Month-to-month,Yes,Electronic check,78.21,2696.16,No
4678-ZMSJA,Male,0,Yes,No,33,Yes,Yes,No,No internet service,No internet service,No internet service,No internet service,No internet service,No internet service,One year,Yes,Mailed check,42.8,1420.5,No
3289-QGDJV,Male,1,No,No,56,Yes,No,Fiber optic,No,No,No,Yes,No,No,Two year,No,Credit card (automatic),96.44,5404.71,No
5285-GMAIG,Female,0,No,No,17,Yes,No,Fiber optic,No,No,No,No,No,No,Month-to-month,Yes,Credit card (automatic),86.56,1489.05,Yes
1455-UXVKR,Female,0,Yes,No,15,Yes,No,No,No internet service,No internet service,No internet service,No internet service,No internet service,No internet service,One year,No,Mailed check,36.88,549.17,No
4333-WMKRJ,Female,0,No,Yes,33,Yes,Yes,DSL,No,Yes,No,Yes,Yes,Yes,One year,Yes,Mailed check,94.76,3061.43,No
8350-ETBHJ,Female,1,Yes,No,27,Yes,No,No,No internet service,No internet service,No internet service,No internet service,No internet service,No internet service,Two year,No,Bank transfer (automatic),45.29,1263.87,No
3849-JVZEL,Male,0,No,No,39,Yes,Yes,Fiber optic,No,No,Yes,No,No,Yes,Month-to-month,Yes,Credit card (automatic),100.15,3880.0,Yes
3126-BOVAR,Male,0,No,No,14,Yes,No,DSL,No,No,No,Yes,Yes,No,One year,Yes,Bank transfer (automatic),81.68,1149.31,No
1866-QNDCO,Female,0,Yes,No,61,Yes,No,Fiber optic,No,Yes,No,No,Yes,Yes,Two year,Yes,Bank transfer (automatic),107.23,6534.0,No
7713-ABZTC,Female,0,Yes,No,32,Yes,No,Fiber optic,No,No,No,Yes,No,No,Two year,Yes,Electronic check,102.1,3262.41,No
4252-ARHTC,Male,0,No,No,55,Yes,Yes,Fiber optic,No,No,No,No,Yes,No,Month-to-month,No,Credit card (automatic),94.74,5203.27,Yes
9709-XOPZG,Male,0,No,Yes,23,Yes,No,Fiber optic,No,No,No,No,Yes,No,Month-to-month,No,Mailed check,98.03,2278.02,No
3810-YEYIK,Male,1,Yes,No,13,Yes,No,DSL,No,No,No,No,No,No,Two year,Yes,Mailed check,66.23,864.75,No
9571-QVUXI,Male,0,No,No,35,Yes,Yes,DSL,No,Yes,No,No,No,Yes,Two year,Yes,Electronic check,81.43,2851.15,No
4502-XIDNY,Female,0,No,No,42,Yes,No,No,No internet service,No internet service,No internet service,No internet service,No internet service,No internet service,Month-to-month,No,Electronic check,43.4,1817.1,No
7276-KNUBO,Male,0,Yes,No,6,Yes,No,Fiber optic,Yes,No,No,No,No,Yes,Month-to-month,Yes,Mailed check,108.91,647.37,Yes
1047-OQPZK,Female,1,No,No,72,Yes,No,Fiber optic,No,No,Yes,Yes,No,No,Month-to-month,No,Credit card (automatic),99.56,7186.7,No
1743-JFEOI,Male,0,Yes,No,14,No,No phone service,DSL,No,No,No,Yes,Yes,No,One year,Yes,Mailed check,57.03,792.21,No
8942-CIHUA,Female,0,No,No,29,Yes,No,Fiber optic,No,Yes,Yes,No,Yes,No,Month-to-month,Yes,Mailed check,109.01,3143.73,Yes
7683-YOFFV,Male,0,No,No,40,Yes,No,No,No internet service,No internet service,No internet service,No internet service,No internet service,No internet service,Month-to-month,Yes,Electronic check,35.25,1402.63,No
5777-PDRKU,Female,0,Yes,No,26,Yes,No,Fiber optic,No,No,Yes,No,Yes,No,Two year,Yes,Electronic check,105.84,2742.14,No
9291-DGACS,Female,0,No,No,28,No,No phone service,Fiber optic,Yes,No,No,Yes,Yes,Yes,Month-to-month,No,Bank transfer (automatic),97.23,2702.57,Yes
8875-EBCHX,Female,0,Yes,No,28,Yes,Yes,No,No internet service,No internet service,No internet service,No internet service,No internet service,No internet service,Two year,Yes,Credit card (automatic),48.34,1387.38,No
7374-YQFTV,Female,0,No,No,4,No,No phone service,No,No internet service,No internet service,No internet service,No internet service,No internet service,No internet service,Month-to-month,No,Mailed check,22.17,79.12,No
6253-KKJWU,Female,1,No,Yes,30,Yes,Yes,No,No internet service,No internet service,No internet service,No internet service,No internet service,No internet service,Month-to-month,Yes,Electronic check,36.18,1079.93,No
8704-NROQD,Female,1,Yes,Yes,17,No,No phone service,No,No internet service,No internet service,No internet service,No internet service,No internet service,No internet service,Two year,No,Mailed check,19.72,318.37,No
8029-RYPMM,Male,0,No,No,54,Yes,Yes,Fiber optic,No,No,Yes,No,No,No,Month-to-month,No,Mailed check,96.37,5196.83,Yes
8873-RKWGT,Male,0,Yes,No,47,Yes,Yes,No,No internet service,No internet service,No internet service,No internet service,No internet service,No internet service,Month-to-month,Yes,Bank transfer (automatic),35.52,1685.11,No
8509-SRSME,Male,0,No,No,7,Yes,Yes,No,No internet service,No internet service,No internet service,No internet service,No internet service,No internet service,Month-to-month,No,Mailed check,38.4,273.88,Yes
6837-IPHFL,Male,0,No,No,7,Yes,No,No,No internet service,No internet service,No internet service,No internet service,No internet service,No internet service,One year,Yes,Credit card (automatic),40.83,281.75,No
2338-IEFXB,Female,0,No,No,72,Yes,No,No,No internet service,No internet service,No internet service,No internet service,No internet service,No internet service,Month-to-month,Yes,Bank transfer (automatic),41.51,2979.02,No
8063-HLDHB,Male,0,No,Yes,2,Yes,Yes,Fiber optic,Yes,No,Yes,Yes,Yes,Yes,Two year,Yes,Electronic check,120.0,250.22,No
9401-WDQGS,Male,0,No,Yes,15,Yes,No,DSL,No,No,No,No,Yes,Yes,Two year,Yes,Electronic check,72.88,1075.51,No
6623-MJWTH,Female,0,Yes,No,9,Yes,No,No,No internet service,No internet service,No internet service,No internet service,No internet service,No internet service,Month-to-month,Yes,Mailed check,40.71,355.6,Yes
4289-IQUDV,Male,0,Yes,Yes,60,Yes,Yes,Fiber optic,No,Yes,Yes,No,Yes,No,Month-to-month,Yes,Credit card (automatic),113.19,6788.5,No
8152-PGHKV,Male,0,No,Yes,23,Yes,Yes,No,No internet service,No internet service,No internet service,No internet service,No internet service,No internet service,One year,No,Mailed check,30.06,695.79,No
4340-ORKXW,Female,0,Yes,No,14,Yes,Yes,Fiber optic,No,No,No,No,No,Yes,Two year,No,Credit card (automatic),97.97,1403.82,No
1438-KEEMF,Female,0,Yes,No,27,Yes,Yes,Fiber optic,No,No,No,No,Yes,No,Month-to-month,No,Electronic check,105.13,2818.8,Yes
1560-ZPUYD,Female,0,Yes,No,72,Yes,Yes,No,No internet service,No internet service,No internet service,No internet service,No internet service,No internet service,Month-to-month,No,Electronic check,45.38,3257.4,No
2159-TDYSP,Female,0,No,Yes,37,Yes,Yes,DSL,Yes,No,No,Yes,Yes,No,Month-to-month,No,Electronic check,83.92,3126.66,No
9005-STIVD,Female,0,No,No,37,Yes,No,Fiber optic,Yes,Yes,No,No,No,No,Two year,No,Mailed check,105.39,3909.29,No
2006-GTYQD,Female,0,Yes,No,5,No,No phone service,No,No internet service,No internet service,No internet service,No internet service,No internet service,No internet service,Month-to-month,Yes,Mailed check,18.25,90.88,No
1290-TYCWN,Male,1,Yes,No,56,No,No phone service,Fiber optic,No,Yes,No,No,No,No,One year,No,Credit card (automatic),75.65,4239.82,No
1239-DBDSK,Female,1,No,No,11,Yes,Yes,Fiber optic,No,No,Yes,No,No,Yes,Month-to-month,Yes,Mailed check,103.51,1140.14,Yes
3651-OBODU,Male,0,Yes,No,35,Yes,Yes,Fiber optic,Yes,Yes,No,No,Yes,No,One year,No,Mailed check,113.21,3969.26,Yes
9112-BGDQX,Male,1,No,Yes,13,Yes,Yes,Fiber optic,Yes,No,Yes,Yes,No,No,Month-to-month,Yes,Bank transfer (automatic),107.21,1396.4,No
2476-AIVPE,Female,0,No,Yes,27,Yes,Yes,Fiber optic,No,No,No,Yes,Yes,No,One year,Yes,Bank transfer (automatic),105.09,2848.28,No
7331-NRMWE,Female,1,No,No,26,No,No phone service,No,No internet service,No internet service,No internet service,No internet service,No internet service,No internet service,Month-to-month,Yes,Electronic check,22.65,617.26,No
8184-SMRJQ,Male,1,Yes,Yes,72,Yes,No,Fiber optic,No,No,No,Yes,No,No,Month-to-month,No,Bank transfer (automatic),104.17,7534.72,No
8225-QOQCY,Female,0,No,Yes,18,Yes,No,No,No internet service,No internet service,No internet service,No internet service,No internet service,No internet service,Month-to-month,No,Mailed check,36.14,626.64,No
7868-EEWAA,Female,1,No,Yes,32,Yes,No,No,No internet service,No internet service,No internet service,No internet service,No internet service,No internet service,Two year,Yes,Mailed check,41.68,1368.48,No
6461-OYTNW,Female,0,Yes,No,23,Yes,Yes,DSL,No,No,Yes,No,No,No,One year,No,Credit card (automatic),64.14,1498.72,No
2299-JEFMB,Male,0,No,No,9,Yes,Yes,No,No internet service,No internet service,No internet service,No internet service,No internet service,No internet service,Month-to-month,No,Bank transfer (automatic),37.55,329.32,Yes
8758-VMGEM,Female,1,Yes,No,35,Yes,Yes,DSL,Yes,No,No,No,No,Yes,Month-to-month,No,Credit card (automatic),79.71,2805.46,No
5507-LZSPG,Male,0,No,No,49,Yes,Yes,No,No internet service,No internet service,No internet service,No internet service,No internet service,No internet service,Month-to-month,Yes,Credit card (automatic),32.85,1645.84,Yes
1587-XQQHP,Female,0,No,No,10,Yes,Yes,Fiber optic,Yes,Yes,No,No,Yes,Yes,Month-to-month,Yes,Bank transfer (automatic),113.53,1120.31,Yes
8894-FEBMN,Male,0,Yes,Yes,21,No,No phone service,DSL,No,No,Yes,No,No,No,Two year,No,Electronic check,52.62,1098.22,No
8146-GNSRV,Female,0,Yes,No,27,Yes,No,Fiber optic,No,No,No,No,Yes,Yes,Month-to-month,Yes,Mailed check,108.37,2940.5,No
9627-QHSGD,Male,1,Yes,No,46,Yes,No,No,No internet service,No internet service,No internet service,No internet service,No internet service,No internet service,One year,Yes,Bank transfer (automatic),43.24,1999.78,No
7685-TCBFL,Male,1,Yes,No,47,Yes,No,No,No internet service,No internet service,No internet service,No internet service,No internet service,No internet service,One year,Yes,Electronic check,39.27,1848.78,No
3588-ZNXGE,Male,0,No,Yes,5,Yes,No,DSL,No,Yes,No,No,No,No,Two year,No,Credit card (automatic),67.02,336.12,No
4103-IJGUU,Female,1,Yes,No,72,Yes,No,Fiber optic,No,No,Yes,No,Yes,No,One year,Yes,Electronic check,97.81,7039.69,No
6905-BQJFR,Male,0,No,No,38,Yes,Yes,DSL,Yes,Yes,Yes,No,Yes,No,Month-to-month,No,Mailed check,88.49,3382.95,No
2188-CCAOI,Female,1,Yes,Yes,26,Yes,Yes,DSL,No,No,Yes,No,No,No,Month-to-month,No,Electronic check,66.04,1717.08,No
7561-QQFTZ,Male,0,No,No,45,Yes,No,DSL,Yes,No,No,No,No,No,Month-to-month,No,Bank transfer (automatic),73.81,3314.75,No
6906-MEIJU,Male,0,No,Yes,66,Yes,No,Fiber optic,Yes,No,No,Yes,Yes,No,Month-to-month,Yes,Bank transfer (automatic),107.87,7133.75,No
5840-IJOIR,Female,0,No,Yes,23,Yes,No,DSL,Yes,Yes,No,No,No,No,Month-to-month,Yes,Mailed check,82.28,1886.56,No
1157-NWOQU,Female,0,No,Yes,21,No,No phone service,Fiber optic,Yes,Yes,No,No,Yes,No,Two year,No,Electronic check,89.84,1910.86,No
8631-UYAOY,Male,0,No,No,9,No,No phone service,No,No internet service,No internet service,No internet service,No internet service,No internet service,No internet service,Month-to-month,No,Mailed check,22.28,223.74,No
5891-GKRLL,Male,0,No,Yes,21,No,No phone service,Fiber optic,Yes,No,Yes,Yes,No,No,One year,Yes,Mailed check,88.97,1907.57,Yes
7871-DEPPB,Male,0,No,No,40,Yes,No,DSL,No,No,No,No,Yes,No,Month-to-month,Yes,Electronic check,73.22,2936.3,No
3972-CKNJC,Female,0,Yes,No,21,No,No phone service,No,No internet service,No internet service,No internet service,No internet service,No internet service,No internet service,Month-to-month,No,Electronic check,18.25,396.02,Yes
5694-KHKGI,Female,0,Yes,No,20,Yes,No,No,No internet service,No internet service,No internet service,No internet service,No internet service,No internet service,Month-to-month,No,Credit card (automatic),33.45,677.31,No
5803-JDXFQ,Male,0,Yes,No,72,Yes,No,Fiber optic,Yes,No,Yes,No,No,No,Month-to-month,Yes,Electronic check,97.08,7003.77,Yes
8098-BSVCT,Female,0,No,Yes,32,No,No phone service,No,No internet service,No internet service,No internet service,No internet service,No internet service,No internet service,Month-to-month,Yes,Electronic check,18.25,575.5,Yes
6581-VYSRG,Male,0,No,No,32,Yes,No,DSL,Yes,No,No,No,No,No,Two year,Yes,Electronic check,74.67,2388.28,No
5180-FISMT,Male,0,No,No,40,Yes,No,DSL,No,Yes,Yes,No,No,No,One year,Yes,Bank transfer (automatic),77.09,3108.95,No
5990-IHQLF,Female,0,No,No,51,Yes,Yes,DSL,No,No,No,No,No,No,Month-to-month,Yes,Mailed check,60.35,3104.11,No
3792-XTUCL,Female,0,Yes,Yes,28,Yes,Yes,DSL,No,No,Yes,No,No,No,Month-to-month,No,Electronic check,66.41,1841.04,Yes
2125-SSATK,Male,0,No,No,13,Yes,No,DSL,No,Yes,Yes,No,No,Yes,Two year,Yes,Electronic check,81.47,1064.97,No
8803-OAZAX,Female,0,Yes,No,37,Yes,Yes,Fiber optic,No,No,Yes,No,No,Yes,Month-to-month,Yes,Electronic check,98.53,3667.18,Yes
5618-NKSYX,Male,0,Yes,No,56,Yes,No,DSL,No,No,No,Yes,Yes,No,Month-to-month,Yes,Bank transfer (automatic),82.81,4668.06,No
3579-NWNPS,Female,0,No,No,37,Yes,Yes,Fiber optic,Yes,No,Yes,Yes,Yes,Yes,Two year,Yes,Credit card (automatic),120.0,4459.25,No
1204-GTOCL,Male,1,Yes,No,45,Yes,Yes,DSL,No,Yes,No,No,No,Yes,One year,No,Credit card (automatic),81.68,3668.96,No
7919-SMHSB,Male,0,No,No,20,Yes,Yes,Fiber optic,No,No,No,No,No,Yes,Month-to-month,No,Mailed check,96.02,1929.72,No
4411-YFLBE,Male,0,No,Yes,14,Yes,No,Fiber optic,No,No,Yes,Yes,No,Yes,One year,Yes,Mailed check,106.45,1488.51,No
7222-IGQXO,Female,0,No,No,30,Yes,No,DSL,No,No,No,No,No,Yes,Month-to-month,Yes,Electronic check,75.79,2235.46,No
7374-LJLIB,Female,0,Yes,Yes,17,Yes,Yes,No,No internet service,No internet service,No internet service,No internet service,No internet service,No internet service,One year,Yes,Bank transfer (automatic),42.42,719.04,No
2057-ATWCD,Male,0,Yes,Yes,68,Yes,Yes,DSL,Yes,Yes,Yes,No,Yes,Yes,Month-to-month,No,Credit card (automatic),102.76,6988.87,No
5243-NKLKR,Female,0,Yes,Yes,38,Yes,Yes,DSL,Yes,Yes,Yes,No,No,Yes,Two year,Yes,Credit card (automatic),85.63,3254.29,No
1017-WKNDY,Female,1,No,Yes,18,Yes,No,Fiber optic,No,No,No,No,Yes,No,One year,Yes,Credit card (automatic),102.25,1863.14,No
1148-INNMI,Male,1,Yes,No,10,Yes,Yes,No,No internet service,No internet service,No internet service,No internet service,No internet service,No internet service,Month-to-month,No,Bank transfer (automatic),42.19,417.63,Yes
2902-XJRGL,Female,0,Yes,No,55,Yes,Yes,Fiber optic,No,Yes,Yes,Yes,No,No,One year,Yes,Electronic check,113.86,6270.67,Yes
7676-GYIHW,Female,0,No,No,12,No,No phone service,Fiber optic,No,No,Yes,No,No,Yes,Month-to-month,Yes,Credit card (automatic),88.1,1069.85,No
7347-NAMOJ,Male,0,No,No,27,Yes,Yes,Fiber optic,Yes,No,No,No,No,No,Two year,Yes,Electronic check,91.89,2476.26,Yes
7712-RJCGX,Male,0,No,No,32,Yes,Yes,No,No internet service,No internet service,No internet service,No internet service,No internet service,No internet service,Month-to-month,Yes,Electronic check,35.81,1147.91,No
7903-OFVOW,Male,1,Yes,No,12,Yes,No,Fiber optic,No,No,Yes,No,Yes,Yes,Month-to-month,No,Credit card (automatic),110.91,1298.93,Yes
5553-ZUBGE,Female,0,No,No,24,Yes,No,DSL,No,No,Yes,No,No,No,Two year,No,Mailed check,71.66,1711.81,No
7471-NDLFG,Female,0,Yes,No,61,Yes,Yes,DSL,No,No,Yes,No,No,Yes,Month-to-month,Yes,Electronic check,80.38,4902.17,No
5717-ASWEO,Male,0,Yes,No,7,Yes,Yes,No,No internet service,No internet service,No internet service,No internet service,No internet service,No internet service,Month-to-month,Yes,Mailed check,41.27,272.92,No
3458-AQAUL,Male,0,Yes,No,54,Yes,No,DSL,No,No,No,No,No,Yes,Two year,Yes,Bank transfer (automatic),68.27,3660.79,No
5308-JCSTH,Male,0,No,No,31,Yes,Yes,Fiber optic,No,No,No,Yes,No,No,One year,No,Electronic check,102.23,3197.67,No
2137-LFVKU,Male,0,No,No,16,Yes,Yes,Fiber optic,Yes,No,No,No,No,No,Month-to-month,Yes,Mailed check,89.87,1431.12,Yes
6019-TGLNU,Male,0,Yes,No,7,Yes,Yes,DSL,No,No,No,Yes,Yes,No,Month-to-month,Yes,Electronic check,78.16,523.85,Yes
6414-VEALD,Male,0,No,No,24,Yes,Yes,DSL,Yes,Yes,No,Yes,Yes,No,One year,No,Mailed check,100.62,2419.11,No
4145-FIGDQ,Female,1,No,Yes,17,Yes,Yes,No,No internet service,No internet service,No internet service,No internet service,No internet service,No internet service,Two year,No,Electronic check,38.34,654.03,No
5672-VRNCJ,Male,0,Yes,No,24,Yes,No,No,No internet service,No internet service,No internet service,No internet service,No internet service,No internet service,One year,No,Bank transfer (automatic),40.48,942.87,No
6748-BGVYV,Female,0,No,No,40,Yes,No,No,No internet service,No internet service,No internet service,No internet service,No internet service,No internet service,One year,No,Electronic check,40.15,1604.05,No
6575-VRBJG,Male,0,Yes,No,6,Yes,No,Fiber optic,Yes,No,No,No,No,No,Two year,Yes,Mailed check,96.93,597.59,No
4835-JZKVU,Male,0,Yes,Yes,29,Yes,Yes,DSL,No,Yes,No,Yes,No,No,Month-to-month,Yes,Credit card (automatic),74.26,2184.16,No
9595-FLNAR,Female,1,No,No,72,Yes,No,Fiber optic,No,No,No,Yes,Yes,No,Month-to-month,Yes,Electronic check,106.57,7656.68,No
1845-ASHBM,Female,0,Yes,Yes,19,Yes,Yes,Fiber optic,Yes,No,Yes,Yes,Yes,No,One year,Yes,Bank transfer (automatic),117.26,2211.59,No
4402-NHTQK,Female,0,No,No,36,Yes,Yes,Fiber optic,No,No,No,No,No,Yes,Month-to-month,Yes,Electronic check,91.93,3311.14,No
9979-EPHPK,Female,0,Yes,No,4,Yes,No,Fiber optic,Yes,No,No,No,No,Yes,Month-to-month,No,Mailed check,99.03,395.04,Yes
8865-XMMSR,Male,0,No,No,6,Yes,Yes,Fiber optic,No,Yes,Yes,No,No,Yes,Month-to-month,No,Bank transfer (automatic),108.03,646.6,Yes
3604-LEAJI,Male,1,No,No,15,Yes,No,DSL,No,No,No,Yes,No,Yes,One year,Yes,Credit card (automatic),76.87,1151.2,No
4827-YLYSE,Female,0,No,Yes,63,Yes,Yes,Fiber optic,No,Yes,No,Yes,Yes,No,One year,No,Credit card (automatic),113.83,7197.42,No
4283-WXULB,Female,0,No,No,17,Yes,Yes,Fiber optic,No,No,No,Yes,No,No,Two year,Yes,Credit card (automatic),101.4,1726.38,No
6565-UUOOO,Female,0,No,Yes,37,Yes,No,Fiber optic,No,No,No,No,Yes,No,Month-to-month,Yes,Electronic check,97.33,3625.89,No
4210-AJTLW,Female,0,Yes,No,17,Yes,No,Fiber optic,No,Yes,No,No,No,No,Two year,Yes,Mailed check,97.8,1668.97,Yes
4467-RVRPJ,Male,0,Yes,No,9,Yes,No,Fiber optic,No,No,No,Yes,Yes,Yes,Month-to-month,No,Credit card (automatic),113.81,1041.74,Yes
5133-XGQSH,Male,0,No,Yes,22,No,No phone service,No,No internet service,No internet service,No internet service,No internet service,No internet service,No internet service,One year,No,Credit card (automatic),18.51,417.75,No
3121-QGBAF,Male,0,No,No,40,Yes,No,DSL,Yes,No,No,No,Yes,No,One year,No,Mailed check,75.38,2998.96,No
6418-XZLGX,Female,0,Yes,No,55,Yes,Yes,No,No internet service,No internet service,No internet service,No internet service,No internet service,No internet service,Month-to-month,No,Electronic check,35.15,1926.1,No
1860-VFCDC,Female,0,No,Yes,24,Yes,No,DSL,No,No,No,Yes,Yes,No,Two year,Yes,Mailed check,85.9,2088.1,No
8028-WUTKH,Male,0,Yes,No,37,Yes,Yes,Fiber optic,Yes,No,No,Yes,Yes,No,Month-to-month,Yes,Bank transfer (automatic),116.89,4330.94,No
1424-TVVWS,Female,0,Yes,Yes,28,Yes,No,DSL,No,No,Yes,No,Yes,No,Month-to-month,Yes,Bank transfer (automatic),81.66,2274.06,Yes
8161-JGXJS,Female,0,No,Yes,30,Yes,No,Fiber optic,No,Yes,No,No,Yes,No,Month-to-month,No,Electronic check,103.32,3084.58,No
8814-TLRGF,Male,0,No,No,12,No,No phone service,Fiber optic,Yes,Yes,No,No,No,No,Month-to-month,Yes,Electronic check,87.86,1024.07,Yes
7410-YOLWL,Male,0,No,No,13,Yes,Yes,Fiber optic,No,No,No,Yes,Yes,Yes,One year,Yes,Credit card (automatic),96.94,1218.36,No
7086-LHEQA,Female,0,Yes,No,10,Yes,No,DSL,No,Yes,No,No,Yes,Yes,Month-to-month,No,Mailed check,86.88,831.45,No
3882-BGBVM,Female,0,Yes,No,18,Yes,Yes,DSL,Yes,Yes,Yes,No,No,No,Month-to-month,Yes,Credit card (automatic),91.49,1665.62,Yes
5808-YQDGT,Male,0,No,No,49,Yes,Yes,DSL,Yes,No,No,No,No,No,Month-to-month,Yes,Credit card (automatic),66.28,3236.56,Yes
8731-NXWHG,Male,0,Yes,No,72,Yes,No,Fiber optic,No,No,No,No,Yes,No,One year,Yes,Credit card (automatic),96.89,6982.03,No
8378-HBXFA,Male,0,No,Yes,49,Yes,No,Fiber optic,No,No,No,No,Yes,No,Month-to-month,Yes,Mailed check,99.86,4910.35,No
3437-GJNEJ,Female,1,Yes,Yes,36,Yes,No,DSL,No,No,Yes,No,No,No,Two year,No,Bank transfer (automatic),70.72,2498.43,No
3887-UEKVR,Male,0,Yes,No,27,No,No phone service,Fiber optic,No,No,No,No,Yes,No,Month-to-month,No,Bank transfer (automatic),72.39,1961.23,Yes
3438-EIDLI,Female,0,Yes,No,49,Yes,No,Fiber optic,No,No,No,Yes,No,No,One year,Yes,Electronic check,97.23,4749.3,No
4176-IEBUB,Male,1,Yes,No,72,Yes,No,DSL,No,No,Yes,No,No,Yes,Two year,No,Mailed check,81.05,5856.03,No
8463-UDWZL,Male,0,Yes,Yes,32,Yes,No,DSL,Yes,No,No,No,No,No,Month-to-month,Yes,Mailed check,71.31,2292.18,Yes
9051-FLPKQ,Male,0,No,No,39,No,No phone service,DSL,No,No,Yes,No,No,No,Month-to-month,No,Electronic check,50.26,1956.41,No
8634-YMJHZ,Female,0,No,Yes,32,No,No phone service,DSL,Yes,No,No,Yes,Yes,Yes,Two year,Yes,Mailed check,73.92,2371.11,No
5493-LWINZ,Male,0,Yes,No,72,Yes,No,DSL,Yes,Yes,No,No,Yes,No,Month-to-month,Yes,Mailed check,92.38,6652.09,No
5506-FCGRP,Female,0,No,No,24,Yes,No,DSL,No,No,No,Yes,Yes,No,One year,Yes,Credit card (automatic),80.29,1921.4,No
2576-GGAWJ,Male,0,Yes,Yes,13,Yes,Yes,DSL,No,No,No,No,No,Yes,Month-to-month,No,Credit card (automatic),71.51,929.65,No
1717-TRSLT,Female,0,Yes,No,43,Yes,Yes,Fiber optic,Yes,No,Yes,No,No,No,Month-to-month,Yes,Bank transfer (automatic),104.98,4517.77,No
3809-WJZVL,Male,0,No,No,13,Yes,No,Fiber optic,No,No,Yes,No,No,Yes,Two year,Yes,Credit card (automatic),111.63,1467.77,Yes
9740-CDVBT,Male,0,No,No,33,Yes,Yes,No,No internet service,No internet service,No internet service,No internet service,No internet service,No internet service,Month-to-month,Yes,Electronic check,37.08,1226.17,No
3125-KRZBY,Female,0,No,No,27,Yes,No,No,No internet service,No internet service,No internet service,No internet service,No internet service,No internet service,Two year,No,Mailed check,35.29,949.99,No
1073-QZZLQ,Female,0,Yes,Yes,37,No,No phone service,DSL,No,No,No,Yes,No,No,Month-to-month,Yes,Electronic check,47.81,1772.67,No
2531-ZEYHI,Female,0,Yes,Yes,28,Yes,Yes,No,No internet service,No internet service,No internet service,No internet service,No internet service,No internet service,Month-to-month,No,Mailed check,36.85,1009.74,No
3283-WUHJN,Male,0,No,Yes,5,Yes,No,Fiber optic,No,No,Yes,No,No,Yes,Month-to-month,Yes,Bank transfer (automatic),107.13,572.16,Yes
8748-RGUNI,Female,1,No,Yes,40,Yes,No,Fiber optic,No,Yes,Yes,No,No,No,Two year,Yes,Credit card (automatic),108.14,4333.7,No
6071-LTKTN,Male,0,No,No,34,Yes,Yes,No,No internet service,No internet service,No internet service,No internet service,No internet service,No internet service,Month-to-month,Yes,Mailed check,45.4,1533.76,No
5910-CLRAE,Female,0,No,No,58,No,No phone service,Fiber optic,No,No,No,No,Yes,Yes,Month-to-month,Yes,Bank transfer (automatic),82.15,4770.24,Yes
4762-ZVZML,Female,0,Yes,No,15,Yes,No,Fiber optic,No,No,Yes,Yes,Yes,Yes,Month-to-month,Yes,Electronic check,119.06,1785.44,Yes
9620-UPCQO,Female,0,No,No,4,Yes,No,Fiber optic,No,No,No,No,No,No,One year,Yes,Bank transfer (automatic),88.56,373.33,No
4664-DRAQZ,Female,0,No,No,43,Yes,Yes,No,No internet service,No internet service,No internet service,No internet service,No internet service,No internet service,Month-to-month,Yes,Electronic check,40.48,1716.71,No
9121-MXQPU,Female,0,Yes,Yes,42,Yes,No,Fiber optic,No,No,No,Yes,No,No,Two year,Yes,Mailed check,100.42,4246.79,No
3181-DAGOZ,Female,0,Yes,Yes,40,Yes,No,DSL,No,No,Yes,No,No,No,Month-to-month,No,Electronic check,73.7,2970.06,No
6204-TOXKD,Male,0,No,No,72,Yes,No,Fiber optic,No,No,No,No,No,No,Month-to-month,Yes,Electronic check,87.67,6328.03,No
8692-OOTWV,Male,1,Yes,No,1,Yes,No,Fiber optic,Yes,No,No,No,No,Yes,Month-to-month,Yes,Bank transfer (automatic),109.0,104.99,No
8838-PKMQA,Female,0,No,Yes,4,Yes,No,Fiber optic,Yes,No,Yes,No,Yes,No,Month-to-month,No,Bank transfer (automatic),104.67,402.71,Yes
4055-YKIQN,Female,0,No,No,9,Yes,No,Fiber optic,Yes,Yes,No,No,Yes,No,Two year,No,Credit card (automatic),105.1,990.29,No
1287-OQVZX,Female,0,Yes,Yes,46,Yes,No,DSL,Yes,Yes,No,No,Yes,No,Two year,No,Credit card (automatic),88.75,4042.94,No
5707-UZVDL,Female,0,No,No,61,Yes,No,Fiber optic,No,Yes,No,No,Yes,No,One year,Yes,Mailed check,108.82,6633.32,No
2908-MSLQG,Male,0,No,No,28,Yes,Yes,DSL,No,No,No,No,No,No,Two year,No,Bank transfer (automatic),61.96,1759.11,Yes
1855-RCRWA,Male,1,Yes,Yes,41,No,No phone service,DSL,No,No,Yes,No,Yes,Yes,Two year,Yes,Electronic check,69.52,2852.92,No
6731-SKWJR,Female,0,No,No,14,Yes,No,Fiber optic,No,No,No,No,Yes,No,Month-to-month,Yes,Mailed check,95.01,1331.79,Yes
4267-OFLZA,Female,1,Yes,No,11,Yes,No,DSL,No,Yes,No,No,No,Yes,Month-to-month,Yes,Credit card (automatic),77.67,881.67,No
4467-YQPDO,Male,0,No,No,6,Yes,No,No,No internet service,No internet service,No internet service,No internet service,No internet service,No internet service,One year,No,Credit card (automatic),42.14,236.52,No
3307-OWECY,Male,0,Yes,No,41,Yes,Yes,Fiber optic,No,Yes,No,Yes,No,Yes,Two year,Yes,Mailed check,115.97,4716.23,No
7387-EPCLY,Male,0,Yes,No,58,Yes,No,DSL,No,No,No,Yes,Yes,No,Two year,Yes,Credit card (automatic),80.75,4711.98,No
4753-VTKPB,Male,1,No,Yes,8,No,No phone service,Fiber optic,Yes,No,Yes,Yes,No,No,One year,Yes,Bank transfer (automatic),97.52,774.89,No
6816-MUTFV,Female,0,Yes,Yes,13,Yes,No,Fiber optic,No,No,No,No,No,No,Month-to-month,Yes,Electronic check,85.78,1126.38,Yes
2323-PVPNL,Female,0,Yes,No,18,Yes,No,DSL,No,No,No,Yes,No,No,Two year,Yes,Bank transfer (automatic),78.89,1418.1,No
5796-KEDAD,Female,0,Yes,No,9,Yes,No,DSL,No,No,Yes,No,Yes,No,One year,Yes,Mailed check,89.04,789.11,No
7855-ULQTV,Female,0,No,Yes,34,Yes,No,DSL,No,Yes,No,Yes,Yes,Yes,Two year,No,Electronic check,93.58,3135.25,No
6398-NLXIP,Male,0,No,No,20,Yes,No,Fiber optic,No,Yes,Yes,No,No,No,One year,Yes,Mailed check,102.13,2026.91,No
6919-XIZID,Male,0,Yes,No,65,Yes,Yes,Fiber optic,Yes,No,No,No,No,Yes,Month-to-month,Yes,Credit card (automatic),97.38,6335.18,No
3384-SOXSR,Male,0,Yes,Yes,14,No,No phone service,Fiber optic,Yes,No,No,No,No,Yes,One year,Yes,Bank transfer (automatic),76.76,1060.71,No
6789-NDHMC,Male,0,Yes,Yes,49,Yes,Yes,DSL,Yes,No,Yes,Yes,Yes,No,Month-to-month,Yes,Electronic check,99.72,4923.51,No
9289-IVNJQ,Female,0,No,No,6,Yes,No,Fiber optic,No,No,Yes,No,No,Yes,Month-to-month,Yes,Electronic check,99.58,590.45,Yes
8368-JBRYJ,Male,0,Yes,Yes,16,Yes,Yes,Fiber optic,No,No,Yes,No,No,No,One year,Yes,Electronic check,90.81,1469.8,No
1554-PFYPR,Male,0,No,No,29,Yes,Yes,Fiber optic,No,No,No,No,No,Yes,Two year,Yes,Electronic check,102.93,3002.82,No
9603-PRMXY,Female,0,No,No,34,Yes,No,Fiber optic,No,No,No,No,Yes,No,One year,Yes,Electronic check,94.87,3224.19,No
4829-DGRRH,Female,0,No,Yes,72,Yes,No,Fiber optic,No,Yes,No,No,No,No,Month-to-month,Yes,Bank transfer (automatic),98.13,7087.19,No
3811-SWDQU,Male,1,No,No,33,Yes,No,Fiber optic,No,No,No,Yes,Yes,No,Month-to-month,No,Mailed check,107.77,3549.7,Yes
3096-SDKYR,Male,0,Yes,Yes,34,Yes,No,Fiber optic,Yes,No,No,No,Yes,Yes,Month-to-month,No,Bank transfer (automatic),108.12,3688.19,No
8398-RQCDT,Female,0,No,No,11,Yes,No,DSL,Yes,No,No,Yes,No,Yes,One year,Yes,Bank transfer (automatic),87.86,956.83,No
6358-DWOKH,Female,0,Yes,Yes,12,Yes,No,DSL,No,No,No,No,No,No,One year,Yes,Electronic check,67.28,781.19,No
8275-ACYHZ,Female,0,No,No,17,No,No phone service,DSL,No,Yes,Yes,No,No,Yes,Month-to-month,Yes,Credit card (automatic),61.5,1050.25,Yes
5666-SGOVG,Male,0,Yes,No,26,Yes,Yes,Fiber optic,No,No,No,Yes,No,Yes,Month-to-month,No,Credit card (automatic),109.64,2857.41,Yes
3050-DILVU,Male,0,Yes,No,24,Yes,Yes,DSL,Yes,No,No,No,No,Yes,Two year,Yes,Electronic check,73.65,1733.84,No
9079-FSCZQ,Male,0,Yes,Yes,34,Yes,No,No,No internet service,No internet service,No internet service,No internet service,No internet service,No internet service,Month-to-month,Yes,Electronic check,44.76,1536.0,No
7203-GWJEE,Female,0,Yes,No,66,Yes,No,Fiber optic,Yes,No,No,Yes,No,No,One year,Yes,Credit card (automatic),96.36,6370.68,No
2197-QTJWY,Female,0,No,No,27,Yes,No,DSL,No,No,No,Yes,No,Yes,Two year,No,Bank transfer (automatic),91.26,2475.69,No
7269-YFZCM,Female,0,No,No,45,Yes,No,No,No internet service,No internet service,No internet service,No internet service,No internet service,No internet service,Month-to-month,Yes,Credit card (automatic),35.4,1632.3,Yes
5083-WCNTI,Female,0,Yes,No,12,Yes,Yes,No,No internet service,No internet service,No internet service,No internet service,No internet service,No internet service,Month-to-month,No,Electronic check,41.7,496.16,Yes
2159-GLJPU,Female,0,No,No,72,Yes,No,DSL,No,Yes,No,No,Yes,No,One year,Yes,Credit card (automatic),77.04,5559.21,No
6985-OMGYX,Male,0,No,No,26,Yes,Yes,Fiber optic,No,No,Yes,No,No,Yes,Month-to-month,Yes,Mailed check,101.77,2632.58,Yes
4747-XNPAY,Male,0,Yes,No,72,Yes,No,Fiber optic,No,No,No,Yes,No,No,Month-to-month,No,Mailed check,92.02,6651.18,No
7790-YYNSA,Female,1,Yes,No,21,Yes,No,Fiber optic,No,Yes,No,No,Yes,Yes,Two year,No,Electronic check,102.96,2148.12,No
2793-IUFAM,Male,0,No,No,18,Yes,No,Fiber optic,Yes,No,No,Yes,No,No,Month-to-month,Yes,Bank transfer (automatic),99.07,1759.56,No
5629-YUCGX,Male,1,Yes,No,15,Yes,No,No,No internet service,No internet service,No internet service,No internet service,No internet service,No internet service,Two year,Yes,Mailed check,38.83,564.45,No
2531-XWLLM,Male,0,No,No,10,Yes,Yes,Fiber optic,No,No,No,No,Yes,No,Month-to-month,Yes,Electronic check,105.17,1052.27,Yes
5202-JIPWO,Male,0,Yes,Yes,52,Yes,Yes,Fiber optic,No,Yes,No,No,No,Yes,Month-to-month,No,Credit card (automatic),103.49,5381.28,No
9898-YWHKW,Female,0,Yes,No,13,Yes,No,Fiber optic,Yes,Yes,No,Yes,No,Yes,Month-to-month,Yes,Electronic check,115.04,1488.43,Yes
1118-SQPAU,Female,0,No,No,34,Yes,Yes,No,No internet service,No internet service,No internet service,No internet service,No internet service,No internet service,One year,No,Electronic check,36.83,1279.72,No
6499-DECHM,Female,0,No,No,9,No,No phone service,No,No internet service,No internet service,No internet service,No internet service,No internet service,No internet service,Two year,No,Electronic check,18.25,176.74,No
5346-EIDLF,Male,0,No,No,72,Yes,No,Fiber optic,No,No,No,No,Yes,Yes,Month-to-month,Yes,Bank transfer (automatic),98.41,7129.37,Yes
4263-XKXUR,Male,1,Yes,No,53,Yes,No,Fiber optic,No,Yes,No,No,Yes,Yes,Two year,No,Electronic check,117.81,6275.53,No
7830-KDUIZ,Male,0,No,Yes,51,Yes,Yes,Fiber optic,Yes,Yes,No,No,Yes,No,One year,Yes,Credit card (automatic),100.52,5100.31,Yes
1396-UNXOV,Male,0,No,No,29,No,No phone service,DSL,Yes,No,Yes,No,No,Yes,Two year,Yes,Bank transfer (automatic),68.85,1989.87,No
2663-BJTMZ,Female,0,No,No,24,Yes,No,No,No internet service,No internet service,No internet service,No internet service,No internet service,No internet service,One year,Yes,Credit card (automatic),38.59,914.45,No
8370-CPRVV,Female,0,No,Yes,16,Yes,Yes,DSL,No,No,Yes,No,No,Yes,One year,No,Electronic check,79.16,1269.71,Yes
8778-FRNHM,Female,0,No,Yes,71,Yes,No,DSL,No,No,No,No,No,No,Two year,No,Bank transfer (automatic),70.63,5023.99,No
9432-CHEOL,Male,0,No,No,6,Yes,No,DSL,Yes,No,Yes,No,No,Yes,One year,Yes,Credit card (automatic),92.4,543.7,No
6934-ASZUD,Female,0,No,No,41,Yes,No,Fiber optic,No,No,Yes,No,No,Yes,Two year,Yes,Credit card (automatic),109.31,4465.03,No
4141-ZXQLI,Male,0,No,No,14,Yes,Yes,DSL,Yes,No,Yes,No,No,Yes,Month-to-month,Yes,Bank transfer (automatic),85.75,1217.59,No
5505-BXTPM,Male,0,No,No,8,No,No phone service,Fiber optic,No,No,No,No,No,No,Month-to-month,Yes,Credit card (automatic),70.39,553.49,Yes
4780-QWRZG,Female,1,No,No,20,Yes,Yes,DSL,Yes,No,No,No,Yes,No,One year,No,Electronic check,77.67,1528.71,No
7752-LWRDC,Male,0,No,Yes,20,Yes,Yes,No,No internet service,No internet service,No internet service,No internet service,No internet service,No internet service,Month-to-month,Yes,Electronic check,38.34,761.72,No
3366-ZFOLW,Male,0,Yes,No,35,Yes,No,No,No internet service,No internet service,No internet service,No internet service,No internet service,No internet service,Month-to-month,No,Mailed check,47.33,1651.41,No
3752-RKTDZ,Female,1,Yes,No,57,Yes,Yes,Fiber optic,No,No,Yes,No,Yes,No,Two year,Yes,Electronic check,101.09,5749.53,No
4748-HSMDF,Male,0,Yes,No,23,Yes,No,No,No internet service,No internet service,No internet service,No internet service,No internet service,No internet service,One year,Yes,Credit card (automatic),49.52,1148.38,No
3972-IVIAE,Female,0,No,No,4,Yes,No,DSL,No,Yes,No,No,Yes,No,Two year,Yes,Electronic check,80.05,316.69,No
3704-CZXYN,Male,0,Yes,Yes,13,No,No phone service,Fiber optic,Yes,No,Yes,Yes,No,No,Month-to-month,No,Electronic check,88.22,1120.8,No
9968-FADSR,Female,0,Yes,No,23,Yes,Yes,DSL,No,No,Yes,No,No,No,Month-to-month,No,Mailed check,69.25,1583.75,No
9153-QKPMP,Male,1,No,No,18,Yes,Yes,No,No internet service,No internet service,No internet service,No internet service,No internet service,No internet service,Month-to-month,Yes,Bank transfer (automatic),33.98,603.47,No
5680-HFBRS,Male,0,Yes,No,41,Yes,No,Fiber optic,Yes,Yes,Yes,No,No,No,Two year,Yes,Electronic check,105.92,4352.92,No
3871-MKLON,Female,0,No,Yes,34,Yes,Yes,Fiber optic,No,No,No,No,No,Yes,Month-to-month,Yes,Credit card (automatic),101.8,3461.02,Yes
6124-LUBGH,Male,1,No,Yes,47,Yes,No,Fiber optic,Yes,Yes,No,No,No,Yes,Two year,No,Credit card (automatic),106.27,5003.05,No
3262-MQLJX,Female,0,Yes,No,2,Yes,No,No,No internet service,No internet service,No internet service,No internet service,No internet service,No internet service,Month-to-month,No,Mailed check,37.9,72.4,No
3378-FUEWG,Male,1,Yes,No,54,Yes,No,Fiber optic,Yes,No,No,No,Yes,Yes,Month-to-month,No,Electronic check,110.86,6001.27,Yes
8267-HVZVS,Female,0,No,No,5,Yes,No,Fiber optic,No,No,No,No,No,Yes,Two year,Yes,Electronic check,98.9,546.0,Yes
6945-UROFH,Female,0,No,No,39,Yes,Yes,Fiber optic,No,No,Yes,No,No,No,One year,Yes,Electronic check,94.88,3704.81,Yes
9550-CSAKZ,Male,0,Yes,Yes,63,Yes,No,DSL,Yes,No,No,No,No,Yes,Month-to-month,Yes,Electronic check,76.22,4805.25,No
3662-YDACZ,Male,0,Yes,No,2,Yes,Yes,DSL,No,No,No,No,No,Yes,Month-to-month,Yes,Mailed check,70.15,127.77,Yes
6977-CAWTF,Female,0,No,No,24,No,No phone service,Fiber optic,No,No,No,No,No,No,Month-to-month,Yes,Mailed check,72.46,1750.11,No
6911-VTGUS,Female,0,No,Yes,18,Yes,Yes,DSL,No,No,No,No,No,No,Two year,Yes,Electronic check,66.26,1236.16,No
9013-RYHZT,Male,0,No,No,8,Yes,Yes,Fiber optic,No,Yes,No,Yes,No,Yes,Month-to-month,Yes,Credit card (automatic),110.39,873.88,Yes
1429-QHZYV,Male,0,Yes,Yes,2,Yes,Yes,No,No internet service,No internet service,No internet service,No internet service,No internet service,No internet service,Month-to-month,Yes,Bank transfer (automatic),36.8,59.21,Yes
7384-JJRTD,Female,0,No,No,54,Yes,Yes,DSL,Yes,Yes,Yes,No,Yes,No,Month-to-month,Yes,Bank transfer (automatic),92.13,4955.98,No
1061-NVGAU,Female,0,No,No,8,No,No phone service,No,No internet service,No internet service,No internet service,No internet service,No internet service,No internet service,Month-to-month,No,Bank transfer (automatic),20.72,148.15,Yes
6529-JSBYQ,Male,0,Yes,Yes,72,No,No phone service,Fiber optic,No,No,No,No,Yes,No,Two year,No,Credit card (automatic),76.38,5464.07,No
7796-HCJTS,Male,1,No,No,9,Yes,No,Fiber optic,No,No,Yes,No,No,Yes,One year,Yes,Bank transfer (automatic),102.79,901.28,Yes
3395-EUOIM,Female,0,No,No,9,Yes,No,DSL,No,Yes,Yes,No,Yes,Yes,Two year,No,Electronic check,88.67,768.79,No
6478-BUWZK,Male,1,No,Yes,1,Yes,No,No,No internet service,No internet service,No internet service,No internet service,No internet service,No internet service,One year,No,Mailed check,44.6,28.81,Yes
9008-GNDJC,Male,1,No,No,8,Yes,No,Fiber optic,Yes,Yes,No,Yes,Yes,No,Month-to-month,Yes,Mailed check,110.21,904.4,No
9450-CSSSF,Female,0,Yes,No,11,Yes,No,Fiber optic,No,Yes,No,Yes,Yes,Yes,One year,No,Electronic check,119.93,1311.53,No
4928-JBFTQ,Male,0,No,No,25,Yes,Yes,No,No internet service,No internet service,No internet service,No internet service,No internet service,No internet service,Two year,Yes,Credit card (automatic),39.64,968.83,No
6501-DYXFQ,Female,0,Yes,Yes,39,Yes,Yes,DSL,No,No,No,Yes,No,No,Month-to-month,Yes,Electronic check,79.54,3081.01,No
5041-KXPSR,Male,0,No,No,15,Yes,Yes,DSL,No,No,No,No,Yes,No,Month-to-month,Yes,Bank transfer (automatic),74.48,1115.43,Yes
8807-FLZOE,Female,0,Yes,Yes,39,Yes,Yes,DSL,No,Yes,No,No,No,Yes,Month-to-month,Yes,Credit card (automatic),85.38,3320.78,No
9912-FUOGW,Male,1,Yes,Yes,72,Yes,Yes,No,No internet service,No internet service,No internet service,No internet service,No internet service,No internet service,Two year,Yes,Electronic check,38.08,2745.9,No
2122-SPFBU,Female,1,No,Yes,20,Yes,No,No,No internet service,No internet service,No internet service,No internet service,No internet service,No internet service,Month-to-month,No,Mailed check,39.39,813.99,Yes
1975-DMPWW,Male,0,Yes,Yes,16,No,No phone service,Fiber optic,Yes,No,Yes,No,No,No,Month-to-month,No,Electronic check,87.5,1390.37,No
8809-KIIZW,Male,0,No,No,9,Yes,No,Fiber optic,No,Yes,Yes,No,No,Yes,One year,Yes,Credit card (automatic),105.69,916.7,Yes
2781-BRYZF,Female,0,Yes,No,25,Yes,No,No,No internet service,No internet service,No internet service,No internet service,No internet service,No internet service,One year,Yes,Credit card (automatic),43.0,1060.96,No
1721-YNCKZ,Female,0,Yes,No,71,No,No phone service,Fiber optic,No,No,No,No,No,Yes,Month-to-month,No,Credit card (automatic),79.8,5682.17,No
5218-MKXEN,Female,0,Yes,No,24,Yes,Yes,DSL,Yes,No,Yes,No,No,No,Month-to-month,No,Electronic check,77.43,1802.62,No
3840-OSRRD,Male,0,Yes,Yes,40,Yes,No,No,No internet service,No internet service,No internet service,No internet service,No internet service,No internet service,One year,Yes,Bank transfer (automatic),39.69,1563.36,No
3628-PUZSO,Male,0,Yes,No,25,Yes,Yes,DSL,No,No,No,No,No,No,Month-to-month,No,Bank transfer (automatic),64.88,1604.78,No
3150-LLZAR,Female,0,Yes,No,24,Yes,No,Fiber optic,No,No,No,Yes,Yes,No,Month-to-month,Yes,Mailed check,96.67,2312.15,No
2689-TTPWP,Female,1,No,Yes,72,Yes,Yes,Fiber optic,No,Yes,Yes,No,Yes,Yes,Month-to-month,Yes,Credit card (automatic),116.69,8409.03,No
9683-LZRWS,Male,0,No,No,33,Yes,No,Fiber optic,No,Yes,No,No,No,Yes,Two year,Yes,Credit card (automatic),112.21,3710.23,Yes
5395-OBLRM,Female,1,Yes,Yes,49,Yes,No,Fiber optic,No,Yes,No,Yes,No,No,Month-to-month,No,Bank transfer (automatic),99.08,4862.74,No
8226-CUBZZ,Female,0,Yes,No,37,Yes,No,No,No internet service,No internet service,No internet service,No internet service,No internet service,No internet service,One year,Yes,Electronic check,39.86,1461.69,No
3472-RTLZH,Female,0,Yes,No,25,No,No phone service,Fiber optic,Yes,Yes,No,No,Yes,No,Month-to-month,No,Electronic check,86.45,2176.79,No
8123-LTTRX,Female,1,Yes,Yes,15,Yes,No,No,No internet service,No internet service,No internet service,No internet service,No internet service,No internet service,Month-to-month,No,Electronic check,32.13,462.56,No
1342-GIEOO,Female,0,Yes,No,69,Yes,Yes,DSL,No,Yes,No,No,No,No,One year,Yes,Electronic check,77.69,5377.37,No
2987-LZYWE,Female,0,No,No,4,Yes,No,DSL,No,Yes,Yes,Yes,Yes,Yes,Month-to-month,Yes,Bank transfer (automatic),110.43,464.16,Yes
6036-KMFJF,Female,0,No,Yes,13,Yes,Yes,DSL,No,No,No,No,No,No,Month-to-month,Yes,Electronic check,61.52,758.55,No
6290-FLEME,Female,0,No,No,13,Yes,No,Fiber optic,No,No,No,Yes,No,Yes,Two year,Yes,Electronic check,102.63,1303.44,No
9438-VQMWR,Female,0,No,No,52,Yes,Yes,DSL,No,Yes,No,Yes,No,Yes,Two year,Yes,Electronic check,95.11,4978.91,No
8509-WZZRM,Male,0,No,Yes,72,Yes,No,No,No internet service,No internet service,No internet service,No internet service,No internet service,No internet service,One year,No,Electronic check,34.92,2485.45,No
3125-WDZEH,Female,0,Yes,Yes,6,Yes,Yes,No,No internet service,No internet service,No internet service,No internet service,No internet service,No internet service,One year,No,Mailed check,46.62,282.14,No
6706-XMQSO,Female,0,Yes,No,22,Yes,No,No,No internet service,No internet service,No internet service,No internet service,No internet service,No internet service,One year,Yes,Electronic check,42.07,938.05,No
1808-IDQLJ,Female,0,No,No,51,Yes,Yes,DSL,No,No,No,No,Yes,Yes,Month-to-month,No,Mailed check,82.85,4227.99,No
3509-BXLUK,Female,0,Yes,No,14,Yes,No,Fiber optic,Yes,Yes,Yes,Yes,No,No,Month-to-month,No,Electronic check,108.79,1514.26,Yes
5517-TLKOF,Male,0,Yes,No,39,Yes,Yes,No,No internet service,No internet service,No internet service,No internet service,No internet service,No internet service,One year,No,Electronic check,37.58,1455.62,No
2919-KHEIK,Female,1,No,No,21,Yes,No,Fiber optic,No,Yes,Yes,No,No,No,One year,Yes,Mailed check,99.93,2126.48,Yes
3542-PXGPU,Male,0,Yes,No,72,Yes,No,Fiber optic,No,No,No,No,No,No,Month-to-month,Yes,Mailed check,92.2,6637.11,No
1954-DIDWY,Male,0,Yes,No,15,Yes,No,DSL,Yes,Yes,No,No,No,Yes,Two year,No,Electronic check,82.61,1230.64,No
9178-NJUBZ,Male,0,No,Yes,44,Yes,Yes,No,No internet service,No internet service,No internet service,No internet service,No internet service,No internet service,Month-to-month,Yes,Credit card (automatic),42.42,1871.63,No
2808-MTIXU,Female,1,Yes,Yes,17,Yes,No,Fiber optic,No,Yes,No,Yes,No,No,Month-to-month,Yes,Electronic check,108.98,1856.44,Yes
5047-LHJDE,Female,0,Yes,Yes,29,Yes,Yes,No,No internet service,No internet service,No internet service,No internet service,No internet service,No internet service,Month-to-month,No,Credit card (automatic),38.97,1155.15,No
4684-GCMRH,Female,0,Yes,No,7,Yes,No,DSL,No,Yes,No,No,No,No,One year,No,Credit card (automatic),77.18,542.24,No
5748-UNHVW,Male,1,Yes,No,40,Yes,No,Fiber optic,Yes,Yes,No,No,Yes,No,Month-to-month,Yes,Credit card (automatic),112.26,4490.78,Yes
9206-IHMTH,Male,0,No,No,58,No,No phone service,DSL,No,Yes,No,No,Yes,No,Month-to-month,No,Credit card (automatic),58.65,3387.18,No
6576-VPDDV,Female,1,No,No,6,Yes,No,DSL,No,No,No,No,Yes,Yes,One year,Yes,Credit card (automatic),80.33,496.16,No
1011-XQGNF,Male,0,Yes,No,12,Yes,No,No,No internet service,No internet service,No internet service,No internet service,No internet service,No internet service,One year,No,Electronic check,41.03,469.91,No
5072-CGZGB,Female,0,Yes,Yes,54,Yes,No,DSL,No,No,No,Yes,Yes,No,Month-to-month,Yes,Electronic check,85.49,4597.45,No
3663-XGVCT,Female,1,Yes,No,19,Yes,Yes,Fiber optic,No,No,No,No,No,No,One year,Yes,Bank transfer (automatic),96.42,1776.46,No
6146-EDBMT,Female,1,No,No,23,No,No phone service,Fiber optic,No,Yes,No,No,No,Yes,Two year,No,Mailed check,84.47,1976.34,No
8005-AAFYC,Male,0,Yes,No,9,Yes,No,No,No internet service,No internet service,No internet service,No internet service,No internet service,No internet service,Month-to-month,No,Bank transfer (automatic),33.92,322.08,No
1447-YDXUK,Male,0,Yes,No,59,Yes,No,Fiber optic,No,Yes,No,No,Yes,Yes,One year,No,Electronic check,112.09,6586.14,No
3155-FMIRK,Male,0,No,Yes,7,Yes,Yes,Fiber optic,Yes,Yes,No,No,No,No,Month-to-month,Yes,Electronic check,111.69,761.0,Yes
8735-OXHTL,Female,0,No,No,23,Yes,Yes,Fiber optic,Yes,Yes,No,Yes,No,Yes,Month-to-month,Yes,Bank transfer (automatic),118.88,2704.51,No
7745-MCLJH,Male,0,No,No,15,No,No phone service,Fiber optic,No,No,No,No,No,Yes,Month-to-month,Yes,Bank transfer (automatic),81.72,1229.25,No
1952-XZTDA,Female,0,No,No,46,Yes,Yes,No,No internet service,No internet service,No internet service,No internet service,No internet service,No internet service,Two year,No,Mailed check,49.78,2301.03,No
2474-OFCNT,Male,0,No,No,72,Yes,No,DSL,No,No,Yes,Yes,No,Yes,Month-to-month,No,Electronic check,94.72,6811.29,No
1216-GYWIR,Male,0,No,No,4,Yes,No,DSL,No,No,No,No,No,No,Two year,Yes,Credit card (automatic),63.96,250.6,No
8246-QDOMM,Male,0,No,Yes,14,Yes,Yes,Fiber optic,No,No,No,Yes,Yes,Yes,Month-to-month,Yes,Credit card (automatic),115.76,1583.11,Yes
1615-MJMHG,Female,0,Yes,No,18,Yes,No,Fiber optic,No,No,No,Yes,Yes,No,Month-to-month,Yes,Electronic check,110.23,1976.12,Yes
8423-WUUDH,Female,0,Yes,Yes,7,Yes,Yes,Fiber optic,Yes,Yes,Yes,No,No,No,Month-to-month,Yes,Bank transfer (automatic),103.55,753.72,No
3713-LMVZR,Male,0,Yes,Yes,25,Yes,No,Fiber optic,Yes,No,No,No,No,Yes,Month-to-month,Yes,Electronic check,98.58,2444.22,Yes
3825-QTEIS,Female,0,No,Yes,49,Yes,No,Fiber optic,No,Yes,No,No,No,No,Month-to-month,No,Mailed check,92.12,4514.8,No
4867-RWDDF,Female,0,No,No,31,No,No phone service,No,No internet service,No internet service,No internet service,No internet service,No internet service,No internet service,Month-to-month,Yes,Mailed check,21.77,693.35,No
5519-CLQFH,Female,0,No,No,40,Yes,No,DSL,No,No,No,No,No,No,One year,Yes,Mailed check,71.75,2877.96,No
6246-JBFUR,Female,0,Yes,No,13,Yes,Yes,No,No internet service,No internet service,No internet service,No internet service,No internet service,No internet service,One year,No,Mailed check,43.42,583.55,No
3602-DVAFH,Male,0,No,No,41,Yes,Yes,Fiber optic,No,Yes,No,No,Yes,Yes,Two year,No,Mailed check,120.0,4934.86,No
7713-GOEPV,Male,0,Yes,Yes,30,Yes,No,No,No internet service,No internet service,No internet service,No internet service,No internet service,No internet service,Month-to-month,No,Bank transfer (automatic),42.43,1329.73,Yes
3347-EWERO,Female,0,Yes,No,8,Yes,Yes,Fiber optic,Yes,No,No,No,No,No,One year,Yes,Electronic check,99.51,805.56,Yes
4955-BENBQ,Male,0,No,No,26,Yes,No,No,No internet service,No internet service,No internet service,No internet service,No internet service,No internet service,Month-to-month,Yes,Bank transfer (automatic),39.73,975.79,No
8043-OYZRZ,Male,0,No,Yes,15,Yes,No,Fiber optic,No,No,No,Yes,No,Yes,Month-to-month,Yes,Mailed check,108.81,1609.52,Yes
8111-OLZFE,Male,0,No,No,72,Yes,No,No,No internet service,No internet service,No internet service,No internet service,No internet service,No internet service,Month-to-month,Yes,Credit card (automatic),44.48,3178.56,No
9914-ZAJPB,Female,0,Yes,No,51,Yes,Yes,Fiber optic,No,Yes,No,No,No,No,Two year,No,Bank transfer (automatic),105.94,5352.44,No
7471-KQBIF,Male,0,Yes,No,29,Yes,No,Fiber optic,Yes,No,No,No,No,No,Month-to-month,No,Credit card (automatic),96.08,2790.42,Yes
6846-JXZXZ,Male,0,Yes,No,66,Yes,Yes,Fiber optic,Yes,No,Yes,Yes,Yes,No,Month-to-month,Yes,Mailed check,118.49,7837.22,No
4846-OLZCG,Female,0,Yes,No,41,Yes,No,Fiber optic,Yes,No,No,Yes,No,No,Month-to-month,No,Electronic check,99.17,4095.07,No
8565-XXDJH,Male,0,No,No,8,Yes,No,Fiber optic,Yes,No,Yes,No,No,No,Month-to-month,No,Electronic check,102.42,814.91,Yes
5361-BGMRA,Male,0,Yes,No,72,Yes,Yes,DSL,No,No,No,No,No,Yes,Month-to-month,Yes,Credit card (automatic),70.54,5096.29,No
1863-ZSJTA,Male,0,Yes,Yes,6,Yes,No,DSL,No,No,No,No,No,No,One year,Yes,Bank transfer (automatic),75.4,446.66,No
4214-XCGTL,Male,0,Yes,No,72,Yes,No,DSL,Yes,No,No,No,No,Yes,One year,No,Credit card (automatic),75.67,5467.47,No
9310-FZEXU,Female,0,No,No,31,Yes,No,No,No internet service,No internet service,No internet service,No internet service,No internet service,No internet service,Month-to-month,Yes,Bank transfer (automatic),39.96,1272.07,No
8944-KMVQP,Female,0,No,No,25,No,No phone service,No,No internet service,No internet service,No internet service,No internet service,No internet service,No internet service,Month-to-month,Yes,Electronic check,24.88,633.12,No
3326-VMDUQ,Male,0,Yes,No,13,Yes,No,DSL,Yes,Yes,Yes,No,No,No,Month-to-month,Yes,Mailed check,79.07,1061.4,No
1207-IHFVJ,Female,0,Yes,Yes,32,Yes,No,DSL,No,No,No,Yes,No,No,Month-to-month,No,Electronic check,70.24,2285.24,No
9491-LXTDR,Female,0,No,No,40,Yes,No,Fiber optic,No,No,No,Yes,No,No,Month-to-month,No,Mailed check,98.56,3938.43,No
5911-SKOPL,Female,0,No,No,37,Yes,No,Fiber optic,No,Yes,No,No,No,Yes,Month-to-month,Yes,Bank transfer (automatic),95.74,3534.83,Yes
2473-ZWWHW,Female,0,Yes,No,30,Yes,Yes,Fiber optic,Yes,No,Yes,Yes,No,Yes,Month-to-month,Yes,Mailed check,119.41,3588.71,Yes
4356-JYFSQ,Female,1,Yes,Yes,22,Yes,No,No,No internet service,No internet service,No internet service,No internet service,No internet service,No internet service,Month-to-month,No,Bank transfer (automatic),43.5,951.72,No
5529-BIQDH,Male,0,No,Yes,43,Yes,No,Fiber optic,No,Yes,Yes,No,Yes,No,One year,No,Electronic check,109.48,4728.56,No
1322-FFXAB,Male,0,No,No,18,Yes,Yes,Fiber optic,No,No,No,Yes,Yes,No,One year,No,Mailed check,105.27,1913.85,No
2177-FLZOL,Female,0,Yes,No,24,Yes,No,No,No internet service,No internet service,No internet service,No internet service,No internet service,No internet service,Month-to-month,No,Electronic check,36.84,884.35,Yes
7604-RVYEF,Female,0,Yes,No,35,Yes,No,DSL,No,Yes,No,Yes,Yes,No,Month-to-month,No,Mailed check,96.16,3355.02,Yes
7494-XMTMA,Female,0,Yes,No,26,Yes,No,DSL,No,No,No,Yes,No,No,One year,Yes,Electronic check,71.0,1844.15,Yes
9729-MKEKI,Male,0,Yes,No,7,Yes,No,DSL,No,Yes,Yes,No,Yes,No,Month-to-month,Yes,Electronic check,79.3,572.95,Yes
1673-GQTQS,Male,0,Yes,Yes,31,Yes,Yes,DSL,No,Yes,No,Yes,No,No,Two year,Yes,Credit card (automatic),86.13,2683.26,No
4372-IUUQQ,Female,0,Yes,No,31,Yes,No,Fiber optic,No,Yes,Yes,No,No,No,One year,Yes,Electronic check,109.48,3410.04,No
4724-ITQUZ,Male,0,Yes,No,29,Yes,No,DSL,Yes,Yes,No,No,Yes,No,One year,Yes,Bank transfer (automatic),88.17,2553.21,No
2776-KXCGQ,Female,0,Yes,Yes,23,Yes,No,No,No internet service,No internet service,No internet service,No internet service,No internet service,No internet service,Month-to-month,Yes,Bank transfer (automatic),35.84,816.13,No
5028-FUCIF,Female,1,No,No,20,No,No phone service,No,No internet service,No internet service,No internet service,No internet service,No internet service,No internet service,Month-to-month,Yes,Bank transfer (automatic),19.99,395.33,No
9044-XWEJK,Female,0,Yes,Yes,26,Yes,No,No,No internet service,No internet service,No internet service,No internet service,No internet service,No internet service,Month-to-month,No,Bank transfer (automatic),41.5,1090.33,No
1752-ZFWIU,Male,0,No,No,13,Yes,No,Fiber optic,No,Yes,No,No,No,No,Month-to-month,Yes,Bank transfer (automatic),99.74,1308.3,Yes
6381-UNBPL,Female,0,Yes,Yes,69,Yes,No,Fiber optic,No,Yes,Yes,No,No,Yes,Two year,No,Credit card (automatic),111.51,7693.22,No
5393-OIKVM,Female,0,No,No,36,Yes,Yes,DSL,No,Yes,No,No,No,Yes,Two year,Yes,Electronic check,77.1,2765.69,No
3662-ROUTQ,Female,1,No,No,33,Yes,No,Fiber optic,Yes,No,No,No,Yes,No,Two year,Yes,Electronic check,102.4,3436.46,No
8671-DNFNS,Female,0,No,Yes,57,Yes,Yes,Fiber optic,No,No,Yes,Yes,No,Yes,Month-to-month,Yes,Mailed check,112.13,6392.72,No
2283-RMDFN,Male,0,Yes,No,12,Yes,Yes,No,No internet service,No internet service,No internet service,No internet service,No internet service,No internet service,Two year,Yes,Mailed check,36.8,441.52,No
7013-EHNDE,Female,0,Yes,No,17,Yes,Yes,DSL,No,Yes,Yes,No,Yes,Yes,One year,Yes,Electronic check,92.4,1587.56,No
9526-HVWYC,Female,1,No,No,16,Yes,Yes,Fiber optic,Yes,No,Yes,No,No,No,Month-to-month,Yes,Mailed check,100.26,1593.4,Yes
2449-KBMXN,Female,0,Yes,No,34,Yes,No,Fiber optic,No,No,No,No,Yes,No,Two year,No,Bank transfer (automatic),98.93,3351.11,No
8332-MGVWL,Female,1,Yes,No,11,No,No phone service,DSL,Yes,No,No,No,No,No,Two year,Yes,Credit card (automatic),51.71,547.4,No
6561-TAMQU,Male,1,Yes,No,46,Yes,No,No,No internet service,No internet service,No internet service,No internet service,No internet service,No internet service,Month-to-month,No,Electronic check,35.51,1651.71,No
8539-VSVEE,Female,0,No,No,33,Yes,No,No,No internet service,No internet service,No internet service,No internet service,No internet service,No internet service,Two year,Yes,Electronic check,43.03,1464.64,No
7797-SMKJR,Male,1,No,No,15,Yes,No,DSL,No,No,Yes,No,No,Yes,Two year,Yes,Electronic check,76.74,1107.45,Yes
7153-FQPYK,Male,1,Yes,No,7,Yes,No,DSL,No,No,Yes,Yes,Yes,No,One year,No,Credit card (automatic),89.28,615.65,No
9427-MBRQX,Female,0,No,No,33,Yes,Yes,Fiber optic,No,No,No,No,No,No,Month-to-month,Yes,Electronic check,90.62,2985.33,No
8193-ZWAPT,Male,0,No,No,5,Yes,Yes,DSL,No,Yes,No,No,Yes,Yes,Month-to-month,Yes,Electronic check,92.75,486.4,Yes
4297-UOJAJ,Male,0,Yes,No,14,Yes,No,Fiber optic,No,No,Yes,No,No,No,Two year,Yes,Mailed check,97.75,1354.86,No
3515-KTTGX,Female,0,Yes,No,24,No,No phone service,No,No internet service,No internet service,No internet service,No internet service,No internet service,No internet service,Month-to-month,Yes,Electronic check,21.72,501.18,Yes
6938-RFTFC,Female,0,Yes,No,22,Yes,No,Fiber optic,No,No,Yes,No,No,No,Month-to-month,Yes,Bank transfer (automatic),93.07,2070.08,Yes
3125-XIWNE,Male,0,No,No,15,Yes,Yes,No,No internet service,No internet service,No internet service,No internet service,No internet service,No internet service,Month-to-month,No,Electronic check,32.5,467.36,Yes
5305-TSXZX,Male,0,No,No,44,Yes,Yes,DSL,No,No,No,No,No,No,Month-to-month,Yes,Mailed check,57.79,2504.55,No
9666-LQHCK,Male,0,No,No,12,Yes,No,DSL,No,Yes,Yes,No,Yes,No,Month-to-month,No,Electronic check,79.25,939.96,Yes
9718-AXLPU,Female,0,No,Yes,15,Yes,No,Fiber optic,Yes,No,No,Yes,No,Yes,Month-to-month,No,Bank transfer (automatic),118.44,1763.72,No
9742-GMPJL,Male,0,Yes,No,28,Yes,Yes,Fiber optic,Yes,No,No,No,No,Yes,Two year,Yes,Electronic check,97.8,2741.45,No
8482-AECYD,Female,0,No,Yes,28,Yes,Yes,Fiber optic,No,No,No,No,Yes,No,Month-to-month,No,Electronic check,102.67,2859.44,Yes
7966-PHDJZ,Female,0,No,No,9,Yes,No,Fiber optic,No,Yes,No,No,Yes,No,Two year,No,Credit card (automatic),102.03,911.69,Yes
7582-VRFNS,Female,0,No,Yes,27,Yes,No,No,No internet service,No internet service,No internet service,No internet service,No internet service,No internet service,Two year,Yes,Credit card (automatic),28.52,765.6,No
8300-QAROK,Male,0,Yes,Yes,17,Yes,Yes,Fiber optic,No,Yes,No,No,No,No,Month-to-month,Yes,Mailed check,98.76,1637.78,No
8936-DDSOA,Female,0,Yes,Yes,16,Yes,No,DSL,No,No,No,Yes,No,Yes,Month-to-month,No,Bank transfer (automatic),83.03,1364.27,No
9770-UFHHB,Male,1,Yes,Yes,32,No,No phone service,Fiber optic,Yes,No,No,Yes,No,No,Month-to-month,No,Bank transfer (automatic),85.35,2765.25,Yes
1334-EVPCW,Male,0,Yes,No,11,Yes,No,Fiber optic,No,No,No,No,Yes,No,Two year,No,Bank transfer (automatic),91.07,1005.38,No
9317-LGIOK,Male,0,No,Yes,21,Yes,Yes,Fiber optic,No,No,Yes,No,No,No,One year,Yes,Mailed check,93.74,1920.71,Yes
1214-TJETS,Male,0,No,Yes,25,No,No phone service,DSL,No,No,No,No,No,No,Two year,Yes,Bank transfer (automatic),40.31,1022.19,No
3512-VWLDE,Female,0,No,No,32,Yes,No,No,No internet service,No internet service,No internet service,No internet service,No internet service,No internet service,Two year,No,Bank transfer (automatic),41.02,1311.82,No
3746-SVCSA,Male,0,Yes,No,14,Yes,Yes,DSL,No,No,Yes,No,Yes,No,Month-to-month,Yes,Mailed check,71.14,1012.38,Yes
1639-AMCRK,Female,0,Yes,No,38,Yes,No,DSL,No,Yes,No,No,No,No,Two year,No,Mailed check,72.26,2762.03,No
8170-PIEWE,Male,0,Yes,No,45,Yes,No,DSL,No,No,No,Yes,Yes,No,Two year,Yes,Electronic check,69.62,3110.42,No
1828-OBKNM,Male,0,No,Yes,44,Yes,Yes,Fiber optic,No,Yes,No,Yes,No,Yes,Month-to-month,Yes,Credit card (automatic),113.39,4992.56,Yes
4284-LOTNV,Male,0,No,No,8,Yes,No,Fiber optic,No,Yes,No,Yes,No,No,Two year,No,Mailed check,107.34,895.32,No
8137-TOLQT,Male,0,No,No,44,Yes,No,Fiber optic,No,No,No,Yes,Yes,Yes,One year,No,Mailed check,105.04,4613.15,No
2282-BRYIQ,Male,0,No,No,45,Yes,Yes,DSL,No,No,Yes,No,No,Yes,Month-to-month,No,Bank transfer (automatic),80.28,3637.93,Yes
6629-TWWZE,Female,1,No,No,72,Yes,No,DSL,No,No,No,No,No,No,Month-to-month,No,Mailed check,64.72,4631.05,Yes
1060-WXZME,Female,0,Yes,No,9,No,No phone service,DSL,No,Yes,No,No,No,No,One year,Yes,Mailed check,54.73,513.79,Yes
3141-BYPEK,Male,1,Yes,No,63,Yes,Yes,Fiber optic,No,Yes,No,No,Yes,No,Two year,No,Mailed check,104.37,6530.14,No
7425-CMHNV,Female,0,Yes,No,5,Yes,No,Fiber optic,No,Yes,No,No,Yes,No,Month-to-month,Yes,Electronic check,112.01,554.05,Yes
9008-UXASG,Female,0,Yes,No,46,Yes,Yes,Fiber optic,No,No,No,Yes,Yes,No,Month-to-month,No,Credit card (automatic),97.12,4432.68,No
6706-LMAAW,Male,0,No,Yes,52,Yes,Yes,No,No internet service,No internet service,No internet service,No internet service,No internet service,No internet service,Month-to-month,No,Electronic check,45.67,2406.13,No
5694-SQRYF,Male,0,Yes,No,45,No,No phone service,No,No internet service,No internet service,No internet service,No internet service,No internet service,No internet service,One year,No,Credit card (automatic),20.3,906.41,No
6800-UYZWS,Male,0,No,No,6,Yes,Yes,Fiber optic,No,Yes,No,Yes,Yes,No,One year,Yes,Credit card (automatic),114.47,691.12,No
7936-MXKIP,Female,1,No,No,60,Yes,No,DSL,No,Yes,No,Yes,Yes,Yes,Two year,No,Credit card (automatic),91.59,5512.56,No
2694-CMNPW,Female,0,No,No,72,Yes,Yes,No,No internet service,No internet service,No internet service,No internet service,No internet service,No internet service,Month-to-month,Yes,Electronic check,44.66,3194.83,No
2025-EJFFU,Male,0,No,No,10,Yes,Yes,Fiber optic,No,No,Yes,Yes,No,No,Month-to-month,No,Electronic check,102.66,1051.83,Yes
1141-EODDE,Female,0,Yes,No,20,Yes,Yes,DSL,No,No,Yes,No,Yes,No,Month-to-month,No,Bank transfer (automatic),75.61,1542.91,Yes
8903-BQMEY,Female,0,No,No,14,Yes,No,No,No internet service,No internet service,No internet service,No internet service,No internet service,No internet service,Two year,No,Electronic check,43.81,598.17,No
8747-VDUXF,Female,0,Yes,Yes,40,Yes,Yes,DSL,Yes,No,No,No,No,Yes,Month-to-month,No,Credit card (automatic),77.19,3094.47,No
2801-SDMKJ,Male,0,No,No,18,Yes,No,Fiber optic,No,No,No,No,No,No,Month-to-month,No,Bank transfer (automatic),89.76,1639.25,Yes
9122-MDRYR,Female,0,No,Yes,41,Yes,Yes,Fiber optic,No,No,No,Yes,Yes,No,Month-to-month,Yes,Credit card (automatic),102.27,4193.08,No
1653-FXMIG,Female,0,Yes,No,23,Yes,No,DSL,Yes,No,No,Yes,Yes,No,Month-to-month,No,Credit card (automatic),78.21,1824.21,No
6741-LUHJF,Female,0,Yes,No,28,Yes,No,DSL,No,Yes,No,No,No,Yes,One year,No,Credit card (automatic),82.02,2298.87,No
4856-QLFZL,Female,0,No,No,25,Yes,No,DSL,No,No,Yes,No,No,No,Month-to-month,Yes,Electronic check,70.39,1750.61,No
2900-DSFLI,Female,0,No,No,5,Yes,No,Fiber optic,No,Yes,Yes,No,No,No,One year,No,Credit card (automatic),111.84,570.85,No
3171-QOROC,Female,0,No,No,27,Yes,Yes,No,No internet service,No internet service,No internet service,No internet service,No internet service,No internet service,Month-to-month,Yes,Electronic check,39.59,1058.74,Yes
8537-KTGTG,Male,1,Yes,No,7,Yes,Yes,No,No internet service,No internet service,No internet service,No internet service,No internet service,No internet service,Month-to-month,Yes,Bank transfer (automatic),49.11,322.59,No
9342-PQLZL,Male,1,No,No,8,Yes,Yes,Fiber optic,No,Yes,Yes,Yes,Yes,No,One year,No,Bank transfer (automatic),120.0,968.92,Yes
2800-ZIAZJ,Male,0,No,No,61,Yes,No,Fiber optic,Yes,No,Yes,No,Yes,Yes,Month-to-month,Yes,Electronic check,120.0,7297.73,Yes
7485-NDVPW,Male,0,Yes,No,39,Yes,No,DSL,No,Yes,Yes,Yes,Yes,Yes,Month-to-month,No,Mailed check,94.87,3710.07,Yes
2268-WNBGL,Female,0,No,Yes,37,Yes,Yes,Fiber optic,Yes,No,No,No,No,No,Month-to-month,No,Bank transfer (automatic),92.58,3432.83,No
4200-DYNTP,Female,0,No,Yes,28,Yes,No,Fiber optic,Yes,Yes,No,No,No,No,One year,No,Mailed check,102.87,2879.15,No
7554-SOEWW,Female,0,No,No,72,Yes,No,Fiber optic,No,No,No,No,Yes,No,One year,No,Bank transfer (automatic),96.91,6968.41,No
2132-NMOII,Female,0,Yes,No,27,Yes,No,DSL,No,No,Yes,No,Yes,No,Month-to-month,No,Electronic check,72.54,1957.89,Yes
2168-VNOYA,Male,0,Yes,No,24,Yes,No,Fiber optic,Yes,Yes,No,No,No,Yes,One year,Yes,Mailed check,119.93,2841.2,No
7865-DXPTI,Male,1,No,No,23,Yes,Yes,Fiber optic,Yes,No,Yes,Yes,Yes,No,Month-to-month,Yes,Bank transfer (automatic),120.0,2780.23,Yes
5781-QJRPR,Female,0,No,Yes,55,Yes,No,Fiber optic,No,No,Yes,No,No,No,Two year,No,Electronic check,96.56,5271.4,No
9673-HSEXC,Male,1,Yes,No,26,Yes,Yes,DSL,No,Yes,Yes,No,No,No,One year,No,Bank transfer (automatic),79.29,2043.65,No
7755-TZKKN,Female,0,No,No,32,Yes,No,Fiber optic,No,No,No,No,No,Yes,Month-to-month,No,Mailed check,100.35,3213.26,Yes
2903-ZKVZQ,Male,0,Yes,No,57,Yes,No,DSL,No,No,Yes,Yes,Yes,No,Two year,Yes,Credit card (automatic),79.42,4525.7,No
1554-UMPUF,Male,0,No,No,37,Yes,Yes,Fiber optic,Yes,Yes,No,Yes,Yes,No,Month-to-month,Yes,Credit card (automatic),119.84,4445.25,Yes
8088-ZEUMF,Female,0,Yes,Yes,48,Yes,No,DSL,No,No,Yes,No,No,Yes,Month-to-month,Yes,Bank transfer (automatic),85.96,4118.14,No
8624-HUCIE,Female,0,Yes,No,14,Yes,No,No,No internet service,No internet service,No internet service,No internet service,No internet service,No internet service,Month-to-month,Yes,Mailed check,44.88,640.47,No
3095-DNNTH,Female,0,No,No,9,No,No phone service,DSL,No,Yes,No,No,Yes,No,Two year,No,Mailed check,59.7,562.67,No
5985-NDJIL,Male,0,Yes,No,70,Yes,No,DSL,No,No,Yes,Yes,No,No,Month-to-month,Yes,Mailed check,74.89,5231.13,No
8762-PRQKO,Female,0,No,Yes,47,No,No phone service,No,No internet service,No internet service,No internet service,No internet service,No internet service,No internet service,Month-to-month,Yes,Bank transfer (automatic),18.25,863.85,No
9803-BJBZC,Female,0,No,No,40,Yes,Yes,Fiber optic,No,No,Yes,No,Yes,No,Two year,Yes,Electronic check,105.97,4264.95,No
8709-LKZIX,Female,0,Yes,No,34,Yes,Yes,Fiber optic,No,No,Yes,No,Yes,No,Two year,Yes,Electronic check,103.62,3528.06,No
1594-YYJKP,Male,0,No,No,26,No,No phone service,DSL,No,No,No,Yes,Yes,No,Two year,Yes,Mailed check,55.33,1419.92,No
6602-FBJXI,Male,0,No,No,14,Yes,No,Fiber optic,No,Yes,Yes,No,No,No,Month-to-month,No,Electronic check,103.02,1434.68,No
1963-QKFCU,Female,0,No,Yes,14,Yes,Yes,Fiber optic,No,Yes,No,Yes,No,No,One year,No,Credit card (automatic),100.79,1376.74,Yes
6363-EDYQM,Male,0,No,Yes,9,Yes,Yes,Fiber optic,No,No,No,Yes,Yes,No,Month-to-month,No,Electronic check,91.45,808.56,Yes
2731-IBQDP,Female,0,Yes,Yes,7,Yes,No,No,No internet service,No internet service,No internet service,No internet service,No internet service,No internet service,Month-to-month,Yes,Mailed check,44.28,296.0,No
9521-BSBXT,Male,1,Yes,Yes,12,Yes,No,DSL,No,No,No,No,No,No,Month-to-month,Yes,Electronic check,58.02,716.68,No
8354-OJOIO,Male,0,Yes,Yes,19,Yes,No,Fiber optic,No,Yes,Yes,No,No,Yes,Two year,Yes,Mailed check,115.77,2206.58,No
2099-GWEQU,Female,0,No,Yes,70,Yes,Yes,DSL,No,Yes,No,No,No,No,Month-to-month,No,Electronic check,77.62,5455.95,No
6616-OYSGE,Male,0,Yes,No,6,No,No phone service,Fiber optic,No,No,Yes,No,No,Yes,Month-to-month,Yes,Bank transfer (automatic),77.74,468.08,Yes
4836-WCKUJ,Male,1,Yes,No,28,No,No phone service,DSL,No,Yes,Yes,No,No,Yes,Month-to-month,Yes,Credit card (automatic),60.94,1678.88,Yes
1526-QJJOC,Female,0,No,No,72,Yes,No,Fiber optic,Yes,Yes,No,No,Yes,No,One year,No,Bank transfer (automatic),109.12,7870.41,No
3059-CGDWD,Male,0,Yes,No,54,Yes,No,Fiber optic,Yes,Yes,No,No,Yes,No,Two year,No,Electronic check,106.9,5776.67,No
7143-PLOBJ,Female,0,No,Yes,26,Yes,Yes,No,No internet service,No internet service,No internet service,No internet service,No internet service,No internet service,Month-to-month,Yes,Mailed check,38.03,997.53,No
7346-NIKWK,Male,0,Yes,No,15,Yes,Yes,DSL,Yes,No,Yes,No,No,No,Two year,Yes,Mailed check,71.21,1083.12,No
5687-RHJPZ,Female,1,Yes,No,4,No,No phone service,Fiber optic,Yes,Yes,No,No,Yes,No,Month-to-month,Yes,Bank transfer (automatic),91.3,370.8,Yes
8253-DJRPC,Male,0,Yes,Yes,29,Yes,Yes,Fiber optic,Yes,No,No,Yes,No,Yes,Month-to-month,Yes,Credit card (automatic),112.77,3289.97,No
9876-DCKJP,Male,0,Yes,No,43,No,No phone service,Fiber optic,No,No,No,No,Yes,No,Month-to-month,No,Credit card (automatic),76.34,3281.67,No
4703-UZVQG,Female,0,No,No,15,Yes,No,DSL,Yes,No,No,No,No,No,Month-to-month,Yes,Credit card (automatic),78.9,1172.61,No
9173-XWIQG,Female,0,Yes,No,57,Yes,No,Fiber optic,No,Yes,No,No,Yes,Yes,Two year,Yes,Mailed check,111.6,6342.91,No
6854-GSNWN,Male,0,No,No,24,No,No phone service,Fiber optic,No,No,Yes,No,No,Yes,One year,Yes,Credit card (automatic),89.53,2141.55,Yes
5990-VBZDW,Female,1,No,Yes,33,Yes,No,No,No internet service,No internet service,No internet service,No internet service,No internet service,No internet service,Month-to-month,Yes,Mailed check,46.37,1529.21,Yes
9518-JYVHW,Male,1,Yes,Yes,26,No,No phone service,Fiber optic,No,No,Yes,No,No,Yes,Two year,No,Electronic check,87.56,2293.56,Yes
5542-HSOFV,Male,0,No,Yes,56,Yes,Yes,Fiber optic,No,No,No,No,No,Yes,One year,No,Bank transfer (automatic),101.24,5661.02,No
2083-SJTNG,Female,0,No,No,58,Yes,No,Fiber optic,Yes,No,No,Yes,No,No,Month-to-month,Yes,Bank transfer (automatic),102.5,5906.17,No
9617-DTGBR,Female,1,Yes,No,38,Yes,No,DSL,Yes,No,No,No,Yes,No,Two year,Yes,Bank transfer (automatic),73.78,2780.96,No
8081-WJJHS,Male,0,No,No,21,No,No phone service,No,No internet service,No internet service,No internet service,No internet service,No internet service,No internet service,Two year,Yes,Credit card (automatic),19.37,421.53,No
3098-XLIIW,Female,0,Yes,No,26,Yes,Yes,Fiber optic,No,No,No,No,No,Yes,One year,Yes,Credit card (automatic),98.83,2532.36,No
3198-RCNNE,Male,0,No,No,72,Yes,No,Fiber optic,Yes,No,No,No,Yes,No,Month-to-month,No,Bank transfer (automatic),105.86,7625.62,Yes
9118-LVCZR,Male,0,Yes,Yes,72,Yes,No,No,No internet service,No internet service,No internet service,No internet service,No internet service,No internet service,Month-to-month,Yes,Bank transfer (automatic),37.78,2721.42,Yes
9180-TSCGU,Male,0,No,No,27,Yes,Yes,DSL,No,Yes,Yes,No,No,No,Two year,Yes,Electronic check,75.66,2031.57,No
8481-LSEER,Male,1,No,Yes,10,Yes,No,Fiber optic,No,Yes,No,Yes,No,No,One year,No,Electronic check,97.57,961.33,No
3477-QUBXF,Female,0,No,No,50,Yes,No,DSL,Yes,Yes,Yes,No,No,No,Two year,No,Electronic check,87.96,4451.6,No
1604-ETKRU,Male,0,No,No,18,Yes,Yes,Fiber optic,No,No,Yes,No,Yes,Yes,Two year,No,Electronic check,110.97,2011.25,No
7602-GTPWF,Male,0,Yes,No,67,Yes,Yes,Fiber optic,No,Yes,No,Yes,No,Yes,Two year,Yes,Credit card (automatic),109.98,7338.71,No
6203-GJKEO,Female,0,No,No,15,Yes,No,Fiber optic,No,No,Yes,No,No,Yes,Month-to-month,No,Bank transfer (automatic),111.41,1691.16,No
7041-WIWNN,Female,0,Yes,No,18,Yes,No,Fiber optic,No,No,Yes,Yes,No,No,Month-to-month,Yes,Bank transfer (automatic),104.14,1857.75,No
8163-ABYTN,Male,0,Yes,Yes,9,Yes,Yes,Fiber optic,Yes,Yes,No,No,No,No,Month-to-month,No,Electronic check,104.44,938.49,Yes
1174-KGDCM,Female,1,Yes,No,72,Yes,No,DSL,No,Yes,No,Yes,No,No,Month-to-month,No,Bank transfer (automatic),75.49,5447.54,No
8570-VTIOE,Male,0,No,No,12,Yes,No,No,No internet service,No internet service,No internet service,No internet service,No internet service,No internet service,Month-to-month,No,Bank transfer (automatic),39.51,480.95,No
9161-TONMB,Female,0,No,Yes,47,Yes,No,DSL,Yes,Yes,No,Yes,No,No,Month-to-month,No,Electronic check,77.81,3668.19,No
5699-IJEHG,Female,0,Yes,Yes,23,Yes,Yes,Fiber optic,No,No,No,No,Yes,No,Month-to-month,No,Electronic check,97.31,2237.36,Yes
3996-SBQVX,Male,0,No,No,18,Yes,No,Fiber optic,No,Yes,No,No,Yes,Yes,One year,No,Bank transfer (automatic),111.09,1987.2,Yes
1674-IXTUR,Male,0,No,No,17,Yes,No,Fiber optic,No,Yes,No,No,No,Yes,Month-to-month,Yes,Electronic check,107.35,1813.82,Yes
5105-VQTDP,Female,1,Yes,No,66,Yes,No,Fiber optic,No,Yes,No,No,No,Yes,Month-to-month,No,Bank transfer (automatic),102.03,6737.61,No
9632-WFITR,Male,0,Yes,No,72,Yes,No,No,No internet service,No internet service,No internet service,No internet service,No internet service,No internet service,Month-to-month,No,Credit card (automatic),45.96,3290.45,No
1220-RDMFV,Male,0,No,Yes,61,Yes,No,DSL,No,No,No,No,Yes,No,Month-to-month,No,Electronic check,71.03,4344.16,No
4954-UUUUO,Female,0,No,Yes,5,Yes,No,Fiber optic,No,No,No,No,No,No,One year,Yes,Electronic check,87.97,406.36,No
4963-ANPBD,Male,0,Yes,No,48,Yes,No,DSL,No,Yes,Yes,Yes,No,No,Month-to-month,Yes,Mailed check,85.65,4118.44,No
9364-SFEAU,Female,0,No,Yes,23,Yes,No,DSL,No,Yes,No,Yes,No,No,Month-to-month,No,Electronic check,79.86,1827.14,No
9732-QXGUL,Female,0,Yes,No,24,Yes,No,DSL,Yes,Yes,No,No,No,Yes,Month-to-month,Yes,Bank transfer (automatic),83.08,2029.17,No
6705-VJBSN,Male,0,No,No,31,Yes,Yes,No,No internet service,No internet service,No internet service,No internet service,No internet service,No internet service,Month-to-month,Yes,Electronic check,34.11,1101.39,Yes
1252-ZPCFW,Male,0,Yes,No,27,Yes,No,No,No internet service,No internet service,No internet service,No internet service,No internet service,No internet service,Two year,Yes,Electronic check,40.67,1106.45,No
5843-BODGV,Female,0,Yes,Yes,38,Yes,No,DSL,No,No,No,Yes,Yes,No,Two year,Yes,Mailed check,81.88,3083.55,No
9793-AVAJA,Male,0,Yes,No,22,Yes,No,Fiber optic,No,No,No,Yes,Yes,Yes,Month-to-month,Yes,Credit card (automatic),107.38,2366.82,Yes
7168-TIWGJ,Male,0,No,No,51,Yes,No,DSL,Yes,No,No,Yes,Yes,No,Month-to-month,Yes,Mailed check,86.8,4441.69,No
4702-HYXMB,Male,0,Yes,Yes,28,Yes,No,Fiber optic,Yes,Yes,No,No,Yes,No,Two year,No,Electronic check,113.04,3160.31,No
9383-XTJZF,Female,0,Yes,No,29,Yes,Yes,No,No internet service,No internet service,No internet service,No internet service,No internet service,No internet service,One year,Yes,Mailed check,43.17,1284.98,No
7586-KDDGH,Male,0,Yes,No,26,Yes,Yes,No,No internet service,No internet service,No internet service,No internet service,No internet service,No internet service,Month-to-month,Yes,Electronic check,40.58,1054.29,No
7314-RJTLY,Female,0,No,No,47,Yes,Yes,Fiber optic,No,Yes,No,No,Yes,No,One year,Yes,Electronic check,101.82,4800.33,No
7847-BJGJJ,Male,0,Yes,Yes,19,Yes,No,Fiber optic,No,No,No,Yes,No,Yes,Two year,No,Mailed check,103.06,1977.85,No
1455-EUXQO,Female,0,Yes,No,39,Yes,No,Fiber optic,No,Yes,No,No,No,Yes,Month-to-month,No,Credit card (automatic),108.64,4193.15,No
7771-SGQJG,Female,1,Yes,No,29,Yes,Yes,DSL,No,Yes,No,No,Yes,Yes,One year,No,Credit card (automatic),78.21,2245.34,No
5000-PFONY,Male,0,No,Yes,67,No,No phone service,DSL,No,No,No,Yes,No,No,Two year,No,Bank transfer (automatic),52.9,3555.92,No
4822-RLEGH,Female,0,Yes,No,20,Yes,No,DSL,No,No,Yes,No,No,Yes,Month-to-month,Yes,Credit card (automatic),81.38,1631.18,No
8231-EDKQV,Male,1,Yes,Yes,52,Yes,Yes,Fiber optic,No,Yes,No,No,No,Yes,Two year,Yes,Mailed check,100.12,5236.72,No
5540-YAZIS,Male,0,No,No,34,Yes,Yes,DSL,Yes,Yes,No,No,No,No,Two year,No,Credit card (automatic),82.49,2816.21,No
3836-ULFSI,Female,0,No,Yes,64,Yes,Yes,Fiber optic,No,No,No,No,Yes,No,One year,Yes,Credit card (automatic),98.03,6311.67,No
7551-EECOA,Female,1,No,Yes,28,Yes,No,Fiber optic,Yes,No,Yes,No,No,No,Month-to-month,Yes,Bank transfer (automatic),112.13,3136.01,Yes
3372-XHPJH,Female,0,Yes,No,19,Yes,No,Fiber optic,Yes,No,Yes,Yes,No,Yes,One year,Yes,Electronic check,118.96,2256.15,Yes
1788-WHWIE,Male,0,No,Yes,19,Yes,No,No,No internet service,No internet service,No internet service,No internet service,No internet service,No internet service,One year,No,Bank transfer (automatic),35.88,648.27,No
3116-HQTIY,Male,0,No,Yes,31,Yes,No,No,No internet service,No internet service,No internet service,No internet service,No internet service,No internet service,Month-to-month,Yes,Credit card (automatic),34.69,1054.97,No
6057-BCTCA,Male,1,No,Yes,27,Yes,Yes,DSL,No,No,No,No,No,No,Month-to-month,No,Mailed check,71.14,1933.13,Yes
5761-XIBYA,Male,1,No,No,20,Yes,No,No,No internet service,No internet service,No internet service,No internet service,No internet service,No internet service,Month-to-month,Yes,Mailed check,43.85,866.34,No
9497-DUTQW,Male,1,No,Yes,32,Yes,Yes,No,No internet service,No internet service,No internet service,No internet service,No internet service,No internet service,Month-to-month,Yes,Mailed check,44.16,1420.35,No
2466-XRHTK,Female,0,No,No,2,Yes,No,Fiber optic,No,Yes,Yes,Yes,No,Yes,One year,Yes,Bank transfer (automatic),120.0,258.27,No
9315-CXCTM,Male,0,Yes,No,23,Yes,No,Fiber optic,No,No,No,No,No,No,Two year,Yes,Credit card (automatic),87.84,2024.39,No
7056-ETPRY,Female,1,No,No,27,Yes,No,DSL,No,Yes,No,No,No,No,Month-to-month,Yes,Mailed check,64.54,1706.45,No
9431-LWUWV,Male,0,No,No,6,Yes,No,DSL,No,No,No,Yes,No,Yes,One year,Yes,Electronic check,78.3,481.69,Yes
1182-HZPIL,Male,0,No,Yes,11,Yes,No,No,No internet service,No internet service,No internet service,No internet service,No internet service,No internet service,One year,Yes,Electronic check,39.92,419.97,No
7274-DAPPU,Male,0,Yes,No,12,Yes,Yes,No,No internet service,No internet service,No internet service,No internet service,No internet service,No internet service,Month-to-month,Yes,Credit card (automatic),38.33,449.03,Yes
8186-EIROR,Male,1,Yes,No,26,Yes,No,Fiber optic,No,Yes,No,No,Yes,No,One year,Yes,Electronic check,104.53,2726.38,No
3545-TOLQL,Male,0,No,No,22,Yes,No,DSL,Yes,No,No,Yes,No,Yes,Month-to-month,No,Credit card (automatic),94.27,2092.44,No
1203-HMIHS,Male,0,No,No,22,Yes,No,DSL,No,Yes,No,No,No,Yes,Month-to-month,Yes,Electronic check,69.66,1558.26,No
3952-JPVXA,Female,1,Yes,No,6,Yes,No,Fiber optic,No,No,Yes,Yes,Yes,No,Month-to-month,No,Electronic check,110.81,688.78,Yes
1789-HIDHO,Female,1,No,No,55,Yes,No,DSL,Yes,No,No,No,Yes,Yes,Two year,No,Electronic check,81.97,4509.78,No
9103-TZPNQ,Male,1,Yes,No,65,Yes,Yes,Fiber optic,No,No,Yes,No,No,No,Two year,No,Electronic check,91.53,5934.47,No
9318-ZEMHK,Male,0,No,No,8,Yes,No,DSL,No,No,Yes,No,No,No,One year,No,Credit card (automatic),78.98,594.66,No
5937-TIMVN,Male,0,No,Yes,21,Yes,No,No,No internet service,No internet service,No internet service,No internet service,No internet service,No internet service,One year,Yes,Electronic check,39.41,828.48,No
8918-KTFKO,Male,0,No,Yes,22,Yes,Yes,DSL,Yes,No,Yes,Yes,No,No,One year,No,Bank transfer (automatic),75.67,1693.53,No
4990-BFTOO,Male,0,Yes,No,36,Yes,No,DSL,No,Yes,No,Yes,Yes,No,Month-to-month,No,Credit card (automatic),93.58,3371.48,Yes
4360-OAZTB,Male,1,Yes,No,19,Yes,No,DSL,No,No,No,No,No,No,Month-to-month,No,Bank transfer (automatic),58.84,1135.42,Yes
1459-MZMRB,Female,0,Yes,No,51,Yes,No,Fiber optic,Yes,Yes,Yes,No,No,Yes,Month-to-month,No,Credit card (automatic),120.0,6156.53,No
9174-OQYZG,Male,0,No,No,10,Yes,Yes,DSL,No,Yes,Yes,No,No,No,Month-to-month,Yes,Electronic check,90.62,902.94,Yes
8480-ZCPLK,Male,0,No,No,43,Yes,No,Fiber optic,No,Yes,Yes,No,Yes,No,Two year,No,Bank transfer (automatic),102.15,4356.75,No
1525-WYVCA,Male,0,No,No,35,Yes,Yes,No,No internet service,No internet service,No internet service,No internet service,No internet service,No internet service,One year,No,Mailed check,38.17,1353.39,No
3792-KIBFV,Female,1,No,No,9,Yes,Yes,No,No internet service,No internet service,No internet service,No internet service,No internet service,No internet service,One year,No,Credit card (automatic),34.86,281.54,No
4691-KZREQ,Male,0,Yes,No,20,Yes,No,Fiber optic,No,No,Yes,No,No,No,Two year,No,Bank transfer (automatic),96.43,1906.97,No
6552-NJGYB,Male,0,Yes,No,10,Yes,No,No,No internet service,No internet service,No internet service,No internet service,No internet service,No internet service,One year,No,Bank transfer (automatic),44.21,455.99,No
7803-FWJRM,Male,0,No,No,72,Yes,No,DSL,No,Yes,No,No,No,Yes,One year,No,Mailed check,81.31,5835.23,No
2434-EHPSJ,Male,0,No,No,23,Yes,Yes,No,No internet service,No internet service,No internet service,No internet service,No internet service,No internet service,Two year,Yes,Bank transfer (automatic),46.44,1022.03,No
5622-RMEAX,Male,0,Yes,No,18,Yes,No,DSL,No,No,No,No,No,Yes,Month-to-month,No,Credit card (automatic),73.94,1309.43,Yes
4697-HGEBZ,Female,1,No,Yes,5,No,No phone service,Fiber optic,No,No,Yes,No,No,Yes,Month-to-month,Yes,Electronic check,91.46,459.72,Yes
8590-FZCLG,Male,0,No,No,33,Yes,Yes,No,No internet service,No internet service,No internet service,No internet service,No internet service,No internet service,One year,No,Electronic check,47.33,1564.6,No
3936-MDJBZ,Male,0,Yes,Yes,20,Yes,No,Fiber optic,No,No,No,Yes,Yes,No,Month-to-month,Yes,Electronic check,97.66,1953.29,No
8266-OBRKU,Female,0,Yes,No,43,No,No phone service,DSL,No,Yes,No,No,Yes,Yes,One year,Yes,Credit card (automatic),55.84,2437.9,No
8151-ERWMZ,Male,0,No,No,72,Yes,No,DSL,Yes,Yes,Yes,No,No,No,Two year,Yes,Mailed check,85.67,6175.95,No
7577-OFDJG,Male,0,Yes,No,47,Yes,No,No,No internet service,No internet service,No internet service,No internet service,No internet service,No internet service,Two year,No,Electronic check,39.94,1872.8,No
8589-OESGD,Male,0,Yes,No,11,Yes,Yes,No,No internet service,No internet service,No internet service,No internet service,No internet service,No internet service,Month-to-month,Yes,Credit card (automatic),40.19,444.31,No
5542-UMTBV,Female,0,No,No,18,Yes,Yes,Fiber optic,No,No,Yes,No,Yes,Yes,Month-to-month,No,Electronic check,108.72,1979.64,Yes
6328-XSKNG,Female,0,No,Yes,8,Yes,Yes,DSL,No,No,No,No,No,No,Two year,Yes,Credit card (automatic),63.59,509.71,No
1180-KQGUU,Female,1,Yes,No,15,Yes,No,DSL,Yes,No,No,Yes,No,Yes,Two year,No,Credit card (automatic),83.69,1276.78,No
3729-DSAHX,Female,1,Yes,Yes,53,Yes,Yes,DSL,No,Yes,No,No,No,Yes,Month-to-month,Yes,Mailed check,76.48,4072.63,Yes
7351-CSUVU,Female,0,No,Yes,16,Yes,No,Fiber optic,No,No,Yes,Yes,No,Yes,Two year,Yes,Electronic check,98.42,1579.79,No
5625-NPWFV,Female,0,Yes,No,43,Yes,Yes,Fiber optic,Yes,No,No,Yes,No,No,Two year,Yes,Mailed check,99.73,4300.85,No
6670-VBMCT,Female,0,No,No,17,Yes,Yes,DSL,No,Yes,No,No,Yes,Yes,Month-to-month,Yes,Mailed check,89.8,1548.66,Yes
8718-ZOPTG,Female,0,No,No,46,No,No phone service,Fiber optic,No,No,No,No,Yes,No,Month-to-month,No,Electronic check,79.56,3621.69,No
5975-YYKZW,Female,0,Yes,No,11,Yes,No,DSL,No,Yes,No,No,No,Yes,Two year,Yes,Bank transfer (automatic),80.18,886.71,No
7457-EMHQD,Male,0,No,No,9,Yes,Yes,DSL,Yes,No,Yes,Yes,No,Yes,One year,No,Electronic check,96.06,852.7,Yes
8471-HTTAT,Male,0,Yes,No,72,Yes,No,Fiber optic,No,No,No,No,No,No,One year,No,Credit card (automatic),89.16,6439.55,No
6002-PTYNM,Female,1,No,No,12,Yes,No,Fiber optic,No,No,No,Yes,No,Yes,Two year,Yes,Bank transfer (automatic),101.83,1204.06,Yes
2228-FTEQZ,Male,1,No,Yes,54,Yes,No,DSL,No,No,Yes,No,Yes,No,Two year,No,Electronic check,72.48,3952.98,No
8181-MGTCZ,Male,0,Yes,No,38,Yes,Yes,Fiber optic,No,No,Yes,Yes,Yes,No,Month-to-month,No,Bank transfer (automatic),118.95,4539.64,Yes
7884-PRZTQ,Female,0,Yes,No,14,Yes,No,DSL,No,No,No,No,No,Yes,Month-to-month,Yes,Mailed check,74.89,1045.22,Yes
7505-LVBBT,Female,0,No,No,14,Yes,Yes,DSL,Yes,Yes,No,No,Yes,No,Two year,Yes,Electronic check,85.52,1204.63,No
6240-QSRNG,Female,0,Yes,No,21,Yes,Yes,No,No internet service,No internet service,No internet service,No internet service,No internet service,No internet service,Month-to-month,Yes,Electronic check,47.19,1020.37,No
6996-WISZK,Male,0,Yes,No,55,Yes,No,DSL,Yes,No,No,No,No,Yes,Month-to-month,Yes,Electronic check,80.66,4439.28,No
8108-BUXLF,Male,0,Yes,No,18,Yes,No,Fiber optic,No,No,No,No,Yes,Yes,Two year,Yes,Bank transfer (automatic),105.42,1877.75,No
1261-OZLOR,Male,0,Yes,No,43,Yes,Yes,DSL,No,Yes,Yes,No,Yes,Yes,Two year,Yes,Electronic check,90.53,3859.52,No
6726-YCOXB,Male,0,No,No,35,No,No phone service,Fiber optic,No,Yes,Yes,No,Yes,No,Month-to-month,Yes,Electronic check,94.03,3297.31,No
6967-MYAMH,Female,0,Yes,No,35,Yes,No,DSL,Yes,No,No,No,No,No,Month-to-month,Yes,Credit card (automatic),74.14,2583.84,No
8049-WNOZP,Male,0,Yes,No,72,No,No phone service,DSL,No,No,No,Yes,No,No,Two year,Yes,Electronic check,48.33,3485.78,No
2494-HVIYS,Male,0,Yes,No,40,Yes,Yes,Fiber optic,No,No,No,Yes,No,No,Month-to-month,No,Electronic check,97.02,3876.68,No
6809-PELKB,Male,0,No,No,35,Yes,No,No,No internet service,No internet service,No internet service,No internet service,No internet service,No internet service,Month-to-month,Yes,Mailed check,34.2,1218.36,No
8243-MNRZO,Female,0,No,Yes,5,Yes,No,DSL,No,No,No,No,Yes,Yes,Two year,Yes,Credit card (automatic),84.04,460.54,No
3949-OPXBL,Male,0,No,Yes,65,Yes,Yes,Fiber optic,No,No,No,No,No,Yes,Two year,Yes,Bank transfer (automatic),90.52,5892.31,No
3454-RINFU,Male,0,No,No,47,Yes,Yes,Fiber optic,No,Yes,No,No,No,Yes,Month-to-month,Yes,Electronic check,113.03,5329.19,Yes
6866-YWSQG,Female,0,No,Yes,34,Yes,No,Fiber optic,Yes,No,No,No,Yes,No,One year,Yes,Mailed check,104.46,3575.66,No
4874-GVMUG,Female,0,Yes,No,21,Yes,No,No,No internet service,No internet service,No internet service,No internet service,No internet service,No internet service,Month-to-month,No,Bank transfer (automatic),41.53,887.85,No
1889-GQNFB,Male,0,Yes,Yes,5,Yes,No,Fiber optic,Yes,No,No,No,No,No,Month-to-month,Yes,Electronic check,89.28,476.86,Yes
6040-XOZPU,Female,0,Yes,Yes,40,Yes,Yes,No,No internet service,No internet service,No internet service,No internet service,No internet service,No internet service,Two year,No,Electronic check,38.22,1506.87,No
7661-AZSJW,Female,0,Yes,No,27,Yes,Yes,No,No internet service,No internet service,No internet service,No internet service,No internet service,No internet service,Month-to-month,Yes,Bank transfer (automatic),38.73,1058.55,No
8525-CKQZG,Male,0,No,No,72,Yes,Yes,No,No internet service,No internet service,No internet service,No internet service,No internet service,No internet service,One year,Yes,Mailed check,30.05,2194.53,No
3025-XQRGF,Male,0,Yes,No,43,No,No phone service,DSL,No,No,No,No,No,No,Month-to-month,No,Electronic check,43.99,1847.9,No
8311-IOJGL,Female,0,No,Yes,30,Yes,Yes,Fiber optic,No,Yes,No,No,No,No,Month-to-month,No,Bank transfer (automatic),96.49,2897.26,Yes
5146-ZCXQI,Male,0,Yes,Yes,72,Yes,Yes,DSL,No,No,Yes,No,Yes,Yes,Month-to-month,No,Electronic check,87.69,6303.52,Yes
3331-LDOSW,Female,0,Yes,Yes,27,Yes,No,DSL,No,No,No,No,No,No,Month-to-month,No,Mailed check,64.08,1707.45,Yes
1748-RPEWG,Female,0,Yes,No,72,Yes,Yes,Fiber optic,No,No,No,Yes,No,No,One year,Yes,Credit card (automatic),93.25,6706.25,No
7838-FHPKS,Female,0,Yes,Yes,4,Yes,No,Fiber optic,No,Yes,No,No,Yes,No,Two year,No,Electronic check,112.72,433.17,No
1046-GFLNO,Female,0,Yes,No,72,Yes,No,Fiber optic,No,No,No,No,No,Yes,Two year,No,Bank transfer (automatic),99.04,7103.67,No
7032-MHAKA,Male,0,No,Yes,55,No,No phone service,DSL,Yes,No,No,No,Yes,No,Month-to-month,Yes,Mailed check,61.2,3367.59,No
7361-QMMRU,Female,0,No,No,13,Yes,No,DSL,No,Yes,No,No,No,No,Month-to-month,No,Credit card (automatic),75.22,990.8,Yes
3305-YFRQB,Female,0,No,No,72,Yes,Yes,DSL,No,Yes,No,Yes,No,No,Month-to-month,Yes,Bank transfer (automatic),77.76,5625.47,No
4046-XVDHE,Male,0,No,No,3,Yes,No,No,No internet service,No internet service,No internet service,No internet service,No internet service,No internet service,One year,No,Mailed check,32.77,111.0,Yes
3148-JDLBJ,Female,0,No,Yes,9,Yes,No,No,No internet service,No internet service,No internet service,No internet service,No internet service,No internet service,Two year,No,Mailed check,35.36,311.36,No
5363-JFLMB,Male,0,No,Yes,39,Yes,No,DSL,Yes,Yes,No,No,No,No,Two year,Yes,Mailed check,89.49,3515.21,No
2893-VNJCL,Male,0,Yes,No,65,Yes,Yes,DSL,Yes,Yes,Yes,Yes,No,No,Month-to-month,Yes,Credit card (automatic),89.56,5821.75,No
4292-MZTKE,Male,0,Yes,No,34,Yes,Yes,DSL,Yes,No,Yes,No,No,No,One year,No,Bank transfer (automatic),83.65,2831.93,No
8519-JGPOJ,Male,0,Yes,No,6,Yes,No,Fiber optic,No,Yes,No,No,No,No,Month-to-month,Yes,Bank transfer (automatic),102.75,635.49,No
5739-XTYBD,Female,0,No,No,14,Yes,No,DSL,No,No,Yes,Yes,No,No,Month-to-month,No,Credit card (automatic),83.64,1202.53,Yes
1073-KOBKB,Male,0,No,Yes,18,Yes,Yes,Fiber optic,Yes,Yes,No,Yes,Yes,No,Month-to-month,Yes,Electronic check,120.0,2142.6,Yes
5238-NLRBL,Male,1,No,No,37,Yes,No,No,No internet service,No internet service,No internet service,No internet service,No internet service,No internet service,Month-to-month,Yes,Mailed check,32.19,1178.64,No
7404-TTFCA,Female,0,No,Yes,25,Yes,No,Fiber optic,No,No,Yes,No,No,No,Month-to-month,Yes,Credit card (automatic),95.1,2401.86,No
4205-MCRPH,Female,0,Yes,Yes,62,Yes,Yes,Fiber optic,Yes,Yes,Yes,No,Yes,No,Month-to-month,No,Credit card (automatic),113.11,7029.07,No
9781-TAAFY,Male,0,No,No,5,No,No phone service,Fiber optic,Yes,No,No,Yes,Yes,No,One year,No,Electronic check,87.72,451.31,Yes
7880-XQTWB,Male,0,No,No,43,Yes,No,DSL,No,Yes,No,No,No,Yes,Month-to-month,No,Mailed check,77.97,3379.77,No
2769-YNKMN,Female,0,No,No,9,Yes,No,Fiber optic,No,No,No,No,No,No,Month-to-month,No,Electronic check,90.18,842.61,No
3623-OQUHA,Female,0,Yes,No,72,Yes,Yes,Fiber optic,Yes,No,No,No,No,No,Month-to-month,No,Bank transfer (automatic),96.98,6985.87,No
4486-YDITZ,Female,0,Yes,No,43,No,No phone service,DSL,No,No,Yes,No,Yes,Yes,Month-to-month,Yes,Bank transfer (automatic),71.28,3110.71,Yes
3912-GSCTR,Female,0,Yes,No,25,Yes,Yes,DSL,Yes,Yes,No,No,No,No,Month-to-month,Yes,Bank transfer (automatic),72.01,1851.11,No
4254-FHESB,Male,0,No,Yes,20,Yes,No,Fiber optic,Yes,Yes,Yes,No,No,Yes,Month-to-month,Yes,Credit card (automatic),120.0,2395.58,Yes
3163-HJKYR,Female,0,Yes,Yes,36,Yes,No,No,No internet service,No internet service,No internet service,No internet service,No internet service,No internet service,Month-to-month,Yes,Electronic check,36.8,1337.04,No
2250-UMTZB,Male,0,Yes,No,61,No,No phone service,DSL,No,Yes,Yes,No,No,No,Two year,Yes,Credit card (automatic),58.16,3535.49,No
5337-BAUYZ,Male,0,No,Yes,35,Yes,Yes,DSL,No,Yes,Yes,No,No,No,Month-to-month,No,Mailed check,76.35,2690.07,Yes
9551-GUNQU,Female,0,No,No,24,Yes,No,DSL,No,No,No,No,No,No,Two year,Yes,Electronic check,56.49,1330.69,No
5564-ISCPJ,Female,1,No,No,12,Yes,No,DSL,No,No,No,No,Yes,No,Month-to-month,Yes,Credit card (automatic),73.91,869.33,Yes
5396-KPUCO,Male,0,No,No,24,Yes,No,Fiber optic,No,No,No,No,No,No,One year,No,Credit card (automatic),82.47,1982.72,No
5863-HYIZG,Male,0,No,Yes,61,Yes,No,DSL,No,No,Yes,No,No,No,Month-to-month,No,Credit card (automatic),70.77,4328.69,No
1337-YFIHF,Female,1,Yes,No,48,Yes,No,DSL,Yes,No,No,No,No,No,Two year,Yes,Credit card (automatic),78.34,3747.38,No
2281-KNTXD,Male,0,No,No,67,Yes,No,No,No internet service,No internet service,No internet service,No internet service,No internet service,No internet service,Month-to-month,No,Electronic check,37.56,2484.15,No
3455-RCRMY,Female,0,Yes,No,11,Yes,No,DSL,Yes,Yes,Yes,No,No,Yes,Two year,No,Electronic check,94.37,1061.81,No
4986-THMRV,Male,1,Yes,Yes,5,Yes,Yes,DSL,No,No,No,No,No,Yes,Month-to-month,Yes,Electronic check,67.69,331.04,Yes
1022-NVRHB,Female,0,No,No,45,Yes,No,Fiber optic,No,No,No,No,Yes,Yes,One year,No,Electronic check,104.92,4726.73,No
9105-YZJCJ,Male,0,No,No,7,Yes,No,No,No internet service,No internet service,No internet service,No internet service,No internet service,No internet service,Month-to-month,Yes,Credit card (automatic),49.8,345.46,No
4849-PZMNW,Male,0,No,No,67,Yes,Yes,No,No internet service,No internet service,No internet service,No internet service,No internet service,No internet service,Month-to-month,Yes,Mailed check,42.55,2878.17,No
1431-IKDWG,Male,0,No,No,46,Yes,No,Fiber optic,No,No,Yes,Yes,No,No,Month-to-month,No,Electronic check,107.65,4929.75,Yes
6327-UWVWO,Female,0,No,No,34,Yes,Yes,Fiber optic,No,No,Yes,No,No,No,Month-to-month,No,Bank transfer (automatic),96.77,3300.43,Yes
3186-ANNZC,Female,0,Yes,No,10,Yes,No,Fiber optic,Yes,No,No,No,No,Yes,Month-to-month,No,Bank transfer (automatic),113.24,1171.94,Yes
4857-WMAMN,Female,1,Yes,No,27,Yes,No,Fiber optic,No,Yes,No,No,Yes,Yes,One year,Yes,Mailed check,105.65,2848.19,No
6759-IXTVW,Female,0,Yes,Yes,24,Yes,Yes,No,No internet service,No internet service,No internet service,No internet service,No internet service,No internet service,Month-to-month,Yes,Credit card (automatic),43.76,1048.64,No
6351-AAYRI,Male,0,Yes,Yes,35,Yes,No,No,No internet service,No internet service,No internet service,No internet service,No internet service,No internet service,One year,Yes,Mailed check,41.64,1453.41,No
2232-KIIOV,Female,1,Yes,No,72,Yes,No,Fiber optic,Yes,No,No,Yes,Yes,No,Month-to-month,Yes,Bank transfer (automatic),105.19,7560.6,No
2471-YYBZW,Female,0,No,No,11,Yes,No,No,No internet service,No internet service,No internet service,No internet service,No internet service,No internet service,One year,Yes,Electronic check,41.72,447.89,No
4177-OWLYG,Female,0,Yes,Yes,21,Yes,Yes,Fiber optic,Yes,Yes,Yes,No,No,Yes,Two year,No,Bank transfer (automatic),111.01,2341.93,No
1034-OAXJT,Female,0,No,Yes,25,Yes,No,Fiber optic,No,Yes,No,Yes,No,Yes,Month-to-month,Yes,Mailed check,120.0,3007.27,Yes
7948-KIKCM,Female,0,No,Yes,69,No,No phone service,Fiber optic,No,No,Yes,No,Yes,No,Two year,No,Bank transfer (automatic),80.16,5531.82,No
3013-PSQDD,Female,1,Yes,Yes,29,Yes,No,Fiber optic,Yes,Yes,No,No,Yes,No,Month-to-month,No,Electronic check,111.12,3199.95,Yes
2653-JIQHL,Female,0,No,Yes,43,Yes,No,Fiber optic,No,No,No,No,No,No,Month-to-month,No,Mailed check,94.26,4022.43,No
7710-SDDVL,Male,0,Yes,No,72,Yes,Yes,Fiber optic,Yes,Yes,No,Yes,Yes,No,Two year,No,Electronic check,114.24,8222.41,No
3166-AIZOA,Female,0,No,Yes,34,Yes,No,No,No internet service,No internet service,No internet service,No internet service,No internet service,No internet service,One year,No,Credit card (automatic),34.47,1186.44,No
4074-GBZDO,Male,0,No,No,21,Yes,No,Fiber optic,No,Yes,No,No,No,Yes,Month-to-month,Yes,Mailed check,97.16,2033.08,Yes
2071-USBHI,Female,0,Yes,No,63,Yes,No,Fiber optic,Yes,No,Yes,No,No,No,Month-to-month,No,Electronic check,110.89,7002.55,Yes
4454-BMMFW,Male,1,Yes,Yes,72,Yes,No,DSL,No,No,Yes,No,Yes,No,One year,No,Bank transfer (automatic),82.44,5943.68,No
7761-ZIEQX,Female,0,No,No,41,Yes,No,Fiber optic,No,No,No,No,No,No,Month-to-month,Yes,Credit card (automatic),89.94,3643.34,No
7478-FXAOV,Male,0,Yes,No,15,No,No phone service,Fiber optic,No,No,Yes,No,No,No,Two year,No,Bank transfer (automatic),74.94,1099.05,Yes
6635-TZNTG,Female,0,No,Yes,19,Yes,No,No,No internet service,No internet service,No internet service,No internet service,No internet service,No internet service,Two year,No,Credit card (automatic),42.44,796.08,No
2438-BPFKO,Male,0,Yes,No,72,Yes,No,No,No internet service,No internet service,No internet service,No internet service,No internet service,No internet service,Month-to-month,Yes,Credit card (automatic),39.38,2833.12,No
3038-KULIR,Male,0,No,No,46,Yes,Yes,Fiber optic,Yes,Yes,No,No,No,No,Month-to-month,No,Credit card (automatic),104.69,4805.66,Yes
3231-TYUNZ,Female,0,Yes,Yes,22,No,No phone service,Fiber optic,No,No,Yes,Yes,Yes,Yes,One year,No,Mailed check,98.13,2184.69,No
1902-FNPFY,Female,0,Yes,No,5,Yes,No,DSL,No,No,Yes,No,No,No,One year,Yes,Mailed check,71.06,379.45,Yes
3348-REMVH,Male,0,Yes,No,47,Yes,No,No,No internet service,No internet service,No internet service,No internet service,No internet service,No internet service,Month-to-month,Yes,Electronic check,42.3,2005.72,No
7401-TBVDP,Male,0,Yes,Yes,41,Yes,Yes,Fiber optic,Yes,No,No,Yes,No,No,Two year,Yes,Credit card (automatic),106.33,4314.31,Yes
4204-BKDAJ,Female,0,No,No,46,Yes,No,DSL,No,No,No,No,Yes,No,One year,No,Credit card (automatic),77.82,3588.07,No
6699-WWOVB,Female,0,No,Yes,14,Yes,No,No,No internet service,No internet service,No internet service,No internet service,No internet service,No internet service,Month-to-month,Yes,Electronic check,36.94,518.81,No
1780-KSWPL,Male,0,Yes,Yes,21,Yes,No,Fiber optic,No,No,No,Yes,Yes,No,Month-to-month,No,Bank transfer (automatic),109.4,2312.68,No
1996-RTLPI,Female,0,Yes,Yes,58,No,No phone service,Fiber optic,No,Yes,No,Yes,No,Yes,One year,No,Electronic check,96.54,5596.05,No
3476-FMPUY,Male,0,Yes,No,2,Yes,No,DSL,No,No,Yes,Yes,Yes,Yes,One year,Yes,Credit card (automatic),97.18,199.35,No
9764-ABOCF,Female,0,No,No,21,Yes,No,DSL,No,No,Yes,Yes,Yes,No,Month-to-month,Yes,Electronic check,83.91,1769.82,No
1640-XBOHR,Male,1,No,No,7,Yes,No,Fiber optic,No,Yes,No,No,No,No,Month-to-month,No,Bank transfer (automatic),92.63,648.21,Yes
9258-NZQPS,Male,1,No,No,12,Yes,No,DSL,No,No,No,Yes,No,Yes,Month-to-month,Yes,Mailed check,85.1,1015.83,Yes
9085-OBQXT,Male,0,No,No,52,No,No phone service,Fiber optic,No,No,Yes,Yes,No,No,Month-to-month,Yes,Electronic check,80.98,4191.91,Yes
2324-KTAAC,Female,0,Yes,Yes,24,Yes,Yes,Fiber optic,Yes,Yes,Yes,Yes,Yes,No,One year,Yes,Credit card (automatic),120.0,2877.53,No
8130-NPOHV,Female,0,Yes,No,10,Yes,No,DSL,Yes,No,No,No,Yes,Yes,Month-to-month,Yes,Mailed check,86.7,834.64,No
2138-HVOXN,Male,0,No,No,39,Yes,No,Fiber optic,No,No,Yes,No,No,Yes,Two year,Yes,Mailed check,108.54,4248.63,No
2040-GRPPP,Female,1,Yes,No,17,Yes,Yes,No,No internet service,No internet service,No internet service,No internet service,No internet service,No internet service,Month-to-month,Yes,Electronic check,34.62,588.77,Yes
5971-EYMYO,Female,0,Yes,No,23,No,No phone service,Fiber optic,Yes,Yes,No,Yes,Yes,Yes,Two year,Yes,Mailed check,109.36,2522.1,No
6732-TDYJH,Female,0,Yes,No,31,Yes,Yes,DSL,No,No,No,No,Yes,No,Two year,Yes,Electronic check,75.98,2329.06,No
1366-WOLMR,Female,0,No,No,67,Yes,No,Fiber optic,No,Yes,Yes,Yes,No,No,Month-to-month,No,Mailed check,106.7,7129.4,No
6694-FYNFM,Male,0,No,No,31,Yes,Yes,Fiber optic,No,No,No,No,No,No,Two year,Yes,Bank transfer (automatic),94.41,2903.32,No
1386-NBURN,Male,0,No,No,20,Yes,No,DSL,Yes,Yes,No,No,No,Yes,One year,Yes,Electronic check,87.77,1695.61,Yes
8792-PVZJG,Female,0,Yes,No,37,Yes,No,Fiber optic,No,No,Yes,No,No,No,Two year,No,Credit card (automatic),96.85,3570.85,No
5049-MDUBD,Male,0,Yes,No,39,Yes,No,DSL,No,Yes,No,No,No,No,Month-to-month,Yes,Electronic check,67.39,2585.44,No
4182-MTBSA,Male,0,Yes,Yes,18,Yes,No,DSL,Yes,No,No,Yes,Yes,Yes,Two year,No,Bank transfer (automatic),85.75,1558.99,No
6531-HNFLE,Male,0,No,Yes,24,Yes,No,DSL,Yes,No,Yes,No,Yes,No,Month-to-month,No,Credit card (automatic),80.66,1942.17,No
2000-XVXZM,Female,0,Yes,Yes,26,Yes,No,No,No internet service,No internet service,No internet service,No internet service,No internet service,No internet service,Month-to-month,Yes,Credit card (automatic),38.35,1043.08,No
4523-ONFGM,Female,0,No,No,59,Yes,No,Fiber optic,No,No,No,No,Yes,Yes,Two year,Yes,Bank transfer (automatic),103.51,6097.36,No
1000-CPZAQ,Female,0,No,Yes,2,Yes,No,DSL,Yes,No,No,No,No,No,Two year,No,Electronic check,66.31,133.44,No
5683-ITHRI,Male,0,No,No,36,No,No phone service,DSL,Yes,No,No,No,Yes,Yes,Month-to-month,Yes,Mailed check,73.64,2665.31,Yes
8953-YIVGV,Male,0,No,No,49,Yes,No,Fiber optic,Yes,No,No,No,Yes,No,Month-to-month,Yes,Bank transfer (automatic),101.1,4944.81,No
6163-AJKXV,Female,0,Yes,No,58,Yes,No,DSL,No,No,No,Yes,Yes,No,Two year,Yes,Bank transfer (automatic),83.48,4859.95,No
1130-MHSCZ,Male,0,No,No,6,No,No phone service,No,No internet service,No internet service,No internet service,No internet service,No internet service,No internet service,Month-to-month,No,Mailed check,24.48,158.48,No
5345-MQFIU,Female,0,Yes,Yes,6,No,No phone service,Fiber optic,No,No,No,Yes,Yes,No,Month-to-month,Yes,Credit card (automatic),81.81,513.04,No
1946-MGDPN,Male,0,No,No,16,No,No phone service,No,No internet service,No internet service,No internet service,No internet service,No internet service,No internet service,Month-to-month,No,Mailed check,19.03,284.29,Yes
3460-BFFKF,Male,0,No,No,44,Yes,No,DSL,No,No,No,No,No,Yes,Month-to-month,No,Credit card (automatic),68.29,2995.16,Yes
5046-USRRW,Male,0,No,No,53,Yes,No,DSL,No,No,No,No,No,No,Month-to-month,No,Credit card (automatic),61.4,3243.78,No
5066-VPTIC,Female,0,Yes,No,5,Yes,No,No,No internet service,No internet service,No internet service,No internet service,No internet service,No internet service,One year,Yes,Bank transfer (automatic),35.24,169.25,No
4061-BHODO,Female,1,No,No,32,Yes,Yes,Fiber optic,No,No,No,No,No,No,Month-to-month,Yes,Electronic check,90.36,2859.07,Yes
6497-RATWF,Male,0,No,No,51,Yes,No,Fiber optic,No,Yes,No,No,No,No,One year,Yes,Bank transfer (automatic),95.63,4890.39,No
9065-DZPDT,Female,0,No,No,19,Yes,No,DSL,No,Yes,Yes,Yes,Yes,No,Month-to-month,No,Bank transfer (automatic),97.56,1859.33,No
7877-SYIMY,Female,0,No,No,34,Yes,Yes,DSL,Yes,No,Yes,Yes,No,Yes,Two year,No,Bank transfer (automatic),99.39,3409.47,No
9610-IJUQX,Female,0,No,No,9,Yes,No,DSL,No,Yes,No,No,Yes,No,Month-to-month,Yes,Mailed check,79.34,680.65,Yes
3942-ESDAX,Female,0,Yes,No,41,Yes,Yes,DSL,No,No,No,Yes,Yes,No,One year,Yes,Electronic check,71.83,2967.51,No
5954-SNQRP,Male,0,Yes,No,23,Yes,No,Fiber optic,Yes,No,No,Yes,No,No,Two year,No,Bank transfer (automatic),102.33,2347.64,No
8193-ESZWM,Female,0,Yes,No,21,Yes,No,No,No internet service,No internet service,No internet service,No internet service,No internet service,No internet service,Two year,Yes,Bank transfer (automatic),38.38,805.04,No
4562-ECJQF,Female,0,No,No,33,Yes,Yes,No,No internet service,No internet service,No internet service,No internet service,No internet service,No internet service,Month-to-month,No,Credit card (automatic),36.99,1221.54,Yes
1041-QKKMV,Male,1,No,Yes,4,Yes,No,Fiber optic,No,No,Yes,Yes,Yes,No,Two year,Yes,Mailed check,116.8,493.05,No
5750-DPDSJ,Male,0,Yes,Yes,16,Yes,No,DSL,No,No,Yes,Yes,Yes,Yes,Month-to-month,No,Electronic check,97.82,1569.75,Yes
9698-YIDNV,Female,0,Yes,No,51,Yes,No,No,No internet service,No internet service,No internet service,No internet service,No internet service,No internet service,Month-to-month,Yes,Bank transfer (automatic),42.6,2173.61,No
9988-LKZEE,Female,0,No,No,5,Yes,No,Fiber optic,No,No,No,No,No,Yes,Two year,Yes,Credit card (automatic),94.65,464.09,No
3962-DVAZH,Male,0,No,No,6,Yes,No,Fiber optic,Yes,Yes,Yes,Yes,No,Yes,Month-to-month,Yes,Electronic check,120.0,729.19,No
4114-CZATS,Male,0,No,Yes,18,No,No phone service,DSL,Yes,No,No,Yes,Yes,No,Month-to-month,Yes,Electronic check,77.73,1378.59,No
7337-YUKMJ,Female,0,Yes,No,26,Yes,No,DSL,No,No,Yes,Yes,Yes,No,Two year,Yes,Credit card (automatic),85.32,2266.76,No
2102-IJZJJ,Male,0,No,No,31,Yes,No,DSL,Yes,Yes,No,No,Yes,No,Month-to-month,Yes,Electronic check,78.92,2420.06,Yes
1832-WVWUD,Male,0,Yes,No,72,Yes,Yes,DSL,No,No,No,No,No,No,Two year,Yes,Mailed check,59.56,4265.51,No
6072-GWESI,Female,1,Yes,No,32,Yes,No,Fiber optic,No,No,No,No,Yes,No,One year,Yes,Credit card (automatic),99.06,3154.59,Yes
3405-ZHULX,Female,1,No,Yes,35,Yes,No,Fiber optic,Yes,No,No,No,No,No,Month-to-month,Yes,Credit card (automatic),96.2,3363.83,No
1414-PVDXI,Male,0,Yes,No,58,Yes,No,DSL,Yes,No,Yes,No,No,No,Month-to-month,No,Electronic check,79.35,4562.0,No
4384-ETBGA,Male,0,No,No,13,Yes,No,DSL,No,No,Yes,No,No,No,Month-to-month,No,Credit card (automatic),66.76,853.78,No
4666-CNWMQ,Male,0,Yes,No,36,Yes,Yes,Fiber optic,No,No,No,Yes,Yes,No,Two year,Yes,Credit card (automatic),105.25,3777.47,No
9048-JGMKQ,Male,1,Yes,Yes,43,Yes,No,Fiber optic,No,No,No,No,No,No,Two year,Yes,Credit card (automatic),89.51,3851.6,No
3069-KARSP,Female,0,No,No,39,Yes,No,Fiber optic,No,No,No,No,No,No,Month-to-month,Yes,Mailed check,86.57,3355.7,No
9816-YHTBT,Male,0,Yes,Yes,31,Yes,No,DSL,Yes,No,No,No,No,No,One year,No,Bank transfer (automatic),74.19,2326.64,No
7994-EQQAN,Male,0,Yes,No,30,Yes,No,Fiber optic,Yes,No,No,No,No,Yes,Month-to-month,No,Mailed check,93.28,2782.63,No
3369-VEDAA,Male,0,Yes,No,10,Yes,No,Fiber optic,No,No,No,No,No,Yes,One year,No,Mailed check,91.14,908.29,No
1738-TAXNO,Female,0,Yes,No,20,Yes,No,DSL,No,No,No,Yes,Yes,No,Month-to-month,No,Bank transfer (automatic),83.89,1664.31,No
7936-BDZHQ,Female,0,No,No,72,Yes,No,No,No internet service,No internet service,No internet service,No internet service,No internet service,No internet service,Month-to-month,No,Mailed check,50.36,3663.62,No
6886-CCAZD,Female,0,Yes,No,16,Yes,No,No,No internet service,No internet service,No internet service,No internet service,No internet service,No internet service,Month-to-month,Yes,Mailed check,41.77,647.22,Yes
9674-WXGBT,Male,0,No,Yes,27,Yes,No,Fiber optic,Yes,No,No,No,Yes,No,One year,Yes,Mailed check,104.93,2833.41,No
2650-DPSIB,Female,0,No,No,26,Yes,No,Fiber optic,No,No,No,No,No,No,Month-to-month,No,Electronic check,80.18,2067.16,Yes
4266-AXESH,Male,0,No,Yes,36,Yes,No,Fiber optic,No,No,No,Yes,Yes,No,Month-to-month,Yes,Credit card (automatic),102.64,3705.8,Yes
9175-ECOLC,Female,1,No,No,26,Yes,Yes,No,No internet service,No internet service,No internet service,No internet service,No internet service,No internet service,Two year,Yes,Credit card (automatic),40.87,1070.07,No
8713-ZWFNA,Female,0,No,No,23,Yes,Yes,DSL,Yes,No,No,No,No,No,Month-to-month,No,Mailed check,72.48,1656.15,Yes
6755-UTRRD,Female,0,No,Yes,50,Yes,No,DSL,Yes,No,Yes,No,No,Yes,Month-to-month,No,Bank transfer (automatic),86.77,4342.74,No
4320-NBVSE,Male,0,Yes,No,32,Yes,Yes,Fiber optic,No,Yes,Yes,No,Yes,No,Month-to-month,Yes,Credit card (automatic),108.94,3491.27,Yes
1533-XXMVY,Female,0,No,Yes,30,Yes,No,DSL,Yes,No,Yes,No,No,Yes,One year,Yes,Mailed check,75.35,2269.62,No
6118-DVCLE,Female,1,Yes,Yes,17,Yes,No,No,No internet service,No internet service,No internet service,No internet service,No internet service,No internet service,Month-to-month,Yes,Bank transfer (automatic),36.65,630.78,No
2776-EBOKQ,Female,0,No,No,20,Yes,Yes,No,No internet service,No internet service,No internet service,No internet service,No internet service,No internet service,Two year,Yes,Electronic check,37.91,764.93,No
5858-PQURZ,Male,1,No,Yes,33,Yes,No,No,No internet service,No internet service,No internet service,No internet service,No internet service,No internet service,Month-to-month,Yes,Credit card (automatic),40.56,1308.85,No
4212-ZFFCR,Female,0,Yes,Yes,54,Yes,No,DSL,No,No,Yes,No,No,No,Two year,No,Electronic check,67.92,3656.29,No
9625-COPOY,Female,0,Yes,No,66,Yes,No,DSL,No,Yes,Yes,Yes,Yes,No,Month-to-month,Yes,Credit card (automatic),77.3,5115.75,No
1002-HEMVB,Male,0,Yes,No,35,Yes,No,No,No internet service,No internet service,No internet service,No internet service,No internet service,No internet service,Two year,No,Mailed check,46.22,1614.52,No
6987-FOOLX,Female,0,Yes,No,72,Yes,No,Fiber optic,Yes,No,Yes,Yes,No,Yes,Month-to-month,Yes,Bank transfer (automatic),120.0,8623.72,No
7827-VVKOY,Male,0,No,No,22,Yes,No,Fiber optic,Yes,Yes,No,No,No,Yes,Month-to-month,Yes,Bank transfer (automatic),107.33,2358.15,Yes
7236-UAKTQ,Female,1,Yes,Yes,22,Yes,No,Fiber optic,Yes,No,No,No,No,Yes,Two year,Yes,Mailed check,96.7,2096.13,No
6183-OQSTP,Female,1,No,No,61,Yes,No,No,No internet service,No internet service,No internet service,No internet service,No internet service,No internet service,Month-to-month,No,Credit card (automatic),36.4,2236.79,No
1450-CFBIT,Male,0,No,No,31,No,No phone service,No,No internet service,No internet service,No internet service,No internet service,No internet service,No internet service,One year,No,Electronic check,18.25,588.7,No
5620-ZVRYL,Male,1,Yes,Yes,18,Yes,No,Fiber optic,Yes,Yes,No,No,No,No,One year,Yes,Electronic check,103.03,1840.27,Yes
2141-CAMBH,Female,1,Yes,No,27,Yes,No,Fiber optic,No,Yes,No,Yes,Yes,No,Month-to-month,Yes,Credit card (automatic),115.81,3132.73,Yes
2017-RYBEH,Male,0,Yes,No,11,Yes,No,No,No internet service,No internet service,No internet service,No internet service,No internet service,No internet service,Month-to-month,Yes,Electronic check,41.62,440.81,No
4727-CQVXK,Male,0,No,Yes,24,Yes,Yes,Fiber optic,No,No,No,No,Yes,Yes,Two year,Yes,Electronic check,96.66,2305.06,No
4536-HFFRO,Male,0,Yes,Yes,10,No,No phone service,Fiber optic,No,No,No,No,Yes,No,One year,Yes,Electronic check,73.13,762.56,No
5982-VRHTF,Female,0,Yes,No,11,Yes,Yes,No,No internet service,No internet service,No internet service,No internet service,No internet service,No internet service,Two year,Yes,Mailed check,39.81,437.56,No
9287-GRHBL,Female,0,No,No,33,Yes,No,No,No internet service,No internet service,No internet service,No internet service,No internet service,No internet service,Two year,No,Credit card (automatic),40.14,1319.29,No
1954-DDYAS,Female,1,No,Yes,3,Yes,No,No,No internet service,No internet service,No internet service,No internet service,No internet service,No internet service,Two year,No,Bank transfer (automatic),37.85,81.11,No
4926-OJDOL,Male,0,Yes,No,10,No,No phone service,Fiber optic,Yes,No,No,No,No,Yes,One year,No,Electronic check,82.19,844.49,No
6882-VUUAG,Male,0,No,Yes,14,Yes,Yes,Fiber optic,Yes,Yes,Yes,Yes,Yes,No,Month-to-month,No,Mailed check,120.0,1650.37,Yes
2358-MOGFQ,Female,0,No,No,20,Yes,Yes,No,No internet service,No internet service,No internet service,No internet service,No internet service,No internet service,Two year,No,Bank transfer (automatic),45.21,880.93,No
1227-ADUZJ,Female,0,No,Yes,41,Yes,No,DSL,Yes,Yes,Yes,No,Yes,No,Two year,Yes,Credit card (automatic),91.38,3710.86,No
2757-JAFLZ,Female,0,Yes,No,19,Yes,No,DSL,No,Yes,No,Yes,Yes,No,One year,Yes,Mailed check,92.45,1748.33,No
3733-WSIVR,Female,0,No,No,71,Yes,Yes,DSL,No,No,No,No,No,Yes,Two year,Yes,Mailed check,70.03,5004.15,No
3138-AKKUR,Female,0,Yes,No,16,Yes,Yes,Fiber optic,No,No,No,Yes,Yes,Yes,Month-to-month,Yes,Credit card (automatic),116.61,1858.12,No
1219-ETKVU,Male,0,Yes,Yes,3,Yes,No,Fiber optic,No,No,No,Yes,No,Yes,Month-to-month,Yes,Electronic check,110.96,325.21,No
2983-JUAOF,Male,0,Yes,No,11,Yes,No,Fiber optic,No,Yes,Yes,Yes,No,Yes,Month-to-month,Yes,Credit card (automatic),120.0,1316.05,No
3513-MDPRW,Female,0,No,No,32,Yes,No,Fiber optic,Yes,No,No,No,No,Yes,One year,No,Electronic check,97.18,3112.29,Yes
7824-FMZMK,Female,0,No,Yes,11,No,No phone service,No,No internet service,No internet service,No internet service,No internet service,No internet service,No internet service,Month-to-month,Yes,Mailed check,19.34,216.64,No
4897-EKQCN,Female,0,No,No,16,No,No phone service,DSL,No,No,No,No,No,No,Month-to-month,Yes,Electronic check,43.76,676.44,Yes
6624-DVRNA,Female,0,No,No,61,Yes,No,Fiber optic,No,Yes,Yes,No,Yes,Yes,One year,Yes,Credit card (automatic),117.42,7217.76,Yes
6082-YZXYU,Male,0,Yes,No,72,Yes,Yes,Fiber optic,Yes,Yes,Yes,Yes,No,No,Month-to-month,Yes,Mailed check,116.49,8405.48,No
1747-OXTMK,Male,0,Yes,No,7,Yes,No,No,No internet service,No internet service,No internet service,No internet service,No internet service,No internet service,Month-to-month,Yes,Credit card (automatic),45.47,329.91,No
8340-IQSPV,Female,0,No,No,22,Yes,No,DSL,No,Yes,No,Yes,No,Yes,Month-to-month,Yes,Credit card (automatic),78.66,1739.12,Yes
1428-FCEVB,Female,1,Yes,No,32,Yes,No,DSL,No,Yes,No,No,No,Yes,Month-to-month,No,Electronic check,86.2,2784.62,Yes
4702-AMOCN,Male,1,Yes,No,52,Yes,No,DSL,No,Yes,No,No,No,No,Month-to-month,No,Electronic check,64.06,3349.8,No
8015-UKHXK,Male,0,No,Yes,19,Yes,Yes,DSL,No,No,No,No,No,Yes,Month-to-month,No,Credit card (automatic),77.2,1456.52,Yes
5220-HISGM,Female,0,Yes,No,32,Yes,No,Fiber optic,No,No,Yes,No,No,Yes,Month-to-month,Yes,Mailed check,104.85,3355.84,No
4514-NNCGR,Female,0,Yes,Yes,58,Yes,Yes,No,No internet service,No internet service,No internet service,No internet service,No internet service,No internet service,Month-to-month,No,Credit card (automatic),44.82,2622.79,No
8444-IJITE,Female,1,No,No,27,Yes,Yes,Fiber optic,No,No,No,Yes,No,No,Two year,No,Bank transfer (automatic),88.53,2402.81,Yes
6855-GABPP,Male,0,No,Yes,1,Yes,No,No,No internet service,No internet service,No internet service,No internet service,No internet service,No internet service,Month-to-month,No,Bank transfer (automatic),37.56,53.39,No
9041-VYIVA,Female,0,No,No,22,Yes,No,Fiber optic,No,No,No,No,No,No,Month-to-month,Yes,Mailed check,88.81,1964.24,No
6939-MCOJQ,Female,0,Yes,No,13,Yes,No,Fiber optic,Yes,Yes,No,No,No,Yes,Two year,No,Bank transfer (automatic),114.69,1474.75,No
6345-IFDJJ,Female,0,No,No,14,Yes,No,DSL,Yes,No,No,No,No,No,Month-to-month,Yes,Credit card (automatic),78.81,1095.64,Yes
2431-XYKTZ,Female,0,No,Yes,15,No,No phone service,No,No internet service,No internet service,No internet service,No internet service,No internet service,No internet service,Month-to-month,Yes,Bank transfer (automatic),18.8,304.78,Yes
2806-SILVL,Male,0,Yes,No,3,Yes,No,Fiber optic,Yes,Yes,Yes,No,No,No,Two year,Yes,Credit card (automatic),107.86,327.65,No
7673-OKPPU,Male,0,No,No,70,No,No phone service,No,No internet service,No internet service,No internet service,No internet service,No internet service,No internet service,Month-to-month,Yes,Electronic check,31.02,2178.08,No
9006-AFGSQ,Male,0,No,No,54,Yes,No,Fiber optic,No,Yes,No,No,No,Yes,Two year,No,Credit card (automatic),102.82,5595.49,No
6980-ABXKH,Female,0,No,No,72,Yes,Yes,Fiber optic,No,No,No,Yes,No,Yes,Month-to-month,No,Mailed check,107.44,7748.85,Yes
5014-VYLOA,Male,0,Yes,Yes,72,Yes,Yes,Fiber optic,No,No,No,No,No,Yes,One year,No,Electronic check,99.62,7177.59,Yes
9849-BBHNM,Male,0,No,No,31,Yes,Yes,No,No internet service,No internet service,No internet service,No internet service,No internet service,No internet service,Two year,Yes,Bank transfer (automatic),43.04,1361.86,No
9154-ETVAO,Male,1,Yes,No,17,Yes,Yes,DSL,No,No,No,Yes,No,Yes,Two year,Yes,Bank transfer (automatic),79.77,1377.03,No
8060-NUYFG,Female,0,Yes,No,38,Yes,No,No,No internet service,No internet service,No internet service,No internet service,No internet service,No internet service,Month-to-month,Yes,Credit card (automatic),41.98,1599.44,No
3884-XOMTN,Female,1,Yes,Yes,39,Yes,Yes,DSL,No,No,No,Yes,No,Yes,One year,No,Bank transfer (automatic),73.3,2827.0,No
9716-WFBIT,Female,0,Yes,Yes,17,No,No phone service,DSL,Yes,No,Yes,No,No,Yes,Month-to-month,Yes,Electronic check,66.24,1141.58,No
2248-JEVGL,Female,1,Yes,Yes,17,Yes,Yes,DSL,Yes,No,No,No,No,Yes,Month-to-month,No,Credit card (automatic),76.11,1310.68,Yes
4062-FFRER,Male,0,No,No,25,Yes,No,Fiber optic,No,No,No,No,No,Yes,Two year,Yes,Electronic check,98.64,2485.39,No
8520-QQLHA,Male,0,No,No,16,Yes,Yes,Fiber optic,No,Yes,Yes,No,Yes,No,Month-to-month,Yes,Bank transfer (automatic),110.59,1767.91,Yes
6069-UMUTL,Male,0,Yes,No,39,Yes,Yes,No,No internet service,No internet service,No internet service,No internet service,No internet service,No internet service,Month-to-month,Yes,Bank transfer (automatic),42.7,1657.49,No
9535-VLPLD,Female,1,No,Yes,9,Yes,Yes,Fiber optic,No,Yes,No,Yes,No,No,One year,Yes,Mailed check,105.98,953.66,Yes
9491-ZRMTM,Female,1,No,Yes,45,Yes,No,No,No internet service,No internet service,No internet service,No internet service,No internet service,No internet service,Month-to-month,No,Mailed check,39.67,1769.0,No
9324-DPOSU,Male,0,Yes,No,65,Yes,No,Fiber optic,No,No,Yes,No,No,Yes,One year,Yes,Bank transfer (automatic),96.72,6280.99,No
6152-FLIUQ,Male,0,No,Yes,72,Yes,Yes,Fiber optic,No,No,No,No,Yes,No,Month-to-month,Yes,Credit card (automatic),95.31,6876.39,Yes
1667-GVMLX,Male,0,No,No,72,Yes,No,Fiber optic,No,No,Yes,No,Yes,No,One year,Yes,Credit card (automatic),98.12,7057.18,No
5846-TBVJP,Female,0,No,No,40,Yes,No,DSL,Yes,No,No,No,Yes,No,Month-to-month,No,Credit card (automatic),75.88,3026.71,Yes
6333-QEICV,Male,0,No,No,7,Yes,No,Fiber optic,No,No,No,No,No,No,Two year,Yes,Electronic check,85.24,632.89,No
2022-UEFSZ,Female,0,No,Yes,29,No,No phone service,Fiber optic,No,Yes,No,No,No,No,Month-to-month,Yes,Electronic check,77.34,2235.37,No
7676-TYPTY,Male,0,No,Yes,72,Yes,Yes,No,No internet service,No internet service,No internet service,No internet service,No internet service,No internet service,One year,No,Electronic check,38.62,2766.65,No
1197-GHVJQ,Female,0,Yes,No,72,Yes,No,Fiber optic,Yes,No,Yes,No,No,Yes,One year,Yes,Credit card (automatic),114.51,8226.37,No
1864-VTPKD,Female,1,Yes,Yes,21,Yes,Yes,DSL,Yes,Yes,Yes,No,No,Yes,Month-to-month,No,Electronic check,95.88,2009.72,Yes
9729-AMPPP,Male,0,No,No,4,Yes,Yes,Fiber optic,No,Yes,Yes,Yes,No,No,One year,No,Bank transfer (automatic),109.23,418.53,No
5541-TEQAO,Female,0,Yes,No,38,Yes,No,Fiber optic,Yes,No,Yes,Yes,No,Yes,Two year,Yes,Credit card (automatic),112.86,4295.87,No
5149-SHHEW,Female,0,Yes,No,7,Yes,No,DSL,No,No,Yes,No,No,Yes,Month-to-month,Yes,Bank transfer (automatic),72.71,481.64,Yes
9414-JDQIH,Female,0,Yes,Yes,37,Yes,Yes,Fiber optic,No,No,No,No,No,Yes,One year,Yes,Electronic check,104.06,3813.64,Yes
9585-RDWWZ,Female,0,No,No,41,Yes,No,DSL,No,No,No,No,Yes,No,Month-to-month,No,Electronic check,70.41,2874.15,No
4528-PPLCK,Male,0,No,No,70,No,No phone service,Fiber optic,No,No,No,No,Yes,No,One year,Yes,Bank transfer (automatic),72.87,5105.92,No
7913-TKGGK,Male,0,Yes,Yes,4,Yes,No,Fiber optic,Yes,No,No,No,No,No,Two year,No,Mailed check,96.55,410.53,No
3293-AJVKJ,Female,0,Yes,No,52,Yes,No,DSL,No,Yes,No,No,Yes,No,One year,No,Mailed check,83.22,4333.75,No
7075-KYOJX,Male,0,Yes,No,25,Yes,No,Fiber optic,No,No,No,Yes,Yes,No,Month-to-month,Yes,Electronic check,104.4,2609.35,No
8835-ANIRQ,Male,0,Yes,Yes,72,No,No phone service,Fiber optic,No,Yes,Yes,Yes,No,No,Month-to-month,Yes,Credit card (automatic),86.06,6151.59,Yes
9770-ZOCDR,Male,0,No,No,50,No,No phone service,No,No internet service,No internet service,No internet service,No internet service,No internet service,No internet service,Month-to-month,Yes,Credit card (automatic),18.25,935.85,No
3430-ZNGKD,Male,0,Yes,Yes,31,Yes,Yes,Fiber optic,No,No,No,Yes,Yes,Yes,Month-to-month,Yes,Bank transfer (automatic),115.92,3574.71,Yes
2884-VEABA,Male,0,No,Yes,13,Yes,No,No,No internet service,No internet service,No internet service,No internet service,No internet service,No internet service,One year,No,Mailed check,35.58,451.48,No
4489-HFZTU,Male,0,Yes,Yes,27,Yes,No,DSL,No,No,Yes,No,Yes,Yes,One year,No,Mailed check,78.6,2080.38,No
3082-EYSUE,Female,0,Yes,No,61,Yes,Yes,Fiber optic,No,Yes,Yes,No,No,No,Two year,No,Electronic check,107.12,6536.92,No
1380-ZAXGG,Female,0,No,No,27,Yes,Yes,Fiber optic,Yes,No,Yes,No,Yes,No,Month-to-month,Yes,Credit card (automatic),109.61,3010.69,Yes
3854-VUMHZ,Male,0,Yes,No,27,Yes,No,No,No internet service,No internet service,No internet service,No internet service,No internet service,No internet service,One year,Yes,Mailed check,40.88,1100.96,No
4301-EBOQJ,Male,0,Yes,No,28,Yes,Yes,Fiber optic,Yes,No,No,No,Yes,No,Month-to-month,Yes,Electronic check,103.65,2886.18,Yes
1835-LLCNN,Female,0,Yes,Yes,17,Yes,Yes,DSL,No,Yes,No,No,No,No,Month-to-month,No,Credit card (automatic),69.33,1175.55,No
4780-WRYCJ,Male,0,No,No,12,Yes,Yes,Fiber optic,No,Yes,No,Yes,Yes,Yes,Month-to-month,No,Credit card (automatic),120.0,1463.87,Yes
7807-QXUMV,Male,0,Yes,No,13,Yes,No,Fiber optic,No,Yes,Yes,No,No,Yes,One year,Yes,Electronic check,111.1,1462.16,Yes
6782-BMLMH,Male,0,No,No,30,No,No phone service,No,No internet service,No internet service,No internet service,No internet service,No internet service,No internet service,Month-to-month,No,Bank transfer (automatic),18.25,538.82,Yes
9712-LZSYX,Male,0,No,No,54,No,No phone service,DSL,No,No,No,Yes,Yes,Yes,Two year,Yes,Credit card (automatic),69.22,3759.14,Yes
2398-WICKI,Male,0,No,No,33,Yes,No,Fiber optic,Yes,Yes,No,No,No,No,Month-to-month,No,Electronic check,105.91,3524.87,Yes
3067-YKTBS,Male,0,No,No,62,Yes,No,No,No internet service,No internet service,No internet service,No internet service,No internet service,No internet service,Month-to-month,No,Credit card (automatic),33.73,2112.8,No
3146-DFMJU,Female,0,No,No,72,Yes,Yes,Fiber optic,No,Yes,Yes,No,No,Yes,Month-to-month,No,Mailed check,108.12,7769.8,No
4490-SSZQW,Female,0,No,No,72,Yes,Yes,Fiber optic,No,No,No,No,No,Yes,Month-to-month,No,Bank transfer (automatic),100.81,7272.52,No
5411-JSGZO,Male,0,Yes,Yes,72,Yes,No,Fiber optic,Yes,No,No,No,No,No,Month-to-month,No,Electronic check,93.17,6704.17,No
8436-KCDZF,Female,0,No,No,8,Yes,No,DSL,No,No,Yes,No,Yes,No,One year,Yes,Electronic check,70.31,564.46,No
1811-OQNBF,Female,0,No,No,43,Yes,No,Fiber optic,No,No,No,No,Yes,Yes,Month-to-month,No,Mailed check,107.6,4612.44,No
8530-YIRMF,Male,0,Yes,No,20,Yes,Yes,Fiber optic,No,No,Yes,No,Yes,Yes,Month-to-month,No,Electronic check,113.73,2245.29,No
6835-AUZAK,Male,0,No,No,14,Yes,Yes,DSL,No,No,No,No,No,Yes,Month-to-month,Yes,Bank transfer (automatic),63.55,879.02,No
7332-KBTOW,Female,0,Yes,No,24,Yes,Yes,No,No internet service,No internet service,No internet service,No internet service,No internet service,No internet service,Month-to-month,No,Electronic check,37.81,878.8,No
8479-RIXPN,Male,0,No,Yes,72,Yes,Yes,No,No internet service,No internet service,No internet service,No internet service,No internet service,No internet service,Month-to-month,No,Bank transfer (automatic),48.89,3500.44,No
8022-RHTHG,Male,1,Yes,Yes,61,No,No phone service,Fiber optic,No,Yes,Yes,No,No,No,One year,Yes,Electronic check,79.97,4874.4,No
5864-XUJNX,Male,0,Yes,No,30,Yes,No,DSL,No,No,No,Yes,Yes,Yes,Two year,Yes,Bank transfer (automatic),92.67,2770.33,No
2329-XGUAI,Male,0,Yes,No,48,Yes,No,Fiber optic,No,No,No,No,Yes,Yes,Two year,Yes,Electronic check,103.66,4952.29,No
8815-IUMZK,Male,0,Yes,No,39,Yes,No,No,No internet service,No internet service,No internet service,No internet service,No internet service,No internet service,Month-to-month,Yes,Credit card (automatic),41.23,1580.1,No
9874-IJGAM,Male,0,Yes,No,24,Yes,Yes,No,No internet service,No internet service,No internet service,No internet service,No internet service,No internet service,Month-to-month,Yes,Electronic check,36.43,878.34,No
5107-LANZM,Male,0,Yes,No,16,Yes,Yes,DSL,Yes,No,Yes,No,Yes,Yes,One year,No,Electronic check,102.25,1648.57,Yes
5782-UMHPV,Female,0,No,Yes,27,Yes,No,Fiber optic,No,Yes,No,No,Yes,No,Two year,Yes,Electronic check,103.94,2803.38,No
9638-KZZDC,Male,1,Yes,Yes,50,Yes,No,DSL,No,Yes,No,No,No,Yes,Month-to-month,Yes,Bank transfer (automatic),79.34,3962.94,No
5938-QCPKC,Female,0,No,Yes,72,Yes,No,Fiber optic,No,Yes,No,Yes,Yes,No,Month-to-month,Yes,Electronic check,111.41,7998.95,Yes
9125-VJERK,Female,0,No,No,43,Yes,No,DSL,Yes,No,Yes,Yes,Yes,Yes,Two year,No,Bank transfer (automatic),95.09,4069.44,No
7842-ZFEUD,Female,0,Yes,Yes,18,Yes,Yes,No,No internet service,No internet service,No internet service,No internet service,No internet service,No internet service,Month-to-month,No,Electronic check,29.48,538.38,Yes
3619-DCJQF,Female,0,Yes,No,12,Yes,Yes,Fiber optic,No,No,Yes,Yes,Yes,No,Two year,Yes,Credit card (automatic),115.46,1360.11,Yes
9683-CMCKL,Male,0,Yes,No,38,Yes,No,DSL,No,Yes,No,No,Yes,Yes,One year,Yes,Electronic check,99.32,3770.33,No
3352-PHKVH,Male,0,Yes,No,4,Yes,No,Fiber optic,No,No,No,No,No,No,Month-to-month,No,Electronic check,93.33,359.68,Yes
4774-XTOWR,Male,0,No,Yes,72,Yes,Yes,Fiber optic,Yes,No,No,No,Yes,No,Month-to-month,Yes,Bank transfer (automatic),101.77,7306.58,No
9877-NKFFO,Female,0,No,No,42,Yes,Yes,No,No internet service,No internet service,No internet service,No internet service,No internet service,No internet service,Two year,No,Electronic check,37.71,1572.34,No
7046-QXYHA,Female,0,No,No,70,Yes,No,Fiber optic,No,No,No,No,Yes,No,Month-to-month,Yes,Mailed check,102.2,7182.36,No
4435-PYTGR,Female,0,Yes,No,59,Yes,No,DSL,No,No,No,No,No,No,Month-to-month,Yes,Bank transfer (automatic),59.43,3510.49,No
2709-MGSGK,Male,0,No,No,42,Yes,No,No,No internet service,No internet service,No internet service,No internet service,No internet service,No internet service,Month-to-month,No,Credit card (automatic),39.69,1712.28,No
7567-MFJKT,Male,0,Yes,No,40,Yes,Yes,No,No internet service,No internet service,No internet service,No internet service,No internet service,No internet service,Month-to-month,Yes,Electronic check,40.4,1612.89,No
8856-DTLGB,Female,1,No,No,52,Yes,No,Fiber optic,No,No,Yes,No,No,Yes,One year,No,Electronic check,95.22,4958.31,No
4776-EQGUH,Female,0,No,No,22,No,No phone service,No,No internet service,No internet service,No internet service,No internet service,No internet service,No internet service,Month-to-month,No,Electronic check,18.25,356.77,No
3692-SNRGC,Female,0,Yes,Yes,30,Yes,Yes,DSL,No,Yes,Yes,No,Yes,No,One year,Yes,Mailed check,95.52,2850.95,No
7158-XMGJB,Male,1,No,No,54,Yes,Yes,DSL,No,No,No,No,No,No,One year,Yes,Bank transfer (automatic),64.68,3474.09,No
1288-UHCXN,Male,0,No,No,8,Yes,Yes,No,No internet service,No internet service,No internet service,No internet service,No internet service,No internet service,Month-to-month,No,Mailed check,41.17,314.54,Yes
4514-NUZTA,Male,1,No,No,30,Yes,Yes,Fiber optic,Yes,No,Yes,Yes,Yes,No,One year,No,Credit card (automatic),120.0,3617.36,No
2927-ZQELT,Female,0,Yes,No,27,Yes,Yes,No,No internet service,No internet service,No internet service,No internet service,No internet service,No internet service,Month-to-month,Yes,Bank transfer (automatic),42.31,1146.06,No
4490-PKNLK,Male,0,No,No,4,Yes,Yes,No,No internet service,No internet service,No internet service,No internet service,No internet service,No internet service,Two year,Yes,Bank transfer (automatic),44.58,147.63,No
7116-NKLHP,Female,0,Yes,No,45,No,No phone service,Fiber optic,No,Yes,Yes,Yes,No,Yes,Month-to-month,Yes,Mailed check,93.95,4202.87,Yes
7189-OEUAQ,Male,0,Yes,No,35,Yes,No,No,No internet service,No internet service,No internet service,No internet service,No internet service,No internet service,One year,Yes,Mailed check,33.95,1189.54,No
2807-LUVDW,Male,0,No,Yes,30,Yes,Yes,No,No internet service,No internet service,No internet service,No internet service,No internet service,No internet service,Two year,No,Mailed check,38.13,1141.9,No
3610-PNJNT,Male,0,Yes,No,62,Yes,Yes,Fiber optic,No,Yes,No,Yes,No,Yes,Two year,No,Electronic check,110.51,6873.29,No
8431-YIUBM,Female,0,Yes,Yes,55,Yes,No,Fiber optic,Yes,No,No,Yes,Yes,Yes,Month-to-month,No,Electronic check,120.0,6567.78,No
3849-VSZTQ,Female,0,No,Yes,58,Yes,Yes,No,No internet service,No internet service,No internet service,No internet service,No internet service,No internet service,Month-to-month,No,Credit card (automatic),45.69,2664.68,No
7527-TSNOP,Female,0,Yes,No,27,Yes,Yes,Fiber optic,No,No,Yes,No,Yes,Yes,Two year,No,Credit card (automatic),105.99,2876.32,No
4332-HHGWE,Female,0,No,Yes,21,Yes,No,DSL,Yes,Yes,No,Yes,No,Yes,Two year,Yes,Electronic check,85.36,1774.27,No
3627-OVJVF,Male,0,No,Yes,34,Yes,No,DSL,No,No,No,Yes,Yes,Yes,One year,Yes,Electronic check,88.66,3006.47,No
8712-ZUGBW,Male,1,Yes,No,42,Yes,No,Fiber optic,No,No,No,No,Yes,Yes,Month-to-month,Yes,Credit card (automatic),101.88,4298.36,No
6881-MTPWP,Female,0,No,No,49,Yes,Yes,Fiber optic,No,Yes,Yes,No,Yes,No,Month-to-month,Yes,Bank transfer (automatic),110.84,5380.74,No
3494-XKUGX,Male,0,No,No,14,Yes,No,Fiber optic,No,No,No,No,No,No,Two year,No,Electronic check,96.57,1360.2,No
8742-FMCGW,Male,0,No,No,40,Yes,Yes,Fiber optic,No,Yes,Yes,No,No,Yes,Month-to-month,No,Credit card (automatic),108.01,4335.89,Yes
7111-LAMRD,Female,0,No,No,67,No,No phone service,No,No internet service,No internet service,No internet service,No internet service,No internet service,No internet service,Two year,Yes,Bank transfer (automatic),21.29,1426.59,No
9414-AREFD,Female,0,No,No,16,Yes,Yes,Fiber optic,No,No,No,Yes,Yes,No,Month-to-month,Yes,Electronic check,111.82,1790.38,Yes
1923-CFJHC,Male,1,No,Yes,4,Yes,Yes,No,No internet service,No internet service,No internet service,No internet service,No internet service,No internet service,One year,Yes,Bank transfer (automatic),38.38,121.74,No
4303-LGEUV,Female,0,Yes,Yes,2,Yes,No,Fiber optic,No,No,No,No,No,Yes,Month-to-month,Yes,Credit card (automatic),98.15,160.91,No
8040-LENMC,Female,0,Yes,Yes,21,Yes,Yes,No,No internet service,No internet service,No internet service,No internet service,No internet service,No internet service,Month-to-month,No,Bank transfer (automatic),43.89,917.62,No
2781-TNVJA,Female,1,No,No,12,Yes,No,Fiber optic,No,No,No,No,No,Yes,Month-to-month,No,Bank transfer (automatic),102.18,1249.13,No
4485-KTYFG,Female,0,No,Yes,44,Yes,Yes,Fiber optic,No,No,Yes,No,No,No,Two year,Yes,Electronic check,87.66,3850.67,No
1991-LBNSZ,Male,0,No,No,39,Yes,No,DSL,No,No,Yes,No,No,Yes,One year,No,Mailed check,78.64,3072.35,No
1050-GCGPK,Male,0,Yes,No,5,Yes,No,Fiber optic,No,Yes,Yes,Yes,Yes,Yes,One year,No,Bank transfer (automatic),120.0,572.04,Yes
2412-OTBFE,Female,0,No,No,65,Yes,Yes,DSL,No,Yes,No,No,No,Yes,Two year,Yes,Mailed check,83.73,5437.83,No
9815-RKGPT,Male,0,Yes,No,17,Yes,No,Fiber optic,No,Yes,Yes,Yes,Yes,No,Month-to-month,Yes,Mailed check,119.64,2005.42,No
4707-PKRHX,Male,0,Yes,No,13,Yes,No,Fiber optic,No,No,No,No,No,Yes,Two year,Yes,Mailed check,98.53,1305.27,Yes
6027-ZJEMX,Female,0,No,No,37,Yes,Yes,No,No internet service,No internet service,No internet service,No internet service,No internet service,No internet service,Month-to-month,No,Bank transfer (automatic),45.23,1653.32,No
6604-HBOOG,Male,0,Yes,Yes,20,Yes,No,Fiber optic,No,Yes,Yes,No,No,Yes,Month-to-month,No,Credit card (automatic),111.23,2216.51,Yes
3339-VCVES,Female,0,No,No,35,Yes,No,Fiber optic,No,Yes,Yes,No,Yes,Yes,Month-to-month,No,Credit card (automatic),111.5,3901.11,Yes
3250-AQBTF,Male,0,Yes,Yes,26,Yes,No,DSL,No,No,No,No,No,No,Two year,No,Bank transfer (automatic),67.85,1757.88,No
2476-SUQAE,Male,1,No,Yes,70,Yes,No,DSL,No,Yes,Yes,No,No,Yes,One year,Yes,Credit card (automatic),87.35,6108.54,No
3629-JIHSA,Female,0,No,Yes,35,Yes,No,Fiber optic,No,No,Yes,No,No,No,Month-to-month,Yes,Mailed check,94.47,3307.38,No
5359-OFBSK,Female,1,Yes,No,24,Yes,No,DSL,No,No,Yes,Yes,Yes,No,Two year,Yes,Mailed check,89.16,2132.42,No
4418-SAOAO,Male,0,No,Yes,29,No,No phone service,DSL,No,Yes,No,No,Yes,No,Two year,No,Electronic check,60.65,1781.03,No
1931-ZDWYS,Male,0,No,No,60,Yes,Yes,No,No internet service,No internet service,No internet service,No internet service,No internet service,No internet service,One year,Yes,Electronic check,35.44,2148.14,No
6662-GCWYE,Male,0,Yes,No,14,Yes,No,DSL,No,No,Yes,No,Yes,Yes,One year,No,Electronic check,91.79,1248.28,No
1693-ECTRM,Male,0,No,No,45,Yes,No,No,No internet service,No internet service,No internet service,No internet service,No internet service,No internet service,Month-to-month,Yes,Electronic check,41.2,1846.25,Yes
9517-ONJZF,Female,0,No,No,30,No,No phone service,Fiber optic,Yes,No,No,Yes,Yes,No,Month-to-month,Yes,Mailed check,87.71,2643.11,Yes
7891-HZVCY,Male,1,Yes,No,31,Yes,Yes,DSL,No,Yes,No,Yes,No,No,One year,No,Credit card (automatic),85.86,2649.75,No
8427-GDMWY,Male,0,No,No,12,Yes,Yes,DSL,No,No,No,Yes,No,Yes,Month-to-month,No,Bank transfer (automatic),78.54,972.84,Yes
6164-CCTPA,Male,0,Yes,Yes,21,Yes,Yes,DSL,Yes,No,No,No,No,Yes,One year,No,Credit card (automatic),77.63,1619.18,No
9768-WCUAT,Male,0,Yes,Yes,18,Yes,No,DSL,Yes,No,Yes,No,No,No,Month-to-month,Yes,Electronic check,75.15,1315.2,No
6096-PNZRT,Female,1,Yes,No,30,Yes,No,No,No internet service,No internet service,No internet service,No internet service,No internet service,No internet service,One year,Yes,Electronic check,42.71,1264.8,No
6349-IHODL,Male,0,No,No,8,Yes,Yes,No,No internet service,No internet service,No internet service,No internet service,No internet service,No internet service,Two year,Yes,Electronic check,42.07,331.01,No
9357-VASST,Female,0,No,No,3,Yes,No,No,No internet service,No internet service,No internet service,No internet service,No internet service,No internet service,Month-to-month,Yes,Mailed check,39.54,112.02,No
2542-GDSJW,Male,0,Yes,Yes,20,Yes,No,Fiber optic,No,No,Yes,No,No,Yes,Month-to-month,Yes,Electronic check,109.78,2162.53,Yes
3908-OVOHB,Male,1,Yes,No,61,Yes,No,DSL,No,No,Yes,No,No,No,Month-to-month,Yes,Electronic check,75.24,4563.46,No
6230-RFOFC,Female,0,Yes,No,43,Yes,Yes,Fiber optic,No,Yes,No,No,No,Yes,Month-to-month,No,Electronic check,97.1,4161.68,No
7500-KNFHZ,Male,0,No,No,28,No,No phone service,DSL,No,No,No,No,Yes,No,Month-to-month,Yes,Bank transfer (automatic),54.02,1492.46,Yes
2490-BCAYF,Male,0,Yes,Yes,13,No,No phone service,DSL,Yes,No,No,No,Yes,No,Month-to-month,Yes,Credit card (automatic),59.75,811.56,Yes
1849-BRXYO,Male,0,Yes,No,1,Yes,Yes,Fiber optic,No,No,Yes,Yes,Yes,Yes,Month-to-month,No,Electronic check,120.0,120.94,Yes
2375-TVCEI,Male,0,Yes,No,17,Yes,No,DSL,Yes,Yes,No,No,Yes,No,Month-to-month,Yes,Electronic check,79.24,1381.85,No
3800-USKMZ,Female,0,Yes,No,25,Yes,Yes,DSL,No,No,No,No,No,Yes,Two year,Yes,Electronic check,67.26,1700.59,No
9306-XUJCS,Female,0,No,Yes,10,Yes,No,Fiber optic,No,No,Yes,No,Yes,No,Month-to-month,Yes,Bank transfer (automatic),109.95,1115.01,No
4121-LXLJS,Male,1,No,No,40,Yes,No,Fiber optic,No,No,Yes,Yes,No,Yes,Month-to-month,Yes,Mailed check,117.36,4675.95,Yes
2801-VZFRP,Female,1,Yes,No,39,Yes,Yes,Fiber optic,No,Yes,Yes,No,Yes,Yes,One year,No,Electronic check,118.19,4616.81,No
8857-MDTNL,Female,1,No,No,20,Yes,No,DSL,No,No,Yes,Yes,No,No,Month-to-month,Yes,Electronic check,76.39,1566.09,No
2321-BKXAU,Female,1,Yes,No,26,Yes,Yes,DSL,Yes,Yes,No,No,Yes,Yes,One year,Yes,Mailed check,92.05,2409.09,No
9053-TSEQP,Male,0,No,No,25,Yes,No,DSL,Yes,No,Yes,No,No,Yes,One year,Yes,Electronic check,79.28,1985.04,No
8512-NZQMQ,Female,1,Yes,Yes,38,No,No phone service,DSL,No,Yes,No,No,Yes,No,One year,Yes,Bank transfer (automatic),53.36,2045.67,No
2318-WNUQW,Male,1,Yes,Yes,14,Yes,No,Fiber optic,Yes,No,No,Yes,Yes,No,Month-to-month,Yes,Credit card (automatic),106.47,1459.1,No
9320-ZZVXM,Female,0,No,No,72,Yes,No,DSL,No,Yes,No,No,Yes,No,Month-to-month,Yes,Credit card (automatic),75.27,5402.37,No
2053-OLUFG,Female,0,Yes,No,8,Yes,No,DSL,No,No,No,Yes,No,No,Two year,Yes,Electronic check,70.51,594.57,No
5376-KQZVY,Male,0,No,No,14,No,No phone service,Fiber optic,No,No,No,No,No,No,Two year,No,Credit card (automatic),69.57,1002.52,No
2878-QOHEJ,Male,0,Yes,No,34,Yes,No,Fiber optic,Yes,Yes,No,No,No,No,One year,Yes,Mailed check,102.66,3482.92,Yes
9689-UNFCU,Female,0,Yes,Yes,72,Yes,Yes,Fiber optic,No,No,Yes,No,No,No,Month-to-month,Yes,Electronic check,102.82,7362.24,No
9906-DYAZZ,Male,0,No,Yes,18,Yes,No,DSL,No,No,No,No,Yes,No,Month-to-month,Yes,Electronic check,70.62,1234.22,Yes
3085-PDEFM,Female,0,Yes,No,12,No,No phone service,DSL,No,No,No,Yes,No,No,One year,Yes,Mailed check,53.06,646.53,No
2618-TLYBG,Female,0,Yes,No,23,Yes,Yes,DSL,No,Yes,No,No,Yes,No,Month-to-month,Yes,Credit card (automatic),81.72,1871.04,No
5660-YBZXV,Male,0,No,Yes,46,No,No phone service,No,No internet service,No internet service,No internet service,No internet service,No internet service,No internet service,Two year,Yes,Credit card (automatic),23.14,1043.68,No
8746-ODKPQ,Male,1,Yes,No,48,Yes,Yes,Fiber optic,Yes,No,Yes,No,Yes,No,Two year,Yes,Mailed check,101.17,4871.64,No
5459-MSLVK,Male,0,No,No,42,Yes,No,DSL,No,No,No,Yes,No,Yes,Month-to-month,Yes,Bank transfer (automatic),73.73,3088.18,No
2715-XILBT,Male,0,Yes,Yes,72,Yes,Yes,Fiber optic,No,No,No,No,Yes,No,Month-to-month,Yes,Electronic check,98.31,7048.58,No
5169-HFMHT,Male,0,No,Yes,48,Yes,No,No,No internet service,No internet service,No internet service,No internet service,No internet service,No internet service,Month-to-month,Yes,Bank transfer (automatic),42.02,2018.96,No
5752-RCSIC,Male,1,No,No,55,No,No phone service,DSL,Yes,No,No,No,Yes,Yes,Month-to-month,Yes,Electronic check,66.93,3691.55,No
8006-VRMWH,Female,1,Yes,Yes,59,Yes,No,Fiber optic,No,Yes,No,No,Yes,Yes,Month-to-month,Yes,Mailed check,116.5,6843.31,Yes
7451-QAACL,Male,0,No,Yes,11,Yes,No,Fiber optic,No,No,No,No,No,No,One year,No,Bank transfer (automatic),87.34,935.56,No
5007-AKNAS,Female,0,No,Yes,25,Yes,No,Fiber optic,No,No,No,No,No,No,Month-to-month,No,Mailed check,94.11,2331.23,Yes
9792-MLQWN,Female,0,No,Yes,14,Yes,Yes,DSL,No,Yes,No,No,No,No,Month-to-month,No,Electronic check,67.27,948.7,No
7246-GBPFL,Female,0,Yes,No,15,Yes,No,DSL,No,No,No,No,Yes,No,Month-to-month,Yes,Credit card (automatic),65.13,995.21,No
2507-NUUKY,Female,0,No,Yes,21,Yes,No,Fiber optic,Yes,Yes,No,No,No,Yes,Month-to-month,Yes,Electronic check,117.06,2436.77,Yes
6498-VLOJI,Male,0,No,No,37,Yes,Yes,Fiber optic,Yes,No,Yes,No,Yes,Yes,Month-to-month,No,Electronic check,116.4,4293.34,Yes
4843-OZYVC,Female,0,No,No,72,Yes,Yes,Fiber optic,No,Yes,Yes,No,No,No,Two year,Yes,Mailed check,111.64,8007.03,No
9425-EJPUV,Male,0,No,Yes,45,Yes,Yes,Fiber optic,Yes,Yes,No,Yes,Yes,No,Month-to-month,No,Bank transfer (automatic),120.0,5403.55,Yes
4604-MDRIH,Male,0,No,Yes,39,Yes,No,No,No internet service,No internet service,No internet service,No internet service,No internet service,No internet service,Two year,No,Mailed check,36.16,1396.54,No
3206-TUVLH,Male,0,No,No,22,Yes,Yes,Fiber optic,No,No,No,Yes,Yes,Yes,Month-to-month,Yes,Credit card (automatic),109.17,2405.19,Yes
4824-DTETM,Female,0,No,No,72,Yes,No,No,No internet service,No internet service,No internet service,No internet service,No internet service,No internet service,One year,Yes,Electronic check,41.15,2957.31,No
1383-BHHYZ,Female,0,No,No,8,Yes,No,Fiber optic,Yes,No,No,No,Yes,Yes,Month-to-month,Yes,Bank transfer (automatic),108.87,872.42,Yes
7543-BNQBW,Female,0,No,No,49,Yes,Yes,Fiber optic,Yes,No,No,No,No,No,Month-to-month,Yes,Electronic check,90.3,4383.29,No
6321-DVCPR,Female,0,Yes,No,4,Yes,Yes,No,No internet service,No internet service,No internet service,No internet service,No internet service,No internet service,Month-to-month,No,Electronic check,37.69,146.73,No
9642-CDJBU,Male,1,No,Yes,32,Yes,No,Fiber optic,Yes,No,No,No,No,Yes,One year,Yes,Electronic check,111.45,3570.8,Yes
9106-UAZVV,Female,0,Yes,Yes,60,Yes,No,DSL,No,Yes,Yes,No,Yes,No,Month-to-month,Yes,Electronic check,82.46,4907.79,No
8319-RCHVS,Male,0,No,No,29,Yes,No,No,No internet service,No internet service,No internet service,No internet service,No internet service,No internet service,Month-to-month,Yes,Bank transfer (automatic),38.21,1131.02,No
8811-HFIHJ,Female,0,No,Yes,71,Yes,No,DSL,No,Yes,Yes,No,Yes,Yes,Month-to-month,No,Credit card (automatic),102.23,7276.91,Yes
4848-RRHWZ,Male,0,No,No,12,Yes,Yes,DSL,No,No,No,No,No,No,One year,Yes,Credit card (automatic),60.73,748.53,No
6820-YHRWV,Female,1,Yes,Yes,1,Yes,No,No,No internet service,No internet service,No internet service,No internet service,No internet service,No internet service,Month-to-month,Yes,Bank transfer (automatic),43.66,42.81,Yes
9303-KHRGD,Male,0,No,No,8,Yes,No,DSL,No,No,No,No,No,Yes,Month-to-month,No,Mailed check,78.3,641.45,Yes
8796-VCNGQ,Female,0,Yes,No,22,Yes,Yes,DSL,No,Yes,Yes,No,No,No,One year,No,Electronic check,81.28,1824.42,No
9125-YFGMJ,Male,0,No,No,37,No,No phone service,No,No internet service,No internet service,No internet service,No internet service,No internet service,No internet service,Month-to-month,No,Electronic check,22.3,799.26,Yes
5708-GVSXW,Male,0,No,No,16,Yes,No,Fiber optic,No,Yes,No,Yes,No,No,Month-to-month,No,Mailed check,100.65,1632.8,No
6549-INQKX,Female,1,No,Yes,32,Yes,No,Fiber optic,No,No,No,No,Yes,No,Month-to-month,No,Bank transfer (automatic),94.25,3018.66,Yes
8474-JQRBO,Male,0,Yes,Yes,43,Yes,No,DSL,No,Yes,Yes,No,Yes,Yes,One year,No,Mailed check,90.01,3830.72,No
2084-JPZFI,Male,0,No,No,13,Yes,Yes,Fiber optic,Yes,Yes,Yes,No,No,Yes,Two year,No,Bank transfer (automatic),115.09,1499.8,No
3825-LGVZY,Male,0,Yes,Yes,14,Yes,Yes,No,No internet service,No internet service,No internet service,No internet service,No internet service,No internet service,One year,Yes,Electronic check,34.56,497.42,No
3841-TMIAL,Male,0,No,No,7,Yes,No,No,No internet service,No internet service,No internet service,No internet service,No internet service,No internet service,Two year,No,Electronic check,40.99,304.26,No
5111-INPTM,Male,0,No,No,71,Yes,No,Fiber optic,No,No,No,Yes,No,No,One year,No,Credit card (automatic),96.65,6873.59,No
7435-GYBQH,Female,1,No,No,72,Yes,No,Fiber optic,No,No,Yes,Yes,Yes,No,Month-to-month,Yes,Electronic check,106.82,7708.55,No
5790-RCMCF,Male,0,Yes,No,32,Yes,No,Fiber optic,No,No,Yes,No,Yes,Yes,Two year,No,Credit card (automatic),107.38,3442.4,No
5795-FDYIK,Male,0,Yes,No,9,Yes,Yes,DSL,No,No,Yes,No,No,No,Month-to-month,No,Electronic check,71.48,619.86,No
6685-GUBSF,Male,1,No,No,72,Yes,No,Fiber optic,No,Yes,Yes,No,No,Yes,Two year,Yes,Electronic check,115.77,8332.67,No
4244-CZKCP,Female,0,No,Yes,14,Yes,No,No,No internet service,No internet service,No internet service,No internet service,No internet service,No internet service,Month-to-month,Yes,Mailed check,47.11,674.0,No
4395-DCDYK,Female,0,Yes,No,7,Yes,Yes,DSL,No,No,Yes,Yes,No,No,One year,Yes,Electronic check,75.4,523.83,No
7037-BWCTO,Male,0,No,Yes,13,Yes,No,Fiber optic,No,No,No,No,Yes,Yes,Two year,No,Credit card (automatic),105.16,1361.47,No
3135-RDCIV,Male,0,Yes,No,12,Yes,No,DSL,No,Yes,No,No,No,Yes,Two year,No,Mailed check,76.32,884.01,No
3896-FFTVY,Male,0,Yes,Yes,9,Yes,No,DSL,Yes,Yes,Yes,No,No,No,Two year,Yes,Mailed check,86.7,787.45,No
4921-SOCFR,Female,0,No,No,16,Yes,No,Fiber optic,No,No,Yes,Yes,No,Yes,Two year,No,Mailed check,112.49,1816.23,No
5497-AYHMQ,Female,0,No,No,30,Yes,Yes,DSL,Yes,Yes,Yes,No,Yes,Yes,Month-to-month,No,Electronic check,97.51,2931.14,No
5001-TWOMQ,Female,1,No,Yes,49,Yes,No,DSL,Yes,No,No,No,Yes,No,Month-to-month,No,Bank transfer (automatic),87.45,4290.58,No
8519-TSYKQ,Male,0,Yes,No,23,Yes,No,Fiber optic,No,Yes,No,Yes,Yes,No,Month-to-month,Yes,Electronic check,108.15,2483.41,Yes
5213-RQAKG,Female,0,No,Yes,23,Yes,No,Fiber optic,No,No,No,Yes,No,Yes,Month-to-month,Yes,Bank transfer (automatic),95.25,2210.43,No
8943-RGETN,Male,1,No,No,23,Yes,No,DSL,Yes,No,Yes,No,No,No,Month-to-month,Yes,Mailed check,76.7,1808.57,Yes
4943-RHTKP,Female,0,No,No,7,No,No phone service,Fiber optic,No,No,No,Yes,Yes,No,Month-to-month,Yes,Credit card (automatic),87.05,601.87,Yes
8081-ZDMKV,Female,0,Yes,No,48,Yes,Yes,No,No internet service,No internet service,No internet service,No internet service,No internet service,No internet service,Two year,Yes,Mailed check,42.88,2079.32,No
4063-RNKQM,Male,0,No,No,60,Yes,Yes,DSL,No,No,Yes,No,No,No,One year,Yes,Credit card (automatic),63.04,3764.71,No
4499-ZUFNV,Female,0,Yes,No,72,Yes,No,DSL,Yes,No,No,No,No,No,Month-to-month,No,Electronic check,73.4,5274.12,No
7276-FRMPV,Female,0,No,Yes,20,Yes,Yes,Fiber optic,No,No,Yes,No,Yes,No,One year,No,Bank transfer (automatic),100.13,1976.85,No
4847-BPMFT,Male,0,No,No,72,No,No phone service,DSL,No,Yes,No,Yes,No,No,One year,Yes,Mailed check,59.37,4291.4,No
6624-YVJLU,Male,0,Yes,No,52,Yes,Yes,No,No internet service,No internet service,No internet service,No internet service,No internet service,No internet service,Two year,No,Electronic check,40.99,2127.64,No
8459-TBFNG,Male,0,Yes,No,10,Yes,No,DSL,No,No,Yes,Yes,No,Yes,Month-to-month,Yes,Electronic check,89.35,865.09,Yes
1912-SAVRI,Female,0,No,No,14,Yes,Yes,DSL,Yes,No,Yes,No,No,Yes,One year,Yes,Bank transfer (automatic),85.31,1216.62,No
8139-VULGM,Male,0,No,No,30,Yes,No,DSL,Yes,Yes,No,No,No,No,Month-to-month,Yes,Mailed check,86.12,2556.55,No
7425-NPBGT,Male,0,Yes,Yes,23,Yes,Yes,DSL,Yes,No,No,Yes,No,Yes,Two year,Yes,Electronic check,82.7,1915.62,No
8163-VYCWP,Female,0,Yes,Yes,8,Yes,No,DSL,Yes,Yes,No,Yes,Yes,Yes,Two year,No,Bank transfer (automatic),99.4,799.79,No
2991-TONOP,Male,0,No,No,30,Yes,Yes,Fiber optic,No,Yes,No,No,No,No,Month-to-month,Yes,Electronic check,96.27,2841.01,Yes
3781-YQBIG,Male,0,Yes,Yes,31,Yes,Yes,DSL,Yes,No,Yes,No,Yes,Yes,Month-to-month,Yes,Electronic check,90.26,2796.79,No
9239-FLRBG,Female,1,No,Yes,52,Yes,No,Fiber optic,No,No,Yes,No,Yes,No,Month-to-month,Yes,Electronic check,101.05,5245.51,No
7190-MMFCY,Female,0,No,No,18,Yes,No,Fiber optic,No,Yes,Yes,No,No,No,Month-to-month,No,Mailed check,101.18,1788.22,Yes
8951-FJVTC,Female,0,Yes,No,14,Yes,Yes,DSL,No,No,No,No,No,No,Month-to-month,Yes,Credit card (automatic),64.07,909.89,No
3602-TZJSE,Male,1,No,No,6,Yes,No,Fiber optic,No,No,No,Yes,Yes,Yes,Two year,No,Credit card (automatic),106.07,634.3,No
7748-QIBKS,Male,1,No,No,34,Yes,No,DSL,No,Yes,Yes,No,Yes,No,Month-to-month,Yes,Electronic check,86.59,2949.39,No
2651-AATRZ,Male,0,No,No,31,Yes,No,Fiber optic,No,No,No,Yes,No,Yes,Month-to-month,Yes,Electronic check,113.13,3492.37,Yes
1481-RWZEA,Female,0,No,Yes,72,Yes,No,No,No internet service,No internet service,No internet service,No internet service,No internet service,No internet service,One year,Yes,Credit card (automatic),39.97,2889.5,No
9521-HDLAI,Male,0,Yes,No,49,Yes,No,No,No internet service,No internet service,No internet service,No internet service,No internet service,No internet service,One year,No,Bank transfer (automatic),35.87,1742.9,No
3659-ZUAOD,Male,0,Yes,No,18,Yes,No,No,No internet service,No internet service,No internet service,No internet service,No internet service,No internet service,Month-to-month,No,Electronic check,39.93,744.66,No
7877-XGMWP,Female,0,No,No,28,Yes,No,Fiber optic,No,No,No,No,No,No,Two year,Yes,Credit card (automatic),96.0,2696.0,No
2034-ZBDGD,Female,0,Yes,No,8,Yes,No,DSL,No,Yes,No,No,No,No,One year,Yes,Credit card (automatic),73.19,570.82,No
3024-LBHLR,Female,0,Yes,Yes,20,Yes,Yes,Fiber optic,Yes,No,No,Yes,Yes,No,Month-to-month,Yes,Mailed check,112.67,2268.37,Yes
3147-FDFUM,Male,0,Yes,No,32,Yes,Yes,No,No internet service,No internet service,No internet service,No internet service,No internet service,No internet service,Month-to-month,No,Credit card (automatic),45.73,1464.82,Yes
7681-ZGXDJ,Female,1,No,Yes,72,Yes,Yes,No,No internet service,No internet service,No internet service,No internet service,No internet service,No internet service,One year,No,Bank transfer (automatic),34.82,2520.74,No
1825-KWCYI,Male,0,Yes,Yes,12,Yes,Yes,Fiber optic,No,Yes,No,No,No,No,Month-to-month,Yes,Credit card (automatic),87.59,1025.83,Yes
2311-JQMIZ,Female,0,No,No,69,Yes,Yes,Fiber optic,No,No,Yes,Yes,Yes,Yes,Month-to-month,Yes,Mailed check,120.0,8237.95,No
9042-KPIEP,Male,0,No,Yes,34,Yes,No,DSL,No,Yes,No,No,No,Yes,Month-to-month,Yes,Mailed check,78.69,2676.22,Yes
2855-RMNYM,Female,0,Yes,Yes,48,Yes,No,DSL,No,Yes,Yes,No,No,Yes,Two year,No,Mailed check,74.49,3558.36,No
5991-QGIZB,Male,0,No,No,28,Yes,Yes,No,No internet service,No internet service,No internet service,No internet service,No internet service,No internet service,One year,Yes,Electronic check,38.19,1081.6,No
1693-XQEID,Female,0,Yes,No,15,Yes,No,No,No internet service,No internet service,No internet service,No internet service,No internet service,No internet service,Two year,Yes,Mailed check,37.84,583.3,No
8624-GKIBD,Male,0,No,No,67,Yes,No,Fiber optic,No,No,No,No,No,No,Month-to-month,No,Mailed check,81.69,5452.87,Yes
4191-ETPEK,Female,0,No,Yes,19,Yes,No,DSL,No,Yes,No,No,No,No,Two year,Yes,Electronic check,80.79,1566.97,Yes
8255-MNZFH,Male,0,No,No,47,Yes,Yes,DSL,No,No,No,No,No,Yes,Month-to-month,No,Credit card (automatic),74.78,3518.82,No
9138-RGRJD,Male,0,No,No,9,Yes,No,DSL,No,Yes,No,No,No,No,Two year,Yes,Electronic check,73.63,652.63,No
9506-RZDMB,Male,0,No,No,11,Yes,No,DSL,Yes,No,Yes,No,No,No,One year,No,Credit card (automatic),75.74,852.79,No
3435-ZEQGV,Female,0,No,No,4,Yes,No,DSL,Yes,No,No,No,Yes,No,One year,Yes,Mailed check,79.55,333.96,Yes
1439-DQQUU,Male,0,No,No,25,Yes,Yes,DSL,Yes,No,Yes,No,No,No,Two year,Yes,Mailed check,76.11,1897.51,No
1292-NYBDG,Male,0,Yes,Yes,34,Yes,No,DSL,No,No,No,No,Yes,No,Two year,No,Credit card (automatic),66.22,2223.73,No
8222-JFEKO,Female,0,No,No,28,Yes,Yes,No,No internet service,No internet service,No internet service,No internet service,No internet service,No internet service,Month-to-month,No,Mailed check,48.28,1326.2,No
7230-HVYHO,Male,0,No,No,6,Yes,Yes,DSL,Yes,No,Yes,No,Yes,No,Month-to-month,Yes,Electronic check,82.83,494.89,Yes
4760-EHFPZ,Male,0,Yes,No,11,Yes,No,DSL,Yes,Yes,No,No,No,Yes,One year,No,Electronic check,86.17,963.05,No
2234-VHJWN,Female,0,No,No,48,Yes,No,Fiber optic,No,No,No,No,No,Yes,Month-to-month,Yes,Bank transfer (automatic),94.94,4513.94,No
6434-HYIEH,Female,0,No,No,17,Yes,Yes,Fiber optic,Yes,Yes,Yes,No,Yes,No,Month-to-month,Yes,Credit card (automatic),114.12,1939.32,Yes
9244-QRJYJ,Female,0,No,No,30,Yes,Yes,Fiber optic,No,No,Yes,No,Yes,No,Month-to-month,Yes,Mailed check,99.99,2994.19,No
5123-MBXOY,Female,0,Yes,Yes,16,Yes,No,Fiber optic,No,Yes,Yes,No,No,No,Month-to-month,Yes,Electronic check,111.08,1796.3,Yes
4340-OGLDI,Male,0,No,Yes,44,No,No phone service,Fiber optic,Yes,Yes,No,Yes,No,Yes,One year,Yes,Credit card (automatic),87.26,3788.36,Yes
2124-XZFZV,Male,0,No,No,17,Yes,No,DSL,Yes,No,No,Yes,No,No,Month-to-month,No,Bank transfer (automatic),85.52,1458.07,No
9462-ABDTC,Male,0,Yes,No,24,Yes,No,Fiber optic,No,Yes,No,No,Yes,Yes,Month-to-month,No,Mailed check,115.57,2756.28,No
2184-BIXTK,Female,0,No,No,57,Yes,No,DSL,No,Yes,No,No,No,Yes,Month-to-month,Yes,Credit card (automatic),85.12,4855.47,No
3121-YXNCP,Female,0,No,No,29,Yes,No,Fiber optic,No,Yes,No,No,No,No,Two year,No,Electronic check,96.35,2848.86,No
4313-GGVMO,Male,0,Yes,Yes,13,Yes,No,No,No internet service,No internet service,No internet service,No internet service,No internet service,No internet service,Month-to-month,Yes,Bank transfer (automatic),36.2,503.47,No
2153-SSWES,Female,0,No,No,39,Yes,No,DSL,Yes,No,No,No,Yes,Yes,Two year,Yes,Mailed check,92.77,3621.25,No
2253-ZTKXJ,Male,1,Yes,No,6,No,No phone service,DSL,Yes,No,No,No,Yes,Yes,Two year,Yes,Electronic check,64.76,353.3,No
8998-MGKVV,Male,0,No,No,12,Yes,No,No,No internet service,No internet service,No internet service,No internet service,No internet service,No internet service,Month-to-month,Yes,Electronic check,29.64,341.34,Yes
3104-JEEHP,Female,0,No,No,7,No,No phone service,No,No internet service,No internet service,No internet service,No internet service,No internet service,No internet service,One year,No,Credit card (automatic),18.73,154.0,No
8915-VMGJC,Female,0,No,No,45,Yes,Yes,Fiber optic,Yes,No,No,No,Yes,No,Month-to-month,Yes,Credit card (automatic),95.04,4267.96,No
4646-WVIYX,Female,0,No,No,37,Yes,Yes,DSL,No,No,No,No,No,Yes,Month-to-month,No,Electronic check,73.24,2684.72,No
3512-MMMRO,Female,0,Yes,No,41,Yes,No,Fiber optic,No,No,No,No,No,No,Month-to-month,Yes,Electronic check,92.15,3777.32,No
4775-RNRVW,Female,0,Yes,Yes,33,Yes,Yes,Fiber optic,Yes,Yes,Yes,Yes,No,Yes,One year,Yes,Electronic check,120.0,3953.9,No
6593-SDOQR,Female,0,No,Yes,66,Yes,Yes,Fiber optic,No,Yes,No,Yes,Yes,No,Two year,Yes,Electronic check,120.0,7945.18,No
5360-AWZWD,Male,0,Yes,No,32,Yes,Yes,Fiber optic,No,No,Yes,No,Yes,No,Month-to-month,No,Bank transfer (automatic),100.2,3185.38,Yes
1770-NGTRX,Male,0,Yes,No,17,Yes,No,DSL,No,Yes,No,No,No,No,Month-to-month,Yes,Bank transfer (automatic),68.2,1141.4,No
1228-BFINR,Female,0,Yes,No,13,Yes,No,Fiber optic,No,Yes,Yes,No,No,No,One year,Yes,Electronic check,110.47,1445.82,Yes
3523-WHUGM,Male,0,No,No,32,Yes,No,Fiber optic,No,No,No,No,Yes,No,Month-to-month,Yes,Mailed check,102.85,3297.16,No
1698-CKCBO,Male,0,No,No,62,Yes,Yes,DSL,No,Yes,No,No,Yes,No,Month-to-month,No,Mailed check,84.46,5238.42,No
9404-ZKBJG,Male,0,Yes,No,8,Yes,Yes,Fiber optic,No,Yes,No,No,Yes,Yes,Month-to-month,Yes,Electronic check,112.1,899.52,No
2615-LYHVQ,Male,0,Yes,Yes,41,Yes,No,Fiber optic,Yes,No,Yes,Yes,No,No,One year,No,Bank transfer (automatic),109.89,4549.28,No
2158-TZQOZ,Female,0,Yes,No,24,Yes,Yes,Fiber optic,No,No,No,No,No,Yes,Month-to-month,Yes,Bank transfer (automatic),101.33,2414.43,Yes
3406-RETUZ,Male,1,Yes,Yes,56,Yes,Yes,Fiber optic,No,Yes,No,No,Yes,Yes,Month-to-month,Yes,Bank transfer (automatic),110.74,6193.86,No
6094-NDXSM,Male,0,Yes,No,5,Yes,Yes,No,No internet service,No internet service,No internet service,No internet service,No internet service,No internet service,Month-to-month,No,Bank transfer (automatic),41.31,235.13,Yes
9930-KSUZD,Female,0,No,No,72,Yes,No,Fiber optic,No,Yes,No,No,Yes,Yes,Month-to-month,Yes,Credit card (automatic),106.54,7658.37,No
2945-TPQKV,Male,0,No,No,23,Yes,No,DSL,Yes,Yes,No,No,No,Yes,Month-to-month,Yes,Bank transfer (automatic),80.61,1875.83,Yes
6909-HUAHX,Male,0,Yes,No,4,No,No phone service,Fiber optic,No,Yes,Yes,No,Yes,No,Month-to-month,No,Credit card (automatic),89.22,363.48,No
7303-FSHGB,Male,0,No,No,8,Yes,Yes,DSL,No,No,Yes,No,Yes,No,One year,Yes,Mailed check,88.04,670.11,No
8159-TEXRR,Female,0,No,No,72,Yes,Yes,DSL,No,Yes,No,No,No,No,One year,Yes,Electronic check,69.09,4959.43,No
7685-MOWZR,Male,0,Yes,Yes,41,Yes,Yes,No,No internet service,No internet service,No internet service,No internet service,No internet service,No internet service,Month-to-month,Yes,Electronic check,44.59,1828.77,Yes
2108-EXLFV,Female,0,Yes,Yes,21,Yes,Yes,Fiber optic,No,No,No,Yes,No,No,Two year,No,Mailed check,93.25,1922.93,No
5654-BIAGY,Male,1,No,Yes,72,Yes,No,DSL,No,No,No,No,No,Yes,Month-to-month,Yes,Credit card (automatic),74.73,5381.23,No
6153-KRCDM,Female,0,Yes,Yes,31,Yes,No,DSL,Yes,No,No,No,Yes,Yes,Month-to-month,No,Bank transfer (automatic),96.38,2969.23,Yes
5107-KVCKK,Male,0,No,Yes,53,Yes,Yes,Fiber optic,No,No,No,Yes,No,No,Month-to-month,No,Electronic check,90.7,4786.83,No
3456-OQKTG,Female,0,No,No,11,Yes,Yes,Fiber optic,No,No,Yes,Yes,Yes,No,Month-to-month,No,Electronic check,105.42,1259.49,No
8194-NWRIU,Male,0,No,No,21,Yes,No,Fiber optic,Yes,No,No,Yes,Yes,No,Two year,Yes,Mailed check,112.46,2388.56,No
5679-TBQIC,Female,1,Yes,Yes,31,No,No phone service,Fiber optic,No,No,No,Yes,No,Yes,One year,No,Mailed check,78.48,2452.93,No
7472-QQIID,Male,0,Yes,No,19,Yes,Yes,No,No internet service,No internet service,No internet service,No internet service,No internet service,No internet service,Month-to-month,No,Bank transfer (automatic),42.15,768.49,No
5841-KDJRG,Male,1,No,No,65,Yes,Yes,Fiber optic,Yes,Yes,No,No,No,No,Month-to-month,Yes,Electronic check,103.32,6686.68,No
9145-KTVHN,Male,0,Yes,No,40,Yes,No,No,No internet service,No internet service,No internet service,No internet service,No internet service,No internet service,Month-to-month,No,Mailed check,43.33,1745.44,No
8592-MRNMR,Male,0,Yes,No,8,No,No phone service,No,No internet service,No internet service,No internet service,No internet service,No internet service,No internet service,One year,Yes,Mailed check,18.25,94.09,No
4151-TIIEN,Male,0,No,No,22,No,No phone service,Fiber optic,No,Yes,No,No,No,No,Two year,Yes,Credit card (automatic),72.66,1578.35,No
6580-THNWN,Female,0,Yes,No,13,Yes,No,DSL,No,No,Yes,No,No,No,One year,No,Credit card (automatic),71.99,916.2,No
4244-XYMOO,Male,1,No,No,40,No,No phone service,Fiber optic,No,Yes,No,No,Yes,Yes,Month-to-month,Yes,Mailed check,96.66,3855.84,No
2365-EYPXG,Male,0,No,No,18,Yes,No,No,No internet service,No internet service,No internet service,No internet service,No internet service,No internet service,Month-to-month,Yes,Electronic check,37.25,692.02,No
3928-GNHWL,Female,0,No,Yes,4,Yes,No,Fiber optic,No,No,Yes,No,No,Yes,Month-to-month,Yes,Credit card (automatic),99.67,427.94,No
1534-YTSSW,Male,0,Yes,No,36,No,No phone service,Fiber optic,Yes,Yes,Yes,Yes,No,No,Month-to-month,Yes,Credit card (automatic),94.67,3419.97,Yes
8752-NSYND,Male,0,No,Yes,18,Yes,No,Fiber optic,Yes,No,No,No,Yes,Yes,Two year,No,Bank transfer (automatic),117.39,2086.64,No
4319-LTGDL,Male,0,No,No,72,Yes,Yes,DSL,No,No,Yes,No,Yes,Yes,Month-to-month,No,Bank transfer (automatic),95.01,6817.19,Yes
5175-PUZDY,Male,0,Yes,Yes,10,Yes,No,No,No internet service,No internet service,No internet service,No internet service,No internet service,No internet service,Two year,No,Bank transfer (automatic),41.0,433.21,No
9755-LEUDU,Male,0,No,No,14,Yes,No,Fiber optic,Yes,No,Yes,Yes,No,Yes,Month-to-month,No,Bank transfer (automatic),114.12,1611.8,Yes
7059-TTCRS,Male,1,Yes,Yes,22,No,No phone service,No,No internet service,No internet service,No internet service,No internet service,No internet service,No internet service,Month-to-month,Yes,Credit card (automatic),23.15,530.91,No
4488-GKGGV,Male,0,Yes,No,37,Yes,Yes,DSL,Yes,No,No,Yes,Yes,No,One year,Yes,Bank transfer (automatic),86.22,3167.37,No
1655-HREAT,Female,0,No,No,57,Yes,No,No,No internet service,No internet service,No internet service,No internet service,No internet service,No internet service,Month-to-month,No,Bank transfer (automatic),34.86,1977.0,No
3954-BDMBC,Male,0,Yes,No,21,Yes,Yes,DSL,No,No,Yes,No,Yes,No,Month-to-month,No,Credit card (automatic),71.73,1530.33,No
3535-JSKKT,Female,1,Yes,No,32,No,No phone service,DSL,No,Yes,Yes,No,Yes,Yes,Month-to-month,No,Credit card (automatic),77.63,2500.8,No
5414-NLERQ,Female,1,No,No,6,Yes,No,Fiber optic,No,No,No,Yes,No,No,Month-to-month,No,Mailed check,98.56,608.12,No
9576-RSWCA,Male,0,Yes,No,14,Yes,No,DSL,No,Yes,No,Yes,Yes,Yes,Month-to-month,Yes,Credit card (automatic),106.51,1500.49,Yes
6156-QCJWA,Male,0,No,No,19,Yes,Yes,Fiber optic,Yes,No,Yes,Yes,No,No,Two year,No,Mailed check,106.3,2003.75,No
2905-ZZNXD,Female,0,Yes,No,22,Yes,No,Fiber optic,No,No,No,No,No,Yes,Two year,Yes,Electronic check,100.27,2217.62,No
3603-GAXVR,Female,0,No,No,44,Yes,No,No,No internet service,No internet service,No internet service,No internet service,No internet service,No internet service,One year,Yes,Electronic check,44.17,1946.2,No
4143-PVSLS,Male,0,No,No,72,Yes,No,No,No internet service,No internet service,No internet service,No internet service,No internet service,No internet service,Month-to-month,No,Electronic check,44.35,3180.29,No
3539-ZQHPF,Female,0,Yes,No,15,Yes,No,DSL,Yes,No,No,No,No,No,Month-to-month,No,Mailed check,69.73,1031.78,No
3138-HIJZF,Female,0,No,No,40,Yes,No,Fiber optic,No,No,No,No,No,Yes,One year,Yes,Credit card (automatic),95.02,3803.29,No
9737-VJWLR,Male,0,Yes,No,65,Yes,No,No,No internet service,No internet service,No internet service,No internet service,No internet service,No internet service,Month-to-month,No,Electronic check,37.98,2466.48,No
9218-WSTBD,Male,0,Yes,No,63,No,No phone service,DSL,No,No,No,Yes,No,Yes,Month-to-month,No,Credit card (automatic),65.1,4092.73,No
2719-FSZEC,Female,0,Yes,No,12,Yes,No,Fiber optic,No,No,No,No,No,No,Month-to-month,Yes,Electronic check,86.77,1040.03,No
2073-YDKSD,Male,0,Yes,No,60,Yes,No,DSL,No,Yes,No,No,No,Yes,One year,Yes,Electronic check,75.85,4538.72,No
1487-VGOBK,Female,0,Yes,No,9,Yes,Yes,No,No internet service,No internet service,No internet service,No internet service,No internet service,No internet service,One year,Yes,Electronic check,38.95,357.82,No
7236-UPMXT,Male,0,No,No,8,Yes,No,No,No internet service,No internet service,No internet service,No internet service,No internet service,No internet service,Month-to-month,Yes,Mailed check,45.16,367.3,No
5033-PNMEE,Female,0,No,No,28,Yes,No,Fiber optic,No,Yes,Yes,No,No,No,One year,Yes,Credit card (automatic),107.92,3029.16,No
4217-JNYRY,Male,0,No,No,19,No,No phone service,DSL,No,No,No,Yes,No,No,Month-to-month,Yes,Electronic check,51.09,933.36,Yes
3661-TCISK,Male,0,No,No,72,Yes,No,Fiber optic,No,Yes,No,No,No,No,Month-to-month,Yes,Electronic check,106.5,7647.63,Yes
2314-BUKDD,Male,0,Yes,Yes,4,No,No phone service,No,No internet service,No internet service,No internet service,No internet service,No internet service,No internet service,Month-to-month,Yes,Credit card (automatic),19.11,56.96,Yes
1590-PHOKJ,Male,0,Yes,Yes,29,Yes,Yes,DSL,No,Yes,No,No,No,No,One year,Yes,Mailed check,77.15,2205.47,No
7463-YZMHM,Female,0,Yes,No,54,Yes,No,Fiber optic,Yes,No,No,No,No,No,Month-to-month,No,Mailed check,99.34,5392.48,No
4023-YUPLW,Male,0,No,Yes,4,Yes,No,DSL,No,No,No,Yes,No,No,Two year,Yes,Mailed check,72.94,294.93,No
2985-XZOOW,Female,0,No,Yes,20,Yes,No,No,No internet service,No internet service,No internet service,No internet service,No internet service,No internet service,Month-to-month,Yes,Bank transfer (automatic),45.57,896.34,No
4486-WPAHX,Female,0,Yes,No,53,No,No phone service,Fiber optic,No,No,Yes,No,No,Yes,Month-to-month,Yes,Mailed check,94.08,4971.82,Yes
4335-QYJXH,Male,0,Yes,Yes,26,Yes,No,Fiber optic,Yes,Yes,No,No,Yes,No,One year,No,Bank transfer (automatic),104.93,2695.28,No
4699-RABOP,Female,1,Yes,No,26,No,No phone service,DSL,Yes,Yes,Yes,No,No,No,Month-to-month,Yes,Credit card (automatic),66.28,1684.81,No
5365-QEVJW,Female,0,No,Yes,57,Yes,No,Fiber optic,No,Yes,Yes,No,Yes,No,Month-to-month,No,Electronic check,112.38,6413.08,Yes
5866-VXMIA,Female,0,Yes,Yes,38,Yes,No,Fiber optic,No,No,No,Yes,No,No,Month-to-month,Yes,Bank transfer (automatic),92.64,3568.88,Yes
3956-YUYMO,Male,0,No,No,14,Yes,No,DSL,No,No,No,No,No,No,Month-to-month,Yes,Credit card (automatic),63.88,909.31,Yes
4835-MHXPU,Female,0,Yes,No,72,Yes,No,Fiber optic,Yes,No,No,No,Yes,Yes,Month-to-month,Yes,Electronic check,105.78,7615.99,No
3351-WESAX,Female,0,Yes,No,23,Yes,Yes,Fiber optic,No,No,Yes,No,No,No,Month-to-month,No,Electronic check,100.21,2287.56,No
5306-FVVXK,Female,1,Yes,No,8,No,No phone service,Fiber optic,No,Yes,No,No,No,Yes,Month-to-month,No,Bank transfer (automatic),78.45,622.22,Yes
2146-MTKKZ,Male,0,No,No,28,No,No phone service,Fiber optic,No,No,Yes,No,No,No,Two year,Yes,Bank transfer (automatic),77.26,2119.95,No
9535-LEEIO,Female,0,No,No,25,Yes,Yes,DSL,Yes,No,No,Yes,No,Yes,Two year,No,Mailed check,81.07,2022.5,Yes
9232-ERPCZ,Male,0,Yes,No,37,Yes,Yes,Fiber optic,No,No,No,No,No,No,Month-to-month,Yes,Credit card (automatic),90.97,3358.44,Yes
7598-TOHEZ,Male,0,Yes,Yes,42,Yes,Yes,Fiber optic,No,No,No,No,Yes,No,Two year,Yes,Electronic check,101.8,4244.05,Yes
1393-YWONO,Male,0,Yes,Yes,6,Yes,No,DSL,Yes,No,No,No,No,Yes,Month-to-month,No,Electronic check,83.36,464.19,Yes
6053-ZTQZK,Female,0,Yes,No,22,Yes,No,DSL,No,Yes,No,No,No,Yes,Two year,Yes,Electronic check,75.27,1663.84,No
8051-XDQYA,Female,0,Yes,No,38,Yes,Yes,Fiber optic,Yes,No,No,No,No,Yes,Two year,No,Credit card (automatic),103.55,3903.56,No
5864-TUVQL,Male,1,Yes,No,27,Yes,No,No,No internet service,No internet service,No internet service,No internet service,No internet service,No internet service,One year,Yes,Electronic check,41.07,1147.66,No
9651-XVMKV,Female,0,No,No,17,No,No phone service,Fiber optic,No,No,No,No,No,No,Month-to-month,Yes,Bank transfer (automatic),68.92,1138.75,Yes
2738-FANRO,Male,0,No,No,47,Yes,No,Fiber optic,No,No,No,No,Yes,Yes,Two year,Yes,Credit card (automatic),105.28,4963.37,Yes
7691-EHSVY,Male,0,No,No,47,Yes,Yes,No,No internet service,No internet service,No internet service,No internet service,No internet service,No internet service,Month-to-month,No,Electronic check,41.1,1892.67,No
8492-ZROAR,Female,0,No,No,0,Yes,Yes,Fiber optic,No,No,No,No,No,No,Month-to-month,No,Electronic check,82.81,82.81,Yes
3154-JUBZF,Female,0,No,No,32,Yes,No,DSL,Yes,No,Yes,No,Yes,No,Two year,No,Credit card (automatic),85.39,2717.96,No
8824-PVDKW,Female,0,No,Yes,37,Yes,No,No,No internet service,No internet service,No internet service,No internet service,No internet service,No internet service,Month-to-month,No,Electronic check,44.08,1623.41,No
4329-EXXIV,Female,0,Yes,No,22,Yes,Yes,No,No internet service,No internet service,No internet service,No internet service,No internet service,No internet service,Month-to-month,No,Mailed check,40.56,896.5,No
3513-DMBWH,Male,1,Yes,No,30,No,No phone service,No,No internet service,No internet service,No internet service,No internet service,No internet service,No internet service,One year,Yes,Bank transfer (automatic),18.25,528.4,No
3656-AKDQA,Female,0,Yes,No,23,Yes,Yes,DSL,Yes,No,Yes,No,Yes,Yes,Two year,No,Bank transfer (automatic),92.75,2148.88,No
5579-VQXSQ,Male,0,No,No,36,Yes,No,Fiber optic,No,No,No,Yes,Yes,Yes,Month-to-month,Yes,Electronic check,110.42,3983.97,Yes
8444-QVAZN,Female,0,Yes,No,18,Yes,Yes,Fiber optic,No,No,No,No,No,Yes,Two year,Yes,Credit card (automatic),91.76,1630.88,Yes
3624-LBBWT,Male,1,Yes,Yes,18,No,No phone service,Fiber optic,No,No,No,No,Yes,No,Month-to-month,No,Bank transfer (automatic),71.59,1260.87,No
5560-UCRFW,Male,0,No,No,23,Yes,No,DSL,Yes,No,Yes,No,No,No,One year,Yes,Electronic check,74.55,1711.16,No
5661-YFDLM,Male,0,No,Yes,37,Yes,Yes,DSL,Yes,No,No,No,Yes,No,Month-to-month,Yes,Electronic check,80.33,2978.52,No
7928-GQJTH,Female,0,No,Yes,40,Yes,No,DSL,Yes,Yes,Yes,Yes,No,Yes,Month-to-month,No,Bank transfer (automatic),101.49,4041.37,No
3917-QXVDK,Male,1,No,No,69,Yes,Yes,DSL,No,No,No,No,No,No,Month-to-month,No,Mailed check,60.45,4170.44,Yes
9573-VXIIC,Female,0,No,Yes,9,No,No phone service,Fiber optic,No,Yes,No,No,No,No,Month-to-month,Yes,Mailed check,79.03,724.59,Yes
2544-MIZDO,Female,0,No,No,3,Yes,Yes,DSL,Yes,No,No,No,No,No,Month-to-month,Yes,Electronic check,70.02,216.85,Yes
1356-QIZCS,Male,0,Yes,No,47,Yes,Yes,Fiber optic,No,No,No,No,Yes,No,One year,Yes,Bank transfer (automatic),93.12,4365.23,No
5966-EWTHU,Female,0,No,No,28,Yes,No,DSL,No,No,Yes,No,No,No,Month-to-month,Yes,Electronic check,72.11,2043.82,Yes
5592-SLMYF,Male,0,No,No,4,Yes,Yes,Fiber optic,No,No,Yes,No,Yes,Yes,One year,Yes,Mailed check,106.45,410.21,Yes
3300-SDAHT,Male,1,Yes,No,23,No,No phone service,No,No internet service,No internet service,No internet service,No internet service,No internet service,No internet service,Two year,No,Bank transfer (automatic),23.78,502.14,No
6034-AMLFE,Female,0,No,No,57,Yes,Yes,Fiber optic,Yes,No,No,Yes,Yes,No,One year,Yes,Credit card (automatic),110.38,6250.94,No
8273-CHGTB,Male,0,No,Yes,18,Yes,No,DSL,No,No,Yes,No,No,No,Two year,Yes,Electronic check,63.98,1141.55,No
8736-PLYEU,Male,0,No,No,32,Yes,No,DSL,No,No,No,No,Yes,No,One year,Yes,Bank transfer (automatic),76.89,2448.3,No
8173-LIIAU,Male,0,No,No,15,No,No phone service,No,No internet service,No internet service,No internet service,No internet service,No internet service,No internet service,Two year,No,Electronic check,18.84,273.31,No
3571-NAPLE,Female,0,Yes,No,10,No,No phone service,Fiber optic,No,No,No,Yes,No,No,Two year,No,Electronic check,76.53,751.53,No
6544-LRNHA,Male,0,Yes,No,51,Yes,Yes,Fiber optic,Yes,Yes,Yes,No,Yes,No,Month-to-month,No,Electronic check,113.37,5769.89,No
8541-FDWLB,Male,0,Yes,No,16,Yes,No,Fiber optic,Yes,Yes,No,Yes,No,Yes,One year,No,Credit card (automatic),120.0,1896.16,No
7943-KPHTB,Female,0,No,No,21,Yes,No,DSL,No,Yes,Yes,No,No,No,One year,Yes,Mailed check,82.59,1744.61,Yes
5971-EQQNZ,Male,0,No,No,28,No,No phone service,DSL,Yes,No,Yes,Yes,Yes,Yes,One year,Yes,Credit card (automatic),69.81,1948.27,No
1002-DVIWV,Female,1,No,Yes,14,Yes,Yes,Fiber optic,Yes,Yes,Yes,No,No,No,Month-to-month,Yes,Electronic check,101.52,1438.81,Yes
9472-UFAVV,Male,0,No,No,72,Yes,Yes,DSL,No,No,No,No,No,No,Month-to-month,Yes,Bank transfer (automatic),58.99,4250.33,No
3653-ZBKZW,Female,0,No,No,46,Yes,No,Fiber optic,No,No,No,No,No,Yes,Two year,Yes,Mailed check,104.88,4810.65,No
2632-LLDYS,Female,1,Yes,No,7,Yes,No,DSL,Yes,No,No,No,No,Yes,Two year,No,Bank transfer (automatic),78.03,538.14,No
9367-XMSVG,Male,0,Yes,No,54,Yes,Yes,Fiber optic,No,No,No,Yes,No,Yes,Month-to-month,Yes,Credit card (automatic),111.28,6011.15,No
6045-PLLTE,Male,0,Yes,No,32,Yes,Yes,Fiber optic,No,No,No,Yes,No,No,Month-to-month,Yes,Credit card (automatic),92.48,2934.11,Yes
9354-SUXOG,Female,0,No,No,35,Yes,Yes,Fiber optic,No,No,No,No,No,No,Month-to-month,Yes,Credit card (automatic),96.77,3389.65,No
8929-PZLTA,Female,0,Yes,Yes,24,No,No phone service,Fiber optic,No,No,Yes,No,No,No,One year,Yes,Electronic check,78.55,1894.39,No
6649-BKHVH,Male,0,No,Yes,21,Yes,Yes,DSL,No,Yes,No,Yes,No,No,Month-to-month,Yes,Bank transfer (automatic),72.63,1474.13,Yes
7820-AVXIQ,Female,0,No,No,54,Yes,No,Fiber optic,No,No,No,No,Yes,No,Two year,No,Credit card (automatic),102.32,5503.05,No
9511-PHTAO,Male,1,Yes,No,10,Yes,Yes,Fiber optic,Yes,No,Yes,No,No,No,Month-to-month,Yes,Mailed check,97.87,990.29,No
6378-TWCHB,Female,0,No,Yes,62,Yes,Yes,Fiber optic,Yes,No,Yes,No,No,No,Month-to-month,No,Mailed check,109.08,6768.36,No
1834-VBVBT,Female,0,No,No,29,Yes,No,Fiber optic,Yes,No,Yes,No,Yes,No,Month-to-month,No,Mailed check,116.47,3370.7,No
8591-YVQJR,Female,0,No,Yes,7,Yes,Yes,Fiber optic,Yes,No,Yes,No,Yes,Yes,One year,Yes,Bank transfer (automatic),108.95,761.84,No
3696-AHSSV,Female,0,Yes,No,5,Yes,No,Fiber optic,No,Yes,No,No,Yes,No,One year,Yes,Electronic check,106.85,530.81,No
8146-QGCSR,Male,0,Yes,No,15,No,No phone service,DSL,No,No,No,No,Yes,No,One year,Yes,Electronic check,55.62,858.49,No
2724-FVYQC,Female,1,Yes,No,17,Yes,No,Fiber optic,Yes,Yes,Yes,No,No,Yes,Month-to-month,No,Electronic check,120.0,2011.44,Yes
4221-QOTNJ,Female,0,No,No,5,Yes,No,Fiber optic,No,No,Yes,No,No,No,Month-to-month,No,Bank transfer (automatic),102.98,533.22,Yes
7538-SIOHH,Female,0,No,Yes,38,Yes,No,DSL,Yes,Yes,No,Yes,Yes,No,Month-to-month,Yes,Electronic check,95.81,3645.56,No
6111-PLIJU,Female,0,No,No,43,Yes,Yes,DSL,Yes,No,No,Yes,Yes,No,Month-to-month,Yes,Credit card (automatic),92.63,4007.15,No
2597-COJEC,Female,0,No,No,41,Yes,Yes,Fiber optic,Yes,No,No,No,No,No,Month-to-month,No,Mailed check,92.56,3806.44,No
2197-EAFCT,Female,0,Yes,No,50,Yes,Yes,DSL,Yes,Yes,No,No,No,No,Month-to-month,Yes,Electronic check,84.74,4244.04,Yes
7912-FCXYW,Female,0,No,Yes,18,Yes,No,DSL,No,Yes,No,Yes,Yes,No,Two year,Yes,Bank transfer (automatic),81.17,1457.83,No
1989-SIWTP,Female,0,Yes,Yes,34,Yes,No,DSL,Yes,No,No,Yes,No,Yes,Month-to-month,No,Electronic check,88.54,3006.57,No
2991-XFCNX,Male,0,Yes,Yes,50,Yes,Yes,No,No internet service,No internet service,No internet service,No internet service,No internet service,No internet service,One year,No,Bank transfer (automatic),41.36,2099.5,No
6073-BMVRC,Male,1,No,No,39,Yes,Yes,Fiber optic,No,No,Yes,No,No,No,Month-to-month,No,Credit card (automatic),91.3,3529.88,Yes
6545-VQZKS,Male,0,No,Yes,32,Yes,Yes,No,No internet service,No internet service,No internet service,No internet service,No internet service,No internet service,Month-to-month,No,Mailed check,41.76,1318.13,No
6808-XGNPD,Male,0,No,No,64,Yes,Yes,Fiber optic,No,Yes,No,No,No,Yes,Month-to-month,No,Electronic check,107.34,6886.86,Yes
9803-XQWEV,Male,0,No,No,20,Yes,No,Fiber optic,No,No,Yes,Yes,No,Yes,Month-to-month,Yes,Mailed check,107.61,2162.72,No
6129-FYVIC,Male,0,Yes,No,20,Yes,No,Fiber optic,No,No,Yes,No,No,Yes,Month-to-month,Yes,Bank transfer (automatic),102.71,2093.04,Yes
1562-RANJH,Male,0,Yes,No,29,Yes,No,DSL,Yes,Yes,Yes,No,Yes,No,Two year,Yes,Mailed check,96.64,2789.25,No
6744-HGXHN,Female,1,Yes,No,29,Yes,Yes,No,No internet service,No internet service,No internet service,No internet service,No internet service,No internet service,Month-to-month,No,Bank transfer (automatic),34.13,989.91,No
1772-NZNFU,Male,0,No,No,28,Yes,No,No,No internet service,No internet service,No internet service,No internet service,No internet service,No internet service,Month-to-month,No,Electronic check,36.32,1040.65,No
8955-YSQXI,Female,0,No,No,6,Yes,No,Fiber optic,Yes,Yes,No,Yes,No,No,Two year,No,Credit card (automatic),109.09,662.41,No
2273-CPMKP,Male,0,Yes,No,55,Yes,No,Fiber optic,No,No,No,Yes,Yes,No,Month-to-month,Yes,Mailed check,102.51,5661.96,Yes
2844-HUPPR,Male,0,Yes,No,34,Yes,No,Fiber optic,No,Yes,Yes,No,No,No,One year,Yes,Bank transfer (automatic),100.41,3399.57,No
6457-TJPNN,Female,0,No,No,1,Yes,No,DSL,Yes,No,No,Yes,No,Yes,One year,Yes,Electronic check,82.67,92.7,No
3873-AWJSA,Female,0,No,No,4,No,No phone service,Fiber optic,No,Yes,No,No,Yes,No,Month-to-month,No,Electronic check,87.95,319.73,Yes
6190-UFLXR,Female,0,Yes,No,64,Yes,Yes,Fiber optic,Yes,Yes,No,No,No,No,Month-to-month,No,Mailed check,96.22,6184.59,Yes
8477-SOMFO,Female,0,Yes,No,17,Yes,Yes,Fiber optic,No,No,Yes,No,No,No,Two year,No,Bank transfer (automatic),96.9,1651.8,No
1548-GMPCO,Female,0,No,Yes,28,Yes,No,No,No internet service,No internet service,No internet service,No internet service,No internet service,No internet service,Month-to-month,Yes,Credit card (automatic),36.02,1019.21,No
4738-SYLKQ,Female,0,No,Yes,11,No,No phone service,Fiber optic,No,No,No,No,No,No,Month-to-month,Yes,Electronic check,73.14,793.77,Yes
7265-XEOPM,Male,1,Yes,No,72,Yes,No,DSL,Yes,No,No,No,Yes,Yes,Month-to-month,Yes,Credit card (automatic),95.85,6907.27,No
3053-LWDKN,Female,0,Yes,No,24,Yes,No,DSL,No,Yes,No,Yes,No,Yes,Month-to-month,Yes,Electronic check,87.85,2133.2,Yes
3822-ZYNHT,Female,0,No,Yes,17,Yes,Yes,DSL,Yes,Yes,Yes,No,No,Yes,Two year,Yes,Credit card (automatic),98.96,1660.2,No
9379-KEPBH,Male,0,No,No,52,Yes,No,Fiber optic,No,No,No,No,No,No,Two year,No,Electronic check,93.9,4914.84,No
9449-KUUKX,Male,0,Yes,No,9,Yes,No,No,No internet service,No internet service,No internet service,No internet service,No internet service,No internet service,Two year,No,Mailed check,36.58,336.72,No
2770-WHYXS,Female,0,No,No,57,Yes,Yes,No,No internet service,No internet service,No internet service,No internet service,No internet service,No internet service,Month-to-month,No,Bank transfer (automatic),44.65,2529.88,No
8309-QILHR,Male,0,No,Yes,23,No,No phone service,Fiber optic,Yes,No,No,No,No,No,Two year,Yes,Mailed check,80.99,1849.65,Yes
4577-QIRHA,Female,0,Yes,No,45,Yes,No,DSL,No,Yes,Yes,No,No,No,One year,Yes,Credit card (automatic),81.75,3688.42,No
7724-XXQKC,Male,0,Yes,Yes,32,Yes,No,No,No internet service,No internet service,No internet service,No internet service,No internet service,No internet service,One year,Yes,Credit card (automatic),43.78,1389.13,No
8149-BCWWP,Male,0,No,No,21,No,No phone service,No,No internet service,No internet service,No internet service,No internet service,No internet service,No internet service,One year,Yes,Electronic check,30.62,660.47,No
1240-LZGZY,Male,0,No,Yes,6,Yes,No,Fiber optic,No,No,No,No,No,Yes,One year,Yes,Electronic check,95.2,575.39,No
2786-SKRHT,Female,0,Yes,No,29,Yes,Yes,DSL,No,Yes,No,No,No,No,Month-to-month,Yes,Electronic check,74.24,2183.21,Yes
4471-WWBSM,Male,1,No,Yes,13,Yes,Yes,DSL,Yes,No,No,No,No,Yes,One year,No,Electronic check,76.5,1003.78,No
6857-WRSIQ,Female,0,Yes,Yes,28,Yes,Yes,Fiber optic,No,Yes,No,Yes,No,Yes,One year,No,Bank transfer (automatic),114.26,3219.27,No
6907-ECXYW,Female,0,No,No,48,Yes,No,DSL,No,No,No,Yes,No,Yes,Month-to-month,No,Electronic check,77.98,3745.34,No
4786-WSDCQ,Male,0,Yes,No,39,Yes,No,Fiber optic,No,No,No,Yes,Yes,No,Month-to-month,Yes,Mailed check,106.56,4127.41,Yes
5945-VSQRG,Female,0,Yes,Yes,1,No,No phone service,Fiber optic,No,Yes,No,No,Yes,Yes,Month-to-month,Yes,Electronic check,100.25,97.54,Yes
8759-ATDAN,Male,0,Yes,No,20,No,No phone service,No,No internet service,No internet service,No internet service,No internet service,No internet service,No internet service,One year,Yes,Credit card (automatic),23.43,437.7,No
6696-EVEOO,Female,0,No,Yes,15,Yes,No,Fiber optic,No,No,No,Yes,Yes,No,One year,No,Electronic check,113.91,1707.78,No
6722-VUBTH,Male,0,No,Yes,17,Yes,No,DSL,No,No,Yes,No,No,No,One year,Yes,Bank transfer (automatic),70.74,1210.34,No
9826-LRGJM,Male,0,No,Yes,30,Yes,No,DSL,No,No,No,No,No,Yes,One year,Yes,Bank transfer (automatic),78.52,2340.8,No
1203-HKVOO,Female,1,Yes,No,18,Yes,No,DSL,No,No,No,No,No,Yes,Month-to-month,Yes,Mailed check,76.67,1362.5,Yes
5119-URHGX,Female,0,No,No,13,Yes,No,DSL,No,No,No,No,No,No,One year,Yes,Bank transfer (automatic),66.98,895.02,No
7452-NNWTH,Female,0,No,Yes,8,Yes,No,Fiber optic,Yes,No,No,Yes,No,No,Month-to-month,Yes,Electronic check,104.39,800.06,Yes
8659-QAIWB,Female,0,No,No,19,No,No phone service,Fiber optic,No,No,Yes,No,No,No,Two year,Yes,Bank transfer (automatic),74.13,1436.98,Yes
8329-MKAXM,Male,0,Yes,Yes,46,Yes,No,No,No internet service,No internet service,No internet service,No internet service,No internet service,No internet service,Month-to-month,Yes,Electronic check,40.52,1876.57,No
2234-TSTLS,Male,1,No,Yes,48,Yes,No,DSL,No,Yes,No,No,No,No,Two year,No,Electronic check,68.38,3248.25,No
4182-LSZLU,Male,0,Yes,No,33,Yes,No,Fiber optic,Yes,No,Yes,No,Yes,No,Month-to-month,Yes,Credit card (automatic),116.64,3796.37,No
5693-DPXVY,Female,0,Yes,No,3,Yes,No,Fiber optic,No,No,No,No,No,Yes,One year,Yes,Electronic check,94.7,261.53,Yes
8837-HCRHI,Male,0,No,No,30,Yes,Yes,DSL,No,No,No,No,Yes,No,Month-to-month,No,Electronic check,72.48,2158.83,Yes
4103-CWMCB,Male,0,Yes,Yes,69,No,No phone service,Fiber optic,Yes,Yes,Yes,No,No,No,Month-to-month,No,Electronic check,94.17,6494.54,No
6043-YNCXJ,Male,1,Yes,Yes,8,Yes,Yes,DSL,Yes,Yes,No,Yes,No,No,One year,Yes,Bank transfer (automatic),88.33,697.88,No
5568-OJRSD,Male,0,No,No,18,Yes,Yes,DSL,Yes,No,No,No,No,No,Month-to-month,No,Bank transfer (automatic),73.94,1343.1,No
7484-VPFWG,Male,0,Yes,No,46,Yes,No,Fiber optic,Yes,No,Yes,No,Yes,No,Month-to-month,Yes,Electronic check,108.36,4966.12,Yes
1123-CSNSP,Male,1,No,No,3,Yes,No,Fiber optic,Yes,No,No,No,No,No,Month-to-month,No,Mailed check,98.72,293.96,Yes
5173-HJFLJ,Male,0,No,Yes,19,Yes,No,Fiber optic,No,Yes,Yes,Yes,Yes,Yes,Month-to-month,No,Credit card (automatic),120.0,2272.12,Yes
7471-FZCKK,Female,0,No,No,72,Yes,No,No,No internet service,No internet service,No internet service,No internet service,No internet service,No internet service,Month-to-month,Yes,Bank transfer (automatic),45.94,3306.13,No
3717-YMYQE,Male,0,Yes,Yes,72,Yes,No,DSL,Yes,Yes,No,No,Yes,No,Month-to-month,Yes,Credit card (automatic),88.49,6379.85,No
5026-NAQWK,Male,0,No,No,72,Yes,No,Fiber optic,No,Yes,Yes,No,No,Yes,Month-to-month,Yes,Electronic check,109.87,7911.44,Yes
3867-LBBUE,Female,0,No,No,19,Yes,Yes,Fiber optic,No,Yes,No,No,No,Yes,Month-to-month,No,Electronic check,97.52,1867.13,No
8977-ZZCEG,Male,0,Yes,Yes,63,Yes,No,Fiber optic,No,Yes,Yes,No,Yes,No,Month-to-month,No,Mailed check,115.29,7276.04,No
8457-OGOAU,Male,0,No,No,31,Yes,Yes,Fiber optic,Yes,No,Yes,No,No,Yes,One year,Yes,Mailed check,114.42,3517.71,No
3954-AFNIX,Male,0,No,No,12,Yes,Yes,DSL,Yes,Yes,Yes,Yes,No,No,Month-to-month,Yes,Bank transfer (automatic),90.23,1091.45,Yes
2875-WMGOK,Male,0,Yes,No,16,Yes,Yes,Fiber optic,Yes,No,No,No,No,No,Month-to-month,No,Credit card (automatic),104.92,1665.13,No
4650-ORRYZ,Female,0,Yes,No,36,Yes,No,No,No internet service,No internet service,No internet service,No internet service,No internet service,No internet service,One year,Yes,Bank transfer (automatic),41.89,1516.64,No
9842-WUIHO,Male,0,No,No,3,Yes,Yes,Fiber optic,No,No,No,Yes,No,No,Month-to-month,Yes,Mailed check,88.87,275.04,No
5798-SIVHD,Male,0,Yes,Yes,23,No,No phone service,Fiber optic,Yes,Yes,No,Yes,Yes,Yes,Month-to-month,Yes,Bank transfer (automatic),94.1,2147.82,No
3861-UYBUW,Male,0,No,No,29,Yes,Yes,DSL,Yes,No,No,Yes,Yes,No,One year,Yes,Electronic check,81.34,2361.35,No
7010-HNMUJ,Male,0,Yes,No,41,Yes,No,DSL,No,Yes,No,Yes,No,No,One year,Yes,Mailed check,83.91,3438.8,No
3708-MIMVH,Female,0,Yes,No,4,Yes,No,No,No internet service,No internet service,No internet service,No internet service,No internet service,No internet service,Month-to-month,No,Electronic check,43.82,188.64,No
1924-VQMDM,Male,0,No,No,23,No,No phone service,No,No internet service,No internet service,No internet service,No internet service,No internet service,No internet service,Month-to-month,Yes,Bank transfer (automatic),20.47,479.42,Yes
3429-ITOPD,Female,0,No,Yes,50,Yes,No,DSL,No,Yes,No,No,No,No,Month-to-month,Yes,Bank transfer (automatic),75.29,3777.9,No
5035-VTJBE,Female,0,Yes,Yes,72,Yes,No,Fiber optic,No,No,No,Yes,Yes,Yes,Month-to-month,No,Credit card (automatic),108.59,7825.6,No
4908-BVVJO,Female,0,No,Yes,12,Yes,Yes,DSL,No,No,No,Yes,Yes,No,One year,Yes,Mailed check,76.76,883.32,No
3689-PEMST,Female,0,Yes,No,63,Yes,Yes,DSL,No,No,No,No,Yes,No,One year,No,Electronic check,74.61,4714.55,No
5760-CDTMZ,Female,0,Yes,No,48,Yes,No,Fiber optic,Yes,Yes,No,No,No,No,Month-to-month,No,Electronic check,94.06,4519.7,Yes
3505-KJQGX,Female,1,No,No,70,Yes,Yes,No,No internet service,No internet service,No internet service,No internet service,No internet service,No internet service,One year,Yes,Credit card (automatic),35.83,2555.43,No
2937-BMZCC,Female,0,Yes,No,3,Yes,No,Fiber optic,No,No,No,No,No,No,Two year,No,Electronic check,88.6,279.3,No
3285-GYZIU,Male,0,No,No,43,Yes,No,No,No internet service,No internet service,No internet service,No internet service,No internet service,No internet service,Two year,No,Mailed check,38.56,1676.42,No
5142-JFRSA,Male,0,Yes,No,62,Yes,No,No,No internet service,No internet service,No internet service,No internet service,No internet service,No internet service,Month-to-month,Yes,Electronic check,39.9,2492.09,No
9514-TGAKC,Male,0,No,No,26,Yes,Yes,Fiber optic,No,Yes,Yes,No,Yes,No,Two year,No,Credit card (automatic),109.58,2852.01,No
2210-KRFQB,Female,0,Yes,No,20,Yes,Yes,Fiber optic,No,Yes,Yes,No,Yes,Yes,Month-to-month,Yes,Electronic check,115.85,2301.79,Yes
3202-POSHS,Female,0,No,No,29,Yes,No,DSL,Yes,Yes,No,No,No,No,Month-to-month,No,Mailed check,79.52,2310.79,No
7791-ZIFZK,Male,1,No,No,59,Yes,No,No,No internet service,No internet service,No internet service,No internet service,No internet service,No internet service,Month-to-month,No,Bank transfer (automatic),40.23,2382.1,No
1664-NMEVP,Male,0,Yes,No,13,Yes,No,DSL,No,No,Yes,No,No,Yes,Month-to-month,No,Bank transfer (automatic),78.33,1010.64,No
7318-IYXWP,Male,0,Yes,No,12,Yes,No,Fiber optic,No,No,No,Yes,Yes,No,Month-to-month,Yes,Bank transfer (automatic),98.21,1134.08,No
4368-MYUVX,Female,0,No,No,2,Yes,Yes,No,No internet service,No internet service,No internet service,No internet service,No internet service,No internet service,Month-to-month,No,Electronic check,45.12,71.65,No
9199-FVKYM,Female,0,Yes,No,24,No,No phone service,DSL,No,Yes,No,Yes,No,No,One year,Yes,Electronic check,54.43,1301.97,No
7200-XYEGF,Female,0,No,No,7,Yes,Yes,Fiber optic,No,No,Yes,No,No,Yes,One year,No,Electronic check,100.13,745.19,No
9239-OMMKD,Male,0,No,Yes,24,Yes,Yes,Fiber optic,No,No,Yes,No,Yes,Yes,One year,Yes,Credit card (automatic),113.25,2708.55,No
7965-DZYMI,Male,0,No,No,11,Yes,No,DSL,No,Yes,No,No,No,No,Month-to-month,Yes,Electronic check,69.35,814.19,Yes
8912-JVDBT,Male,0,Yes,No,16,Yes,Yes,DSL,No,No,Yes,No,No,No,Month-to-month,No,Mailed check,71.91,1151.55,Yes
4888-SWYIB,Female,1,Yes,Yes,19,Yes,Yes,Fiber optic,No,No,Yes,No,No,No,One year,Yes,Electronic check,96.55,1829.16,Yes
4870-FVHDL,Female,0,Yes,No,30,Yes,No,No,No internet service,No internet service,No internet service,No internet service,No internet service,No internet service,One year,No,Mailed check,38.66,1152.78,No
6643-GGJOI,Female,0,Yes,Yes,32,Yes,Yes,DSL,No,Yes,No,No,No,No,Month-to-month,Yes,Electronic check,71.88,2314.53,Yes
5598-KXTRB,Male,1,Yes,No,21,Yes,Yes,Fiber optic,No,No,No,No,No,Yes,Two year,Yes,Credit card (automatic),91.72,1913.19,No
4460-SMPRM,Male,0,No,Yes,18,Yes,Yes,Fiber optic,No,Yes,Yes,Yes,No,Yes,One year,No,Credit card (automatic),113.63,2044.18,No
2003-ABPGF,Female,1,Yes,Yes,16,Yes,Yes,DSL,No,No,Yes,No,No,Yes,One year,No,Mailed check,84.63,1331.49,No
3663-LKMNW,Male,0,Yes,No,5,Yes,No,DSL,No,No,No,Yes,No,No,One year,Yes,Credit card (automatic),75.36,351.26,Yes
7546-PDZSR,Female,0,Yes,Yes,59,No,No phone service,No,No internet service,No internet service,No internet service,No internet service,No internet service,No internet service,One year,No,Electronic check,21.63,1289.39,No
9039-ZWGOS,Male,0,Yes,No,12,Yes,Yes,Fiber optic,Yes,No,Yes,No,No,No,One year,Yes,Mailed check,102.62,1195.17,Yes
7840-AMCJZ,Male,0,No,No,27,Yes,No,No,No internet service,No internet service,No internet service,No internet service,No internet service,No internet service,Two year,No,Electronic check,43.44,1160.34,No
4439-LTQVA,Female,0,Yes,No,8,Yes,No,No,No internet service,No internet service,No internet service,No internet service,No internet service,No internet service,Month-to-month,No,Mailed check,48.96,400.2,Yes
7406-MQVSF,Male,1,No,Yes,43,Yes,No,No,No internet service,No internet service,No internet service,No internet service,No internet service,No internet service,Month-to-month,Yes,Mailed check,35.56,1518.14,No
7874-FRVIV,Male,1,No,Yes,27,Yes,Yes,DSL,Yes,Yes,No,Yes,No,No,Month-to-month,Yes,Bank transfer (automatic),84.19,2263.47,No
9247-FCTKN,Female,1,Yes,Yes,34,Yes,No,Fiber optic,No,No,No,Yes,No,No,Two year,Yes,Credit card (automatic),96.4,3304.04,No
4224-DRGLE,Male,0,No,No,8,Yes,Yes,DSL,No,Yes,Yes,No,Yes,No,Month-to-month,No,Credit card (automatic),85.34,700.36,Yes
3399-QVRBO,Male,0,Yes,No,35,Yes,Yes,Fiber optic,No,Yes,Yes,No,No,No,Month-to-month,Yes,Electronic check,99.84,3519.66,Yes
7812-DSEJC,Female,0,Yes,Yes,3,Yes,No,No,No internet service,No internet service,No internet service,No internet service,No internet service,No internet service,Month-to-month,Yes,Bank transfer (automatic),41.31,106.62,No
9313-DZYGJ,Male,0,No,Yes,15,Yes,Yes,Fiber optic,No,No,No,No,Yes,Yes,Month-to-month,Yes,Credit card (automatic),106.42,1610.18,Yes
2981-NYTSS,Male,0,No,Yes,9,Yes,No,DSL,No,Yes,No,Yes,Yes,No,Two year,No,Mailed check,89.18,801.65,No
6277-BBJBH,Male,0,Yes,Yes,27,Yes,Yes,DSL,Yes,No,No,No,Yes,Yes,One year,No,Mailed check,81.18,2156.58,No
2524-HLRFS,Male,0,No,Yes,61,No,No phone service,DSL,Yes,No,No,No,No,Yes,Month-to-month,Yes,Bank transfer (automatic),61.89,3759.8,No
5298-JRBIG,Male,0,Yes,No,39,Yes,No,DSL,No,No,No,No,No,Yes,Two year,Yes,Electronic check,66.39,2634.18,No
7866-ZSCMW,Female,0,No,Yes,71,Yes,No,DSL,No,Yes,No,Yes,No,No,Two year,Yes,Bank transfer (automatic),77.63,5498.55,No
6319-QEKIE,Male,0,No,No,28,Yes,No,Fiber optic,No,Yes,No,Yes,No,No,One year,No,Mailed check,98.37,2775.64,No
3912-NTYHT,Male,0,Yes,Yes,43,Yes,Yes,Fiber optic,Yes,No,No,No,Yes,Yes,One year,No,Electronic check,110.05,4739.72,Yes
2240-CLVKP,Male,1,No,No,53,Yes,Yes,Fiber optic,No,No,No,No,No,No,One year,No,Credit card (automatic),88.0,4638.24,No
5470-SSGEL,Male,0,No,No,53,Yes,No,DSL,No,Yes,Yes,No,Yes,No,One year,Yes,Electronic check,84.55,4515.51,Yes
7221-TJNLU,Female,0,Yes,Yes,7,Yes,No,DSL,No,No,No,Yes,Yes,Yes,Two year,Yes,Credit card (automatic),90.32,641.28,Yes
8033-NPFIU,Male,0,No,No,12,Yes,No,Fiber optic,No,No,No,Yes,No,Yes,One year,Yes,Bank transfer (automatic),108.88,1300.97,Yes
1530-BTWLB,Male,0,No,Yes,49,Yes,No,DSL,No,Yes,No,No,No,No,Month-to-month,No,Electronic check,75.2,3712.52,No
6479-EUEER,Male,0,Yes,No,71,Yes,Yes,DSL,No,No,No,No,No,Yes,Month-to-month,No,Electronic check,68.09,4804.03,No
1070-SGAVN,Male,0,No,No,11,Yes,No,No,No internet service,No internet service,No internet service,No internet service,No internet service,No internet service,Month-to-month,Yes,Bank transfer (automatic),43.92,475.53,Yes
2288-DGBXU,Male,0,No,No,13,Yes,No,DSL,Yes,No,No,Yes,No,No,Month-to-month,Yes,Electronic check,81.81,1082.96,Yes
1089-GVUXW,Female,0,No,No,39,No,No phone service,DSL,No,No,No,No,No,No,One year,Yes,Electronic check,42.64,1675.72,No
2521-VEFTG,Female,0,Yes,Yes,18,No,No phone service,DSL,No,Yes,No,No,Yes,No,Two year,Yes,Mailed check,59.75,1091.75,No
6042-WJRDL,Male,0,No,No,51,No,No phone service,DSL,No,No,No,Yes,No,Yes,Month-to-month,No,Credit card (automatic),49.42,2532.85,No
5696-VZDGN,Female,1,No,No,42,Yes,No,No,No internet service,No internet service,No internet service,No internet service,No internet service,No internet service,Month-to-month,Yes,Mailed check,42.5,1786.67,No
6754-LBDZI,Male,1,No,No,56,Yes,No,No,No internet service,No internet service,No internet service,No internet service,No internet service,No internet service,One year,No,Mailed check,45.46,2526.12,No
5103-PBCVV,Male,0,Yes,No,20,Yes,Yes,Fiber optic,No,Yes,No,Yes,Yes,Yes,Month-to-month,No,Bank transfer (automatic),120.0,2384.61,Yes
8179-IBOXC,Female,0,No,Yes,17,Yes,No,DSL,No,No,No,Yes,No,No,Month-to-month,Yes,Bank transfer (automatic),84.38,1447.6,Yes
4772-TTRXC,Female,0,No,No,13,Yes,No,Fiber optic,No,Yes,Yes,No,No,Yes,Two year,Yes,Electronic check,115.01,1476.78,No
4408-QUMCL,Male,0,Yes,No,70,Yes,Yes,DSL,No,No,No,No,No,Yes,Month-to-month,Yes,Mailed check,70.26,4886.55,No
1256-ELSQE,Female,1,Yes,Yes,8,Yes,No,Fiber optic,No,No,Yes,Yes,No,No,One year,No,Mailed check,106.34,874.05,No
3027-PEFAP,Male,0,No,No,7,Yes,No,Fiber optic,No,No,No,No,No,No,One year,Yes,Electronic check,91.94,710.89,Yes
4235-KDALR,Female,1,No,No,28,Yes,No,No,No internet service,No internet service,No internet service,No internet service,No internet service,No internet service,One year,No,Electronic check,31.47,874.26,No
9250-OSSPK,Female,0,No,No,17,No,No phone service,DSL,Yes,No,No,Yes,Yes,Yes,Month-to-month,No,Bank transfer (automatic),72.54,1212.29,No
5903-AVQRX,Female,0,Yes,Yes,53,Yes,No,DSL,Yes,No,No,No,No,Yes,Month-to-month,No,Electronic check,77.89,4162.19,No
4051-NEOQZ,Female,0,No,No,6,Yes,No,DSL,Yes,No,No,No,No,No,Month-to-month,No,Bank transfer (automatic),80.96,476.92,Yes
2234-DMZZB,Female,1,Yes,Yes,22,Yes,No,Fiber optic,No,Yes,Yes,No,No,Yes,Month-to-month,Yes,Mailed check,107.14,2355.64,Yes
6981-SIESL,Female,0,No,No,4,Yes,Yes,No,No internet service,No internet service,No internet service,No internet service,No internet service,No internet service,Month-to-month,No,Electronic check,44.36,133.37,No
9448-CASDD,Female,0,Yes,No,19,Yes,No,Fiber optic,No,Yes,No,No,Yes,Yes,One year,No,Credit card (automatic),105.42,1969.68,Yes
9007-BWISI,Male,0,Yes,Yes,28,Yes,No,DSL,Yes,No,No,No,Yes,Yes,Month-to-month,Yes,Credit card (automatic),92.16,2585.56,Yes
4169-YBYLU,Male,0,No,Yes,25,Yes,Yes,Fiber optic,No,Yes,No,No,Yes,No,Two year,Yes,Bank transfer (automatic),111.62,2779.37,No
6912-AFBPP,Male,0,No,Yes,23,Yes,Yes,Fiber optic,No,No,No,No,No,No,Two year,Yes,Bank transfer (automatic),93.51,2129.64,No
3182-RQVDI,Female,0,Yes,No,42,Yes,No,DSL,No,No,No,Yes,Yes,Yes,Month-to-month,Yes,Bank transfer (automatic),93.73,3945.42,No
5231-BWMUZ,Male,0,Yes,No,11,No,No phone service,Fiber optic,Yes,Yes,No,No,No,No,Month-to-month,Yes,Electronic check,88.4,966.82,Yes
7965-GBCKI,Male,0,No,Yes,34,Yes,Yes,Fiber optic,No,No,Yes,No,No,No,Month-to-month,Yes,Bank transfer (automatic),102.75,3489.07,No
8790-VHJBK,Female,0,No,No,23,Yes,Yes,Fiber optic,Yes,Yes,No,Yes,Yes,No,One year,No,Electronic check,110.92,2569.78,No
8609-LKMZL,Male,0,Yes,No,19,Yes,No,Fiber optic,No,Yes,Yes,No,No,No,Month-to-month,Yes,Credit card (automatic),97.32,1845.66,Yes
3497-PCTAT,Female,0,No,Yes,37,No,No phone service,Fiber optic,No,No,Yes,Yes,No,Yes,Month-to-month,Yes,Mailed check,91.19,3354.53,No
4094-PTPKE,Female,1,Yes,No,30,Yes,No,Fiber optic,No,No,No,No,No,No,One year,Yes,Bank transfer (automatic),91.29,2756.17,No
6095-DCGXL,Male,0,No,No,36,Yes,No,No,No internet service,No internet service,No internet service,No internet service,No internet service,No internet service,Month-to-month,Yes,Electronic check,43.35,1561.87,No
3351-SKCXJ,Male,0,Yes,No,72,Yes,Yes,Fiber optic,No,No,No,Yes,Yes,No,Month-to-month,No,Mailed check,103.95,7471.59,No
3163-TCKDD,Male,0,Yes,No,22,Yes,No,Fiber optic,Yes,No,No,No,Yes,No,Month-to-month,Yes,Electronic check,108.07,2393.04,Yes
8099-PIEFU,Male,0,No,Yes,7,Yes,No,Fiber optic,No,No,Yes,Yes,Yes,No,Month-to-month,Yes,Mailed check,114.21,774.7,Yes
2730-DPDID,Male,0,Yes,Yes,11,Yes,No,DSL,No,No,No,No,Yes,No,Two year,Yes,Mailed check,78.42,856.04,Yes
3282-VTDOB,Male,0,No,Yes,69,Yes,No,Fiber optic,No,Yes,No,Yes,No,Yes,One year,Yes,Bank transfer (automatic),109.47,7546.6,No
8001-XQFWH,Male,0,Yes,Yes,19,Yes,No,Fiber optic,No,Yes,No,No,No,Yes,Month-to-month,No,Mailed check,100.88,1951.54,No
8244-YUZOG,Male,0,Yes,No,42,Yes,Yes,DSL,No,Yes,No,No,No,No,One year,Yes,Electronic check,76.62,3246.89,No
6200-DQELH,Female,0,No,No,24,Yes,No,Fiber optic,No,Yes,No,Yes,Yes,No,Month-to-month,No,Bank transfer (automatic),109.24,2614.36,Yes
3925-JUACR,Female,0,No,No,9,Yes,Yes,Fiber optic,No,No,Yes,No,Yes,Yes,Month-to-month,Yes,Electronic check,104.35,965.66,No
4578-KHNVL,Male,1,Yes,No,29,Yes,No,DSL,Yes,No,No,Yes,No,No,One year,No,Credit card (automatic),79.47,2302.8,No
4429-WRBZI,Female,0,No,No,14,Yes,No,DSL,Yes,Yes,No,No,No,No,Month-to-month,Yes,Bank transfer (automatic),79.8,1130.92,Yes
3158-DOVRB,Male,0,Yes,Yes,15,Yes,No,No,No internet service,No internet service,No internet service,No internet service,No internet service,No internet service,One year,Yes,Bank transfer (automatic),43.5,641.94,No
2196-XONHW,Male,1,No,No,25,Yes,Yes,DSL,No,Yes,No,No,No,Yes,Month-to-month,Yes,Credit card (automatic),86.44,2188.39,No
5925-NWKXP,Male,0,Yes,Yes,5,Yes,Yes,No,No internet service,No internet service,No internet service,No internet service,No internet service,No internet service,Month-to-month,Yes,Electronic check,37.18,220.3,No
2463-BCZTP,Male,0,No,Yes,41,Yes,No,No,No internet service,No internet service,No internet service,No internet service,No internet service,No internet service,Month-to-month,Yes,Mailed check,42.78,1748.49,Yes
3308-MJPKZ,Male,1,Yes,No,17,No,No phone service,Fiber optic,Yes,Yes,Yes,No,No,Yes,One year,No,Bank transfer (automatic),95.53,1638.53,No
7465-EODXM,Male,0,No,No,45,No,No phone service,Fiber optic,No,No,Yes,No,No,No,Month-to-month,No,Bank transfer (automatic),76.45,3481.38,No
3587-CICVF,Male,1,No,No,44,Yes,Yes,DSL,Yes,Yes,No,No,No,No,Two year,No,Bank transfer (automatic),80.24,3559.07,No
6048-UULIO,Male,0,No,Yes,22,Yes,No,DSL,No,Yes,No,Yes,No,No,Month-to-month,Yes,Credit card (automatic),82.39,1810.05,No
8225-MEINS,Female,0,Yes,No,28,Yes,No,DSL,Yes,No,No,No,No,Yes,Month-to-month,Yes,Mailed check,81.92,2271.0,No
8343-HKTJT,Female,0,Yes,Yes,35,Yes,Yes,Fiber optic,No,No,No,No,No,No,Two year,No,Credit card (automatic),84.1,2972.42,No
4981-UOMTO,Female,0,Yes,No,19,Yes,No,No,No internet service,No internet service,No internet service,No internet service,No internet service,No internet service,Month-to-month,Yes,Bank transfer (automatic),40.7,756.9,No
3616-RMEZC,Female,1,No,No,4,Yes,No,DSL,No,Yes,No,No,No,No,Month-to-month,Yes,Bank transfer (automatic),66.95,258.46,Yes
1742-LDWIA,Female,1,Yes,No,29,Yes,No,DSL,No,No,No,No,No,No,Month-to-month,No,Electronic check,64.56,1871.79,No
3663-ZDFFI,Male,0,No,No,53,Yes,No,DSL,Yes,Yes,Yes,No,Yes,Yes,Month-to-month,Yes,Electronic check,106.23,5612.55,No
6288-YIPFS,Male,0,Yes,No,13,Yes,No,Fiber optic,Yes,No,Yes,Yes,Yes,No,One year,No,Credit card (automatic),110.33,1472.16,No
5276-SOJBX,Male,0,No,No,47,Yes,No,Fiber optic,No,No,No,No,No,Yes,One year,Yes,Credit card (automatic),94.33,4431.09,No
1155-AUTQP,Male,0,No,Yes,8,No,No phone service,No,No internet service,No internet service,No internet service,No internet service,No internet service,No internet service,Month-to-month,No,Mailed check,19.79,143.38,Yes
2001-RIPKC,Female,1,No,Yes,20,Yes,Yes,DSL,No,No,Yes,No,Yes,No,One year,Yes,Mailed check,76.78,1563.34,No
7401-TQRYI,Male,0,No,No,23,Yes,No,Fiber optic,No,No,Yes,No,No,No,Month-to-month,No,Electronic check,95.35,2189.98,Yes
9817-ACICZ,Female,0,No,No,25,Yes,Yes,Fiber optic,No,Yes,Yes,Yes,No,No,Two year,Yes,Electronic check,103.32,2568.88,No
6553-KUMYT,Female,1,No,No,12,No,No phone service,No,No internet service,No internet service,No internet service,No internet service,No internet service,No internet service,One year,Yes,Electronic check,22.15,256.15,No
9991-JSGAP,Male,0,No,Yes,8,Yes,No,Fiber optic,Yes,No,Yes,No,No,Yes,Two year,No,Credit card (automatic),109.09,876.94,No
8994-NDTTT,Female,0,No,Yes,21,Yes,Yes,DSL,No,Yes,No,No,No,No,Two year,Yes,Electronic check,70.84,1507.44,No
8340-TRJVG,Male,0,Yes,No,38,No,No phone service,DSL,No,Yes,No,Yes,No,Yes,Two year,Yes,Mailed check,65.09,2516.54,No
8142-QUFIT,Male,0,Yes,No,13,Yes,Yes,Fiber optic,Yes,No,No,No,Yes,No,Two year,Yes,Bank transfer (automatic),108.04,1429.68,No
9728-BWVAA,Male,0,No,No,23,Yes,No,Fiber optic,No,Yes,Yes,No,No,No,Two year,Yes,Bank transfer (automatic),109.51,2524.15,No
7540-POYNJ,Male,0,No,Yes,72,Yes,No,Fiber optic,Yes,No,No,No,No,No,Two year,No,Bank transfer (automatic),99.87,7215.13,No
1895-BIAPS,Female,0,Yes,Yes,31,Yes,Yes,DSL,No,No,Yes,No,No,No,Month-to-month,No,Mailed check,68.1,2131.1,No
7848-PTBPZ,Male,0,Yes,No,21,Yes,No,DSL,No,Yes,No,Yes,Yes,No,One year,Yes,Electronic check,89.25,1876.78,Yes
3363-LKZLC,Male,0,No,No,24,Yes,No,DSL,No,No,No,No,Yes,Yes,One year,Yes,Mailed check,77.62,1848.34,No
8837-MLMJL,Male,0,Yes,Yes,72,Yes,No,DSL,No,No,No,No,No,Yes,Two year,Yes,Bank transfer (automatic),79.14,5692.08,No
4515-UPHRH,Male,1,No,No,39,Yes,No,Fiber optic,Yes,Yes,Yes,No,No,No,One year,No,Credit card (automatic),104.87,4094.81,No
9560-YUVGX,Female,0,No,No,14,Yes,No,DSL,No,No,No,Yes,No,No,Month-to-month,Yes,Bank transfer (automatic),69.37,979.59,No
8151-KJHPZ,Female,0,Yes,Yes,41,Yes,Yes,DSL,No,No,No,No,Yes,No,Month-to-month,Yes,Bank transfer (automatic),59.58,2453.35,No
4238-YCKVJ,Male,1,Yes,No,10,Yes,No,DSL,Yes,No,No,No,No,No,Month-to-month,Yes,Credit card (automatic),72.96,680.6,Yes
1917-QKBQU,Female,0,Yes,No,27,Yes,No,DSL,Yes,Yes,Yes,No,No,No,Month-to-month,No,Electronic check,79.36,2146.45,Yes
1484-SHOOH,Male,0,Yes,Yes,59,Yes,No,Fiber optic,Yes,No,Yes,Yes,No,Yes,One year,No,Electronic check,120.0,7103.67,No
7704-BAUCL,Male,1,No,No,27,Yes,No,Fiber optic,No,No,Yes,No,No,No,Month-to-month,No,Electronic check,90.67,2468.42,Yes
8755-CEQIN,Female,0,No,Yes,9,Yes,Yes,No,No internet service,No internet service,No internet service,No internet service,No internet service,No internet service,Month-to-month,No,Credit card (automatic),48.92,413.31,Yes
3729-VQBQZ,Male,0,No,No,26,Yes,Yes,Fiber optic,No,Yes,No,No,Yes,No,Month-to-month,No,Mailed check,109.03,2845.2,Yes
4833-AGOEF,Male,0,Yes,No,59,Yes,No,DSL,Yes,Yes,No,Yes,No,Yes,Two year,No,Bank transfer (automatic),89.73,5302.94,No
1124-YOVIL,Male,0,No,No,13,No,No phone service,DSL,No,No,No,No,No,Yes,Month-to-month,Yes,Mailed check,49.63,643.61,No
6315-TXTCN,Male,0,Yes,No,41,Yes,No,Fiber optic,No,Yes,No,No,No,No,Month-to-month,Yes,Bank transfer (automatic),99.1,4064.84,No
6731-NSUAO,Female,0,No,No,61,Yes,Yes,Fiber optic,No,No,No,No,No,No,Month-to-month,Yes,Mailed check,93.92,5745.24,Yes
1254-MKMIM,Male,0,Yes,No,34,Yes,No,DSL,No,No,Yes,No,No,Yes,Month-to-month,No,Electronic check,78.0,2617.98,No
7243-MKUCG,Male,0,No,No,26,Yes,Yes,Fiber optic,No,No,No,No,No,Yes,One year,Yes,Mailed check,100.34,2618.63,Yes
8946-OYOVF,Male,0,No,Yes,14,Yes,Yes,Fiber optic,No,Yes,No,No,No,No,Two year,Yes,Mailed check,94.64,1325.97,No
9825-IUZOP,Female,0,Yes,No,16,Yes,No,Fiber optic,No,No,No,No,No,No,Month-to-month,No,Mailed check,95.82,1546.63,Yes
2446-PFJBW,Female,0,No,Yes,21,No,No phone service,Fiber optic,No,Yes,No,No,Yes,No,Two year,Yes,Electronic check,86.07,1801.26,No
8770-LDCVA,Female,1,Yes,No,42,No,No phone service,DSL,Yes,Yes,Yes,No,No,No,One year,No,Electronic check,68.19,2857.44,No
4257-YWPEQ,Female,0,Yes,No,72,Yes,Yes,Fiber optic,No,Yes,No,No,No,No,Month-to-month,No,Electronic check,100.34,7220.14,No
5190-NAOXE,Female,0,No,No,13,Yes,No,DSL,No,No,Yes,No,No,No,Month-to-month,No,Credit card (automatic),76.88,979.79,No
1946-FVJYB,Female,0,No,No,38,Yes,Yes,No,No internet service,No internet service,No internet service,No internet service,No internet service,No internet service,Month-to-month,No,Electronic check,40.75,1540.53,Yes
1383-ZIFMU,Female,0,Yes,No,52,Yes,No,DSL,Yes,No,No,Yes,Yes,Yes,Month-to-month,Yes,Mailed check,91.5,4759.53,No
2614-YOXXP,Male,0,Yes,No,26,Yes,No,Fiber optic,No,No,No,No,Yes,No,Month-to-month,Yes,Electronic check,96.02,2501.26,Yes
4174-MHETK,Male,1,Yes,No,25,No,No phone service,No,No internet service,No internet service,No internet service,No internet service,No internet service,No internet service,Two year,Yes,Electronic check,22.17,522.54,No
8375-UFJSB,Male,0,No,No,6,Yes,No,DSL,No,No,No,No,Yes,Yes,Month-to-month,Yes,Bank transfer (automatic),73.47,411.03,Yes
6315-JKTAP,Male,0,No,Yes,29,Yes,No,DSL,No,Yes,Yes,No,No,No,Two year,No,Credit card (automatic),74.31,2163.25,No
1554-RHMEA,Male,0,Yes,No,24,Yes,Yes,DSL,No,No,Yes,Yes,Yes,Yes,Month-to-month,Yes,Mailed check,90.61,2165.36,No
2204-XQDFL,Female,0,Yes,Yes,19,Yes,No,Fiber optic,Yes,Yes,Yes,No,No,Yes,Month-to-month,No,Bank transfer (automatic),120.0,2291.3,Yes
7355-ITWBA,Female,0,No,Yes,33,Yes,No,DSL,Yes,No,No,No,Yes,Yes,One year,No,Bank transfer (automatic),79.82,2617.93,No
1117-SFURY,Male,0,No,Yes,11,No,No phone service,Fiber optic,No,No,Yes,Yes,No,No,Two year,No,Bank transfer (automatic),85.17,975.72,No
9215-QGNMJ,Male,0,Yes,No,13,No,No phone service,Fiber optic,Yes,No,Yes,No,No,No,Two year,No,Credit card (automatic),91.69,1206.89,No
1385-WQQIW,Male,0,No,No,30,Yes,No,DSL,No,No,No,No,Yes,Yes,Month-to-month,Yes,Electronic check,81.95,2483.76,No
3827-LDLZR,Female,0,Yes,No,69,Yes,No,Fiber optic,Yes,No,No,No,Yes,No,Month-to-month,Yes,Electronic check,102.58,7074.46,No
4094-XRNUC,Male,0,Yes,No,22,Yes,No,No,No internet service,No internet service,No internet service,No internet service,No internet service,No internet service,Month-to-month,Yes,Mailed check,35.62,779.58,No
8235-KPAQJ,Male,0,No,No,26,Yes,No,No,No internet service,No internet service,No internet service,No internet service,No internet service,No internet service,Month-to-month,No,Mailed check,35.95,954.77,No
6809-TWLPI,Male,0,No,Yes,25,Yes,No,DSL,No,Yes,Yes,Yes,No,No,Month-to-month,No,Mailed check,87.24,2162.33,No
5045-ELETE,Female,0,Yes,No,10,Yes,Yes,No,No internet service,No internet service,No internet service,No internet service,No internet service,No internet service,One year,No,Credit card (automatic),41.21,418.03,No
4254-ZKJHW,Male,1,No,No,20,Yes,Yes,Fiber optic,Yes,No,No,Yes,No,No,Month-to-month,Yes,Electronic check,101.39,2041.39,No
4193-JQFZV,Female,1,No,No,29,Yes,Yes,No,No internet service,No internet service,No internet service,No internet service,No internet service,No internet service,Two year,No,Credit card (automatic),45.78,1298.07,No
2336-YIMBN,Female,0,No,No,28,Yes,Yes,DSL,Yes,No,No,No,No,No,One year,No,Mailed check,76.73,2143.84,Yes
4080-JDENA,Male,1,No,No,35,No,No phone service,Fiber optic,No,No,No,Yes,Yes,No,Month-to-month,Yes,Credit card (automatic),80.75,2827.4,Yes
9640-YDUFI,Female,0,No,No,10,Yes,No,Fiber optic,No,No,No,No,No,Yes,Month-to-month,Yes,Mailed check,90.56,923.27,No
3812-AWMFN,Female,0,No,No,15,No,No phone service,No,No internet service,No internet service,No internet service,No internet service,No internet service,No internet service,One year,No,Mailed check,18.25,250.66,No
8826-QDARC,Female,0,Yes,No,5,Yes,Yes,DSL,No,No,No,Yes,Yes,No,Month-to-month,Yes,Bank transfer (automatic),80.08,392.06,Yes
9953-BYBNC,Male,1,No,Yes,63,Yes,No,Fiber optic,No,Yes,No,No,No,No,Month-to-month,No,Mailed check,100.31,6325.4,No
2588-PDCDL,Female,0,Yes,Yes,18,Yes,No,Fiber optic,No,No,No,No,Yes,No,Month-to-month,Yes,Credit card (automatic),88.6,1617.57,Yes
6437-TRHYZ,Female,0,No,No,31,Yes,No,No,No internet service,No internet service,No internet service,No internet service,No internet service,No internet service,Month-to-month,Yes,Mailed check,36.5,1151.92,No
3060-HGQPS,Male,0,Yes,No,25,Yes,Yes,No,No internet service,No internet service,No internet service,No internet service,No internet service,No internet service,One year,Yes,Electronic check,44.61,1134.5,No
5503-TVGBZ,Male,0,Yes,No,2,Yes,No,No,No internet service,No internet service,No internet service,No internet service,No internet service,No internet service,Month-to-month,Yes,Credit card (automatic),39.15,94.4,Yes
1957-ECCPW,Female,0,No,No,8,Yes,Yes,Fiber optic,No,Yes,Yes,No,No,Yes,Month-to-month,No,Mailed check,109.45,867.24,Yes
2578-MQDLM,Female,0,Yes,No,24,Yes,No,DSL,No,No,Yes,No,No,Yes,One year,Yes,Bank transfer (automatic),83.42,1976.92,Yes
3842-OFISJ,Female,0,Yes,No,37,No,No phone service,Fiber optic,No,No,No,No,Yes,No,One year,Yes,Electronic check,77.18,2839.62,No
7465-CGBJU,Female,1,Yes,No,35,No,No phone service,No,No internet service,No internet service,No internet service,No internet service,No internet service,No internet service,Month-to-month,No,Bank transfer (automatic),24.18,858.7,No
1550-VHLYL,Male,0,No,No,7,Yes,Yes,DSL,No,No,No,No,No,No,Month-to-month,Yes,Bank transfer (automatic),67.31,438.62,Yes
8426-LZLSC,Male,0,Yes,No,10,Yes,No,Fiber optic,Yes,No,Yes,No,No,No,Month-to-month,Yes,Credit card (automatic),109.62,1133.16,Yes
6907-ZNYLL,Female,0,Yes,No,33,Yes,Yes,DSL,No,No,No,No,No,No,Month-to-month,No,Mailed check,61.95,2007.88,No
7326-MCFMC,Male,0,No,No,35,Yes,No,DSL,Yes,No,No,No,No,No,Month-to-month,No,Electronic check,74.92,2599.76,No
8092-CKPUY,Male,0,No,Yes,7,Yes,Yes,Fiber optic,No,No,No,No,No,Yes,Two year,No,Mailed check,97.01,679.26,No
1220-SPEYR,Female,0,No,Yes,33,Yes,No,Fiber optic,No,No,Yes,No,Yes,Yes,Month-to-month,Yes,Bank transfer (automatic),106.72,3511.77,Yes
8590-EKWCL,Male,0,Yes,No,24,Yes,No,Fiber optic,Yes,No,No,No,Yes,Yes,Two year,Yes,Mailed check,108.47,2589.29,No
6929-MXICU,Male,0,No,No,21,Yes,Yes,DSL,No,No,Yes,No,No,No,Month-to-month,No,Credit card (automatic),75.18,1564.7,No
2528-DLWVO,Male,0,No,No,71,No,No phone service,No,No internet service,No internet service,No internet service,No internet service,No internet service,No internet service,Month-to-month,No,Credit card (automatic),22.22,1583.42,No
4055-MPZNR,Male,1,No,No,22,Yes,No,DSL,No,No,Yes,Yes,No,No,Two year,No,Credit card (automatic),81.77,1823.0,No
3867-IBNCD,Male,0,No,No,16,Yes,Yes,No,No internet service,No internet service,No internet service,No internet service,No internet service,No internet service,Two year,Yes,Electronic check,38.32,592.96,No
3762-SGNHP,Male,0,Yes,No,44,Yes,No,DSL,No,Yes,No,No,No,No,Month-to-month,No,Electronic check,72.48,3184.17,No
6621-ZQSTF,Male,0,No,Yes,42,Yes,Yes,Fiber optic,No,No,Yes,No,No,No,Month-to-month,No,Electronic check,98.14,4107.94,No
9970-EEZCL,Male,0,No,Yes,60,Yes,Yes,Fiber optic,No,No,No,No,No,No,One year,No,Credit card (automatic),89.94,5362.01,No
3957-SKKWG,Female,1,Yes,No,40,Yes,No,DSL,No,No,No,Yes,No,No,Two year,Yes,Bank transfer (automatic),62.99,2493.31,No
4026-AYDEY,Female,0,Yes,No,39,Yes,Yes,Fiber optic,Yes,Yes,No,Yes,Yes,No,Month-to-month,Yes,Electronic check,112.29,4360.42,No
8714-KTVMQ,Female,0,Yes,Yes,25,Yes,No,DSL,No,No,No,Yes,No,No,Month-to-month,Yes,Mailed check,66.85,1681.92,Yes
6892-QKLWY,Female,0,No,Yes,72,Yes,No,DSL,No,Yes,Yes,Yes,Yes,No,Month-to-month,No,Credit card (automatic),92.4,6623.46,No
2476-HQZIL,Male,0,Yes,No,11,Yes,Yes,Fiber optic,Yes,Yes,No,No,Yes,No,One year,No,Electronic check,112.2,1255.18,Yes
2782-BHRZZ,Female,0,No,No,36,Yes,Yes,Fiber optic,No,No,Yes,Yes,No,Yes,Month-to-month,Yes,Mailed check,114.98,4156.29,No
9500-MADOV,Female,0,No,No,10,Yes,No,No,No internet service,No internet service,No internet service,No internet service,No internet service,No internet service,Month-to-month,Yes,Bank transfer (automatic),35.7,344.2,No
3426-RLKCY,Male,0,Yes,No,25,Yes,No,Fiber optic,Yes,Yes,No,No,No,Yes,Two year,No,Electronic check,112.49,2834.08,No
6203-TWZZH,Male,0,Yes,Yes,25,Yes,No,No,No internet service,No internet service,No internet service,No internet service,No internet service,No internet service,Two year,Yes,Mailed check,41.98,1029.61,No
5728-LGPTQ,Female,0,Yes,No,25,Yes,No,DSL,Yes,Yes,Yes,Yes,No,No,One year,No,Credit card (automatic),92.74,2320.32,No
2117-HUMOS,Female,0,Yes,Yes,4,Yes,No,No,No internet service,No internet service,No internet service,No internet service,No internet service,No internet service,Month-to-month,Yes,Electronic check,41.27,168.75,No
8689-IZZVI,Male,0,No,Yes,18,Yes,Yes,DSL,No,No,No,Yes,No,Yes,Month-to-month,No,Bank transfer (automatic),77.61,1443.32,No
8070-FSMAC,Male,0,No,No,72,Yes,No,DSL,Yes,Yes,Yes,Yes,No,No,One year,Yes,Credit card (automatic),96.21,6932.89,No
1835-XWWRG,Male,0,No,No,28,Yes,No,Fiber optic,No,Yes,No,No,No,No,Two year,No,Mailed check,96.1,2687.3,No
8730-NRKBQ,Male,0,No,No,50,Yes,Yes,Fiber optic,No,No,Yes,No,No,No,Month-to-month,Yes,Electronic check,93.37,4672.07,No
5973-HFHTL,Female,0,Yes,No,33,Yes,No,Fiber optic,No,Yes,No,No,Yes,No,Month-to-month,Yes,Bank transfer (automatic),106.06,3501.04,No
5171-RGKKK,Female,0,No,No,72,Yes,Yes,Fiber optic,Yes,No,Yes,No,Yes,No,Two year,Yes,Mailed check,115.29,8322.64,No
3447-DRNYQ,Male,0,Yes,Yes,33,No,No phone service,Fiber optic,No,No,No,Yes,Yes,Yes,Month-to-month,Yes,Electronic check,98.29,3226.97,No
6795-DNQNC,Female,0,No,No,28,Yes,Yes,Fiber optic,No,Yes,No,No,No,No,Two year,Yes,Electronic check,89.26,2532.07,No
5481-ERAWG,Female,0,Yes,No,8,Yes,No,DSL,Yes,Yes,No,No,Yes,No,Month-to-month,No,Credit card (automatic),88.01,673.09,No
3876-GRSKW,Female,0,Yes,Yes,8,Yes,No,DSL,No,No,No,No,No,No,One year,Yes,Bank transfer (automatic),65.39,545.65,No
1569-TWIQJ,Male,0,No,No,15,Yes,No,Fiber optic,Yes,No,No,No,No,No,Month-to-month,No,Electronic check,92.08,1413.08,Yes
8754-GSYQG,Female,0,No,Yes,22,Yes,Yes,Fiber optic,Yes,Yes,Yes,No,No,Yes,Month-to-month,Yes,Electronic check,120.0,2602.37,Yes
7138-XKONA,Female,0,Yes,Yes,9,Yes,Yes,Fiber optic,Yes,Yes,Yes,No,No,No,Two year,Yes,Credit card (automatic),112.1,1031.18,No
5920-SCJZX,Female,0,Yes,Yes,28,Yes,No,Fiber optic,No,No,Yes,No,No,No,One year,Yes,Credit card (automatic),97.06,2714.04,No
2380-CXVVN,Male,0,No,Yes,27,Yes,No,Fiber optic,No,No,No,No,No,Yes,Month-to-month,No,Mailed check,101.08,2724.21,Yes
5458-OTEUP,Male,0,No,No,72,Yes,No,DSL,No,No,No,Yes,No,No,Month-to-month,Yes,Bank transfer (automatic),78.63,5665.54,No
1446-DXNXR,Female,0,No,No,72,Yes,Yes,Fiber optic,No,No,No,Yes,Yes,No,Month-to-month,Yes,Electronic check,102.58,7382.84,No
3509-BTPST,Male,0,Yes,No,44,Yes,No,No,No internet service,No internet service,No internet service,No internet service,No internet service,No internet service,Two year,Yes,Electronic check,45.04,1952.11,Yes
9420-BGRIC,Female,0,Yes,No,44,Yes,No,DSL,Yes,No,No,No,No,Yes,Month-to-month,Yes,Credit card (automatic),72.94,3218.04,Yes
8018-ZMWSB,Male,0,No,No,56,Yes,Yes,Fiber optic,No,No,No,No,No,Yes,Month-to-month,Yes,Mailed check,102.24,5725.82,No
4939-CTWZH,Female,0,No,No,33,Yes,No,Fiber optic,No,No,No,No,No,Yes,Month-to-month,Yes,Electronic check,92.9,3082.66,No
4057-JRRAN,Male,0,Yes,No,58,Yes,Yes,No,No internet service,No internet service,No internet service,No internet service,No internet service,No internet service,One year,No,Mailed check,40.95,2384.23,No
2999-EMTCR,Male,0,Yes,No,7,Yes,No,Fiber optic,Yes,No,Yes,No,No,No,Month-to-month,Yes,Mailed check,101.95,714.95,Yes
8878-FXTWH,Male,0,Yes,No,48,Yes,No,DSL,Yes,No,No,Yes,No,No,Two year,Yes,Credit card (automatic),77.38,3719.73,No
9355-ISJYE,Male,0,No,No,9,Yes,Yes,Fiber optic,Yes,No,No,Yes,No,No,Two year,No,Electronic check,101.76,905.95,Yes
8523-FCIEA,Male,0,Yes,Yes,11,Yes,No,DSL,Yes,Yes,No,No,No,Yes,Two year,Yes,Bank transfer (automatic),73.07,854.67,No
2947-GYYEF,Male,0,No,No,55,Yes,No,DSL,No,Yes,No,No,No,No,Month-to-month,Yes,Bank transfer (automatic),67.49,3687.9,No
3650-AQRPU,Male,0,No,Yes,14,Yes,No,DSL,Yes,No,No,No,No,No,Month-to-month,No,Bank transfer (automatic),73.97,1033.15,Yes
9120-PIQJD,Female,0,Yes,Yes,11,Yes,No,No,No internet service,No internet service,No internet service,No internet service,No internet service,No internet service,Two year,Yes,Bank transfer (automatic),40.33,459.95,No
5459-GVOCV,Female,0,Yes,No,35,No,No phone service,No,No internet service,No internet service,No internet service,No internet service,No internet service,No internet service,Month-to-month,No,Bank transfer (automatic),18.25,648.61,No
9673-BEBWQ,Female,0,Yes,No,13,Yes,Yes,DSL,Yes,No,No,Yes,Yes,No,Two year,No,Mailed check,86.7,1100.25,No
1774-WTHQX,Male,0,Yes,Yes,11,Yes,No,DSL,Yes,No,No,Yes,No,No,Month-to-month,No,Electronic check,74.33,793.21,Yes
1604-LMLWP,Female,0,No,No,6,Yes,No,Fiber optic,No,Yes,No,No,Yes,No,Two year,Yes,Credit card (automatic),105.59,616.07,No
6392-EUBKO,Female,0,No,No,17,Yes,No,Fiber optic,No,No,No,No,Yes,Yes,Two year,No,Electronic check,97.03,1620.64,Yes
4165-AIWUM,Male,0,Yes,Yes,43,Yes,Yes,DSL,No,No,Yes,Yes,No,Yes,One year,Yes,Electronic check,85.74,3674.62,No
7430-VVUUZ,Female,0,No,No,48,Yes,No,DSL,Yes,Yes,No,No,Yes,No,Two year,No,Electronic check,88.63,4277.02,No
6686-WHSXN,Female,0,Yes,No,21,Yes,No,Fiber optic,No,No,Yes,No,Yes,No,Month-to-month,Yes,Electronic check,101.87,2144.22,Yes
6715-BVYPE,Male,0,No,No,72,Yes,No,DSL,No,Yes,Yes,No,No,No,Month-to-month,No,Electronic check,86.4,6262.66,Yes
5589-WNOAW,Male,0,No,Yes,37,Yes,No,Fiber optic,Yes,No,Yes,Yes,Yes,No,Month-to-month,Yes,Mailed check,115.4,4252.22,Yes
6930-FBWBA,Male,0,Yes,No,56,Yes,Yes,No,No internet service,No internet service,No internet service,No internet service,No internet service,No internet service,Two year,Yes,Mailed check,41.13,2276.49,No
2572-UQYPW,Male,0,No,No,16,Yes,No,No,No internet service,No internet service,No internet service,No internet service,No internet service,No internet service,Month-to-month,Yes,Bank transfer (automatic),36.05,570.14,No
6340-KGRJM,Female,0,No,Yes,19,Yes,No,Fiber optic,No,No,Yes,No,Yes,No,Month-to-month,No,Credit card (automatic),103.78,1947.95,Yes
5062-NNSAF,Female,0,Yes,No,22,Yes,No,Fiber optic,Yes,No,No,No,No,No,Month-to-month,No,Mailed check,92.06,2028.83,No
3304-VOFHL,Female,1,No,No,19,Yes,Yes,Fiber optic,Yes,No,No,Yes,Yes,Yes,Two year,No,Credit card (automatic),114.16,2192.6,Yes
6472-BVBSY,Male,0,Yes,Yes,2,Yes,No,No,No internet service,No internet service,No internet service,No internet service,No internet service,No internet service,Two year,No,Electronic check,45.16,88.89,No
1651-KEDBJ,Male,1,Yes,No,26,No,No phone service,Fiber optic,Yes,No,No,Yes,No,No,Two year,Yes,Mailed check,84.19,2169.56,No
3170-YRQHK,Female,1,No,No,33,Yes,Yes,No,No internet service,No internet service,No internet service,No internet service,No internet service,No internet service,Month-to-month,Yes,Electronic check,38.24,1250.64,No
8279-NWUGZ,Male,0,Yes,No,31,Yes,Yes,Fiber optic,No,No,No,No,Yes,No,One year,No,Bank transfer (automatic),89.4,2756.08,No
7061-NVERY,Female,0,Yes,No,72,Yes,No,Fiber optic,Yes,No,No,No,No,No,Month-to-month,No,Credit card (automatic),101.38,7325.91,No
3548-JJEDJ,Female,0,Yes,Yes,72,Yes,Yes,Fiber optic,No,Yes,Yes,No,No,No,One year,No,Electronic check,98.98,7131.37,No
8356-WDEUI,Male,1,Yes,No,4,No,No phone service,Fiber optic,No,No,No,Yes,Yes,Yes,Two year,Yes,Bank transfer (automatic),85.01,366.09,Yes
8037-WSEZB,Female,0,Yes,No,66,Yes,No,DSL,No,No,Yes,No,No,No,Month-to-month,Yes,Bank transfer (automatic),65.4,4287.63,No
6421-BMWOC,Male,0,Yes,Yes,72,Yes,Yes,No,No internet service,No internet service,No internet service,No internet service,No internet service,No internet service,Month-to-month,No,Electronic check,31.81,2341.72,No
3276-PXFHT,Male,1,No,No,3,Yes,No,No,No internet service,No internet service,No internet service,No internet service,No internet service,No internet service,Month-to-month,Yes,Mailed check,43.95,154.87,No
6720-UZYLG,Male,0,Yes,No,42,Yes,No,Fiber optic,No,No,Yes,No,Yes,No,Month-to-month,Yes,Electronic check,100.61,4247.53,No
1931-WWVIV,Male,1,No,No,27,Yes,No,No,No internet service,No internet service,No internet service,No internet service,No internet service,No internet service,Month-to-month,Yes,Mailed check,42.74,1153.86,No
1137-CXLSJ,Male,0,No,Yes,72,Yes,No,DSL,No,Yes,No,No,Yes,No,Month-to-month,Yes,Credit card (automatic),82.41,5953.58,No
9990-VKJON,Female,0,Yes,No,72,Yes,Yes,Fiber optic,No,No,No,No,No,No,Month-to-month,No,Electronic check,92.41,6626.3,No
2284-FDDBF,Female,0,No,No,72,Yes,No,DSL,No,No,No,Yes,No,No,Month-to-month,Yes,Credit card (automatic),67.44,4862.62,No
5909-DZBIB,Male,0,No,No,43,Yes,Yes,DSL,No,No,No,No,No,No,One year,No,Bank transfer (automatic),59.1,2544.08,No
1727-CERSI,Female,0,No,No,38,Yes,Yes,Fiber optic,Yes,No,No,No,Yes,No,One year,No,Electronic check,113.02,4279.95,Yes
6840-RAALS,Female,0,No,No,13,Yes,No,DSL,No,No,No,Yes,No,No,Two year,Yes,Mailed check,67.63,875.77,No
2251-HIFUN,Male,0,Yes,No,17,Yes,No,DSL,Yes,No,No,Yes,Yes,No,Month-to-month,No,Bank transfer (automatic),85.93,1450.06,Yes
1478-XOEFW,Male,0,Yes,Yes,39,Yes,Yes,DSL,No,No,No,No,No,No,One year,Yes,Bank transfer (automatic),66.61,2563.53,No
8065-MFHXS,Male,0,No,No,16,Yes,Yes,Fiber optic,No,No,Yes,No,No,No,Two year,Yes,Mailed check,93.39,1467.13,No
9240-YXFGS,Female,1,No,No,27,Yes,Yes,Fiber optic,No,No,No,No,Yes,Yes,Month-to-month,Yes,Mailed check,109.67,2923.34,Yes
1173-AFKPK,Female,0,No,No,5,Yes,No,Fiber optic,No,Yes,No,No,No,Yes,Two year,No,Credit card (automatic),102.46,520.39,No
7315-CPTAS,Male,0,No,Yes,28,Yes,Yes,DSL,Yes,No,No,No,No,Yes,Two year,Yes,Electronic check,69.24,1967.57,No
9244-FHJZR,Female,0,Yes,No,3,Yes,Yes,Fiber optic,No,No,Yes,No,No,No,Two year,Yes,Bank transfer (automatic),104.5,343.11,Yes
5976-DMPRZ,Male,0,Yes,No,55,Yes,No,DSL,No,Yes,No,Yes,No,Yes,Month-to-month,No,Electronic check,82.03,4500.34,Yes
1242-STLEL,Female,0,No,No,30,Yes,Yes,No,No internet service,No internet service,No internet service,No internet service,No internet service,No internet service,Month-to-month,No,Mailed check,48.06,1434.02,No
9699-BOKDT,Female,0,Yes,Yes,15,Yes,No,No,No internet service,No internet service,No internet service,No internet service,No internet service,No internet service,Month-to-month,No,Electronic check,41.23,596.54,No
6582-FDUYR,Female,0,No,No,23,Yes,No,No,No internet service,No internet service,No internet service,No internet service,No internet service,No internet service,One year,Yes,Electronic check,43.11,992.04,No
2141-EKBFC,Male,1,No,Yes,16,Yes,No,Fiber optic,Yes,No,No,No,Yes,Yes,One year,No,Electronic check,117.82,1909.15,Yes
8595-WOZDE,Male,0,Yes,Yes,12,Yes,No,No,No internet service,No internet service,No internet service,No internet service,No internet service,No internet service,Month-to-month,No,Credit card (automatic),44.89,561.75,Yes
3787-JBJBU,Female,1,Yes,No,18,Yes,No,Fiber optic,No,No,No,No,No,Yes,Month-to-month,Yes,Electronic check,97.46,1750.11,Yes
7839-EQTSA,Male,0,No,No,18,Yes,Yes,DSL,No,No,No,No,Yes,Yes,Month-to-month,Yes,Mailed check,78.4,1431.6,No
3780-RQGHI,Male,1,No,No,21,Yes,No,No,No internet service,No internet service,No internet service,No internet service,No internet service,No internet service,One year,Yes,Mailed check,45.3,932.98,No
6172-TGBZF,Male,0,No,Yes,2,Yes,No,DSL,No,No,Yes,No,No,No,Month-to-month,No,Electronic check,65.26,115.72,No
9863-FZLRI,Female,0,Yes,Yes,58,Yes,Yes,Fiber optic,No,No,No,No,No,Yes,Month-to-month,No,Credit card (automatic),90.88,5282.15,Yes
4217-DSIPW,Male,1,Yes,No,59,Yes,No,No,No internet service,No internet service,No internet service,No internet service,No internet service,No internet service,One year,Yes,Electronic check,38.51,2259.65,No
1540-ZIZJQ,Female,1,Yes,Yes,25,Yes,No,DSL,No,No,No,No,No,No,Month-to-month,Yes,Credit card (automatic),71.61,1741.61,No
4245-RSUFN,Female,0,Yes,No,72,No,No phone service,DSL,No,Yes,No,Yes,No,No,One year,No,Electronic check,60.83,4401.23,No
9039-BDPGE,Female,0,Yes,Yes,20,Yes,Yes,DSL,No,No,No,Yes,No,No,Month-to-month,No,Mailed check,61.84,1238.08,No
8485-XNKJJ,Female,0,No,Yes,28,Yes,No,Fiber optic,No,No,No,No,Yes,No,Month-to-month,No,Bank transfer (automatic),95.1,2680.77,Yes
7443-NSCLD,Male,0,Yes,No,37,Yes,No,Fiber optic,No,No,No,Yes,No,No,Two year,Yes,Electronic check,93.58,3429.13,No
1234-PJWOZ,Female,1,No,Yes,27,Yes,No,Fiber optic,No,No,No,No,No,Yes,Month-to-month,No,Credit card (automatic),96.75,2623.45,Yes
4282-SPQGX,Female,0,No,No,15,Yes,No,DSL,No,No,No,No,Yes,No,Month-to-month,Yes,Mailed check,70.86,1077.79,No
4550-YNVTZ,Female,0,No,No,26,Yes,No,Fiber optic,Yes,Yes,Yes,Yes,Yes,No,Two year,Yes,Mailed check,120.0,3139.38,Yes
5899-XTVUJ,Female,0,No,Yes,7,Yes,No,No,No internet service,No internet service,No internet service,No internet service,No internet service,No internet service,One year,No,Electronic check,41.79,274.23,No
4833-SGPCH,Female,0,Yes,No,12,Yes,No,No,No internet service,No internet service,No internet service,No internet service,No internet service,No internet service,Month-to-month,Yes,Electronic check,43.06,489.22,No
8956-IVZYZ,Female,0,No,No,50,Yes,Yes,DSL,Yes,No,No,Yes,No,Yes,One year,No,Credit card (automatic),87.39,4369.78,No
4021-KEAKW,Female,0,Yes,No,72,Yes,No,Fiber optic,No,No,No,No,Yes,No,Month-to-month,Yes,Electronic check,98.02,7049.08,Yes
1831-ZHMIP,Male,1,Yes,Yes,15,Yes,Yes,No,No internet service,No internet service,No internet service,No internet service,No internet service,No internet service,One year,No,Electronic check,41.64,660.39,Yes
7805-FXLCP,Male,0,No,No,22,Yes,No,Fiber optic,Yes,Yes,No,No,No,No,Two year,Yes,Electronic check,106.13,2307.64,No
2351-GUPPX,Male,0,Yes,No,21,No,No phone service,No,No internet service,No internet service,No internet service,No internet service,No internet service,No internet service,Month-to-month,Yes,Electronic check,18.62,393.6,No
6775-SEAUT,Female,0,Yes,Yes,31,Yes,Yes,Fiber optic,No,No,Yes,No,Yes,No,One year,Yes,Electronic check,112.2,3494.11,No
4746-VLQJS,Male,0,No,Yes,54,Yes,No,DSL,No,Yes,Yes,No,No,No,Month-to-month,No,Electronic check,73.92,4007.29,No
3186-VWKVI,Male,1,Yes,Yes,29,Yes,Yes,Fiber optic,No,Yes,Yes,Yes,No,No,Month-to-month,No,Electronic check,120.0,3449.77,Yes
5599-BQOIZ,Female,0,Yes,Yes,7,Yes,No,Fiber optic,No,Yes,No,Yes,Yes,No,Month-to-month,No,Mailed check,103.49,703.01,Yes
1551-RLXRZ,Male,0,Yes,Yes,16,Yes,No,DSL,Yes,No,Yes,No,No,No,Two year,No,Mailed check,80.42,1295.82,No
4194-KMZYM,Female,0,Yes,No,34,Yes,No,DSL,No,No,Yes,No,No,Yes,One year,No,Credit card (automatic),82.8,2800.58,No
9630-SQPQJ,Female,0,No,No,19,No,No phone service,No,No internet service,No internet service,No internet service,No internet service,No internet service,No internet service,Two year,Yes,Mailed check,18.25,367.9,No
7067-MIDFB,Male,0,No,No,20,Yes,Yes,No,No internet service,No internet service,No internet service,No internet service,No internet service,No internet service,Month-to-month,Yes,Mailed check,43.63,911.18,Yes
1892-CHAFE,Male,0,Yes,Yes,20,No,No phone service,DSL,Yes,No,No,Yes,No,No,Month-to-month,No,Electronic check,51.92,1027.31,No
7152-JQNCI,Female,0,No,Yes,25,Yes,No,Fiber optic,No,Yes,No,Yes,Yes,No,Two year,Yes,Bank transfer (automatic),103.6,2572.4,No
3963-UABDO,Female,0,No,No,11,Yes,Yes,Fiber optic,No,No,No,No,No,No,Month-to-month,Yes,Mailed check,92.72,1043.89,Yes
3070-XPRMG,Female,1,No,No,49,Yes,Yes,Fiber optic,No,No,Yes,No,Yes,No,Two year,Yes,Bank transfer (automatic),103.21,5077.77,No
5343-LXBJE,Female,0,No,No,7,Yes,Yes,No,No internet service,No internet service,No internet service,No internet service,No internet service,No internet service,One year,No,Electronic check,35.1,234.0,Yes
7884-VJTVL,Male,1,No,Yes,34,Yes,No,No,No internet service,No internet service,No internet service,No internet service,No internet service,No internet service,Two year,Yes,Bank transfer (automatic),39.5,1325.27,No
8909-UITXV,Female,0,No,Yes,17,Yes,No,No,No internet service,No internet service,No internet service,No internet service,No internet service,No internet service,Month-to-month,Yes,Bank transfer (automatic),44.86,738.4,No
1573-FPACN,Male,0,No,No,27,Yes,No,DSL,Yes,No,Yes,Yes,No,No,Month-to-month,No,Mailed check,80.67,2230.28,No
6545-YNTUM,Male,1,Yes,No,65,Yes,No,Fiber optic,Yes,No,Yes,Yes,No,No,Month-to-month,No,Mailed check,118.6,7736.76,No
2248-FUZWR,Female,0,Yes,Yes,64,Yes,Yes,DSL,Yes,No,No,Yes,Yes,No,Two year,Yes,Electronic check,82.27,5267.15,No
1922-ATGNR,Male,0,Yes,No,54,Yes,Yes,Fiber optic,No,No,No,No,No,No,Month-to-month,No,Electronic check,96.87,5230.4,Yes
3091-XNGZU,Female,0,No,Yes,72,Yes,No,Fiber optic,No,No,No,No,Yes,No,One year,Yes,Electronic check,93.35,6729.35,No
3555-CFZSI,Female,0,Yes,No,72,Yes,Yes,Fiber optic,No,No,Yes,No,No,No,One year,Yes,Mailed check,101.68,7305.97,No
3313-CIZEH,Male,0,No,No,50,No,No phone service,No,No internet service,No internet service,No internet service,No internet service,No internet service,No internet service,Two year,No,Electronic check,19.81,947.17,No
7623-APTPM,Female,0,Yes,No,37,Yes,No,DSL,Yes,No,Yes,No,No,No,Two year,No,Credit card (automatic),75.62,2781.69,No
5588-HXLJL,Female,0,No,No,11,No,No phone service,No,No internet service,No internet service,No internet service,No internet service,No internet service,No internet service,Two year,No,Bank transfer (automatic),24.94,261.67,No
7938-CJRMS,Male,0,Yes,No,42,Yes,No,Fiber optic,Yes,Yes,No,No,Yes,Yes,Month-to-month,Yes,Credit card (automatic),110.34,4628.06,No
1652-LMPUU,Female,0,Yes,No,28,Yes,No,No,No internet service,No internet service,No internet service,No internet service,No internet service,No internet service,Two year,Yes,Credit card (automatic),42.37,1178.52,No
8583-KSMGF,Male,0,Yes,No,72,Yes,Yes,DSL,Yes,Yes,No,No,No,No,Month-to-month,Yes,Mailed check,78.73,5674.79,No
5504-RJRHM,Female,1,No,No,47,Yes,Yes,Fiber optic,No,Yes,No,Yes,Yes,Yes,One year,Yes,Bank transfer (automatic),117.65,5511.64,No
9675-VJYGS,Male,0,No,No,9,Yes,Yes,Fiber optic,No,No,Yes,Yes,No,No,Month-to-month,Yes,Mailed check,109.08,995.38,Yes
1587-ZATTP,Female,1,Yes,Yes,33,Yes,Yes,No,No internet service,No internet service,No internet service,No internet service,No internet service,No internet service,Two year,Yes,Bank transfer (automatic),39.92,1282.46,No
7226-UPFEX,Female,0,No,No,51,Yes,No,DSL,No,Yes,No,No,Yes,No,Month-to-month,Yes,Mailed check,76.65,3908.33,No
2116-MDGFN,Female,0,No,No,28,Yes,No,Fiber optic,No,No,No,No,Yes,Yes,Two year,Yes,Bank transfer (automatic),96.87,2714.43,No
2638-AOESU,Male,0,No,No,72,Yes,Yes,DSL,No,No,No,No,No,No,Month-to-month,Yes,Electronic check,65.61,4754.09,No
7414-GTXBD,Female,1,No,No,45,Yes,Yes,DSL,No,No,No,Yes,No,No,One year,Yes,Bank transfer (automatic),73.96,3346.07,No
7434-TJTLB,Male,0,No,No,12,Yes,No,Fiber optic,No,No,No,No,No,Yes,Month-to-month,Yes,Bank transfer (automatic),102.79,1204.16,Yes
6184-GIXEW,Male,1,No,No,11,Yes,Yes,DSL,Yes,Yes,Yes,No,No,No,Month-to-month,Yes,Electronic check,89.14,966.57,Yes
1175-ECOEV,Female,0,No,Yes,14,No,No phone service,DSL,No,No,No,No,Yes,Yes,Two year,Yes,Bank transfer (automatic),65.94,934.28,No
9014-RVFUW,Female,0,No,No,17,Yes,Yes,Fiber optic,Yes,No,No,No,Yes,No,One year,Yes,Mailed check,106.73,1789.11,No
8044-CRSTL,Female,0,No,Yes,27,Yes,No,No,No internet service,No internet service,No internet service,No internet service,No internet service,No internet service,Month-to-month,Yes,Bank transfer (automatic),40.46,1117.84,No
2637-UKCSB,Male,1,Yes,No,35,Yes,Yes,DSL,Yes,Yes,Yes,No,Yes,No,One year,Yes,Bank transfer (automatic),92.56,3203.76,No
3102-QNONG,Female,0,Yes,No,65,Yes,Yes,DSL,No,No,Yes,Yes,No,No,Two year,No,Bank transfer (automatic),81.97,5358.07,No
4092-MADIR,Female,1,No,No,50,Yes,No,Fiber optic,No,Yes,No,Yes,Yes,No,One year,Yes,Bank transfer (automatic),112.36,5636.81,No
2306-IUFNO,Female,0,No,No,20,Yes,Yes,No,No internet service,No internet service,No internet service,No internet service,No internet service,No internet service,Month-to-month,No,Mailed check,34.16,680.43,No
8839-CYNBI,Male,0,No,Yes,20,Yes,Yes,Fiber optic,Yes,No,No,No,Yes,No,Two year,No,Bank transfer (automatic),108.35,2179.27,No
1967-SKBSW,Female,0,No,No,48,Yes,No,DSL,Yes,No,No,Yes,No,Yes,Month-to-month,Yes,Credit card (automatic),80.79,3874.23,No
7637-GXIBP,Female,0,No,Yes,17,Yes,No,DSL,No,No,Yes,Yes,Yes,No,One year,Yes,Electronic check,85.87,1448.9,No
5826-TQLIK,Female,0,Yes,Yes,39,Yes,Yes,DSL,Yes,No,Yes,No,Yes,No,Month-to-month,Yes,Bank transfer (automatic),83.8,3278.84,No
9674-IFPVH,Male,0,No,No,6,Yes,Yes,Fiber optic,No,No,No,No,Yes,No,One year,Yes,Electronic check,96.46,575.83,No
5851-SMJCC,Male,0,Yes,No,36,Yes,No,DSL,Yes,No,No,No,Yes,Yes,Month-to-month,Yes,Mailed check,84.7,3050.62,Yes
1682-JQRIG,Male,0,No,Yes,32,Yes,Yes,Fiber optic,No,No,No,Yes,Yes,No,Month-to-month,Yes,Electronic check,111.54,3550.12,No
9113-XUVJH,Female,0,No,No,18,Yes,No,DSL,No,Yes,Yes,No,No,No,Two year,Yes,Bank transfer (automatic),83.7,1458.4,Yes
4584-SIFEI,Male,0,Yes,Yes,8,Yes,Yes,DSL,No,No,No,Yes,No,No,Two year,Yes,Electronic check,80.12,633.16,Yes
1299-IITRS,Male,0,No,No,7,Yes,No,Fiber optic,No,No,No,No,No,No,Two year,Yes,Bank transfer (automatic),84.42,588.22,No
1130-SGRES,Female,0,No,Yes,31,No,No phone service,Fiber optic,No,No,No,No,No,No,Two year,No,Mailed check,66.21,2031.72,No
9835-IKKBN,Male,0,Yes,Yes,34,Yes,No,No,No internet service,No internet service,No internet service,No internet service,No internet service,No internet service,Month-to-month,Yes,Electronic check,33.82,1189.74,No
8315-NKAFQ,Female,0,No,No,4,Yes,No,Fiber optic,No,No,No,Yes,No,Yes,One year,Yes,Credit card (automatic),108.32,433.76,No
9364-KQXSB,Female,0,No,No,4,Yes,No,No,No internet service,No internet service,No internet service,No internet service,No internet service,No internet service,Month-to-month,No,Electronic check,44.59,177.88,Yes
3073-PYNZA,Male,0,No,No,10,Yes,No,DSL,No,No,Yes,No,Yes,Yes,Month-to-month,No,Electronic check,91.55,924.0,No
4722-ELSNQ,Male,0,Yes,No,11,Yes,No,Fiber optic,No,No,No,No,No,No,Month-to-month,Yes,Mailed check,91.29,1013.86,No
6699-TKSMP,Female,0,Yes,No,14,Yes,Yes,Fiber optic,No,No,No,No,Yes,No,Month-to-month,Yes,Electronic check,100.85,1425.18,Yes
2397-DHBMO,Male,0,No,No,31,Yes,No,Fiber optic,No,Yes,No,No,No,No,Month-to-month,Yes,Bank transfer (automatic),95.16,2953.67,No
5032-TQONJ,Female,0,Yes,No,54,Yes,No,DSL,No,No,No,No,No,No,Month-to-month,No,Electronic check,60.22,3263.34,No
5922-GAUCZ,Male,0,Yes,No,54,Yes,Yes,DSL,No,Yes,Yes,No,No,Yes,One year,No,Bank transfer (automatic),77.49,4223.17,No
7842-TLEOU,Male,0,No,No,42,Yes,No,Fiber optic,No,No,No,Yes,No,Yes,Two year,Yes,Mailed check,106.91,4509.04,No
5771-FCDZP,Male,0,No,Yes,53,Yes,No,Fiber optic,Yes,No,No,No,No,Yes,Month-to-month,No,Bank transfer (automatic),100.91,5376.03,No
5693-SHFQT,Female,0,No,Yes,12,Yes,Yes,Fiber optic,No,Yes,No,No,No,No,Month-to-month,Yes,Electronic check,100.89,1192.39,Yes
6022-GHUXU,Male,0,No,No,42,Yes,No,Fiber optic,Yes,Yes,No,No,No,No,Month-to-month,Yes,Electronic check,106.78,4455.23,No
8324-KROTN,Male,1,Yes,No,46,Yes,Yes,Fiber optic,Yes,Yes,Yes,No,No,Yes,One year,Yes,Bank transfer (automatic),116.22,5368.24,No
3183-TQFYO,Male,0,Yes,No,6,Yes,Yes,DSL,No,Yes,No,Yes,Yes,No,Month-to-month,No,Electronic check,82.26,514.57,Yes
2603-ALDGU,Male,0,No,No,65,No,No phone service,No,No internet service,No internet service,No internet service,No internet service,No internet service,No internet service,One year,No,Mailed check,18.25,1179.47,No
7567-ALYUD,Male,0,Yes,No,47,Yes,Yes,Fiber optic,Yes,Yes,No,No,No,Yes,Month-to-month,Yes,Credit card (automatic),108.3,5095.37,No
4071-DVFYV,Female,0,Yes,No,16,No,No phone service,DSL,No,No,No,No,No,No,One year,No,Credit card (automatic),44.15,677.91,No
7826-FTRYH,Female,0,No,No,4,Yes,Yes,DSL,No,No,Yes,No,No,No,One year,No,Electronic check,71.23,296.27,No
3462-SNXBM,Male,0,Yes,Yes,30,Yes,No,DSL,No,Yes,Yes,No,Yes,No,Month-to-month,Yes,Credit card (automatic),89.88,2691.45,Yes
9724-MUJPZ,Female,0,No,No,20,Yes,No,DSL,No,Yes,No,No,No,No,Two year,No,Bank transfer (automatic),71.53,1453.13,Yes
2310-WKXLG,Female,0,No,Yes,8,No,No phone service,DSL,Yes,No,No,No,No,No,Month-to-month,No,Credit card (automatic),51.63,405.26,Yes
8115-MUCUC,Female,0,No,Yes,26,Yes,No,No,No internet service,No internet service,No internet service,No internet service,No internet service,No internet service,Month-to-month,Yes,Credit card (automatic),35.88,920.83,No
3121-FJUNK,Female,0,Yes,No,18,No,No phone service,Fiber optic,No,No,No,No,No,Yes,One year,Yes,Electronic check,81.14,1458.13,Yes
3576-RUWZX,Male,0,Yes,Yes,47,Yes,Yes,Fiber optic,No,No,No,Yes,Yes,Yes,Month-to-month,No,Credit card (automatic),115.5,5416.23,Yes
5993-IWANN,Female,0,No,No,3,Yes,No,No,No internet service,No internet service,No internet service,No internet service,No internet service,No internet service,Two year,No,Electronic check,41.01,136.26,No
8212-NYHLJ,Female,0,No,No,51,Yes,No,Fiber optic,No,No,No,Yes,Yes,No,Month-to-month,Yes,Mailed check,101.68,5189.03,Yes
3662-ONQTA,Female,0,No,No,25,Yes,No,DSL,No,Yes,Yes,No,Yes,Yes,Two year,Yes,Mailed check,94.63,2370.11,No
3500-MOBRH,Male,0,Yes,Yes,42,Yes,Yes,DSL,Yes,No,No,Yes,No,No,One year,No,Mailed check,72.79,3048.66,No
4103-UBZIM,Female,0,No,No,69,Yes,No,DSL,No,Yes,No,No,No,No,One year,Yes,Electronic check,72.56,5034.86,No
3775-FVEKX,Female,0,Yes,No,35,Yes,Yes,DSL,No,Yes,Yes,No,No,No,Month-to-month,No,Electronic check,71.76,2515.21,No
4111-FWMDD,Female,0,Yes,No,50,Yes,No,No,No internet service,No internet service,No internet service,No internet service,No internet service,No internet service,Month-to-month,Yes,Credit card (automatic),45.41,2274.2,No
7661-JGJTV,Male,0,Yes,No,6,Yes,No,Fiber optic,No,No,No,No,No,Yes,Two year,Yes,Bank transfer (automatic),102.92,610.87,Yes
3450-JJNLR,Male,0,Yes,No,7,Yes,Yes,Fiber optic,No,Yes,No,Yes,No,No,One year,No,Mailed check,103.0,731.19,No
1243-YZJPV,Female,0,Yes,No,20,Yes,No,Fiber optic,Yes,No,No,Yes,No,Yes,Two year,Yes,Bank transfer (automatic),120.0,2403.55,No
3264-XDYOF,Male,1,Yes,No,15,Yes,Yes,Fiber optic,Yes,No,Yes,Yes,No,No,Month-to-month,Yes,Credit card (automatic),111.98,1672.07,Yes
8570-BMWMY,Male,0,No,No,37,Yes,No,Fiber optic,No,No,No,Yes,Yes,Yes,One year,Yes,Electronic check,116.54,4296.27,No
4218-UIXXW,Female,0,No,No,37,Yes,Yes,Fiber optic,Yes,No,Yes,No,No,Yes,Two year,No,Electronic check,103.08,3797.44,No
9611-DWQLT,Female,0,Yes,No,59,Yes,No,DSL,Yes,No,No,Yes,No,No,One year,Yes,Credit card (automatic),75.25,4458.46,No
9460-KERME,Male,0,Yes,No,25,Yes,Yes,DSL,No,Yes,Yes,No,No,No,Month-to-month,No,Mailed check,79.41,1985.44,No
2859-SEWJK,Male,0,No,Yes,6,Yes,No,DSL,No,No,No,No,Yes,Yes,Two year,No,Electronic check,75.97,464.1,No
2388-HQDME,Male,0,Yes,No,59,Yes,Yes,Fiber optic,Yes,No,No,Yes,No,No,Month-to-month,No,Electronic check,106.95,6330.65,No
7035-RISDC,Male,1,Yes,No,57,Yes,No,DSL,No,Yes,Yes,No,Yes,Yes,Month-to-month,Yes,Credit card (automatic),92.44,5235.64,Yes
9217-TGPCZ,Male,0,No,No,20,Yes,Yes,DSL,Yes,No,Yes,No,No,No,Month-to-month,Yes,Mailed check,78.37,1587.99,Yes
6865-JALLW,Female,1,No,No,59,Yes,Yes,Fiber optic,Yes,Yes,No,Yes,Yes,No,Two year,Yes,Credit card (automatic),117.04,6884.51,No
1292-URVNG,Female,0,No,No,6,Yes,Yes,No,No internet service,No internet service,No internet service,No internet service,No internet service,No internet service,Two year,Yes,Bank transfer (automatic),47.42,335.62,No
4849-IBLRS,Male,0,Yes,No,21,Yes,Yes,DSL,Yes,Yes,No,Yes,Yes,No,Two year,Yes,Mailed check,86.72,1802.27,No
7466-RUIYT,Male,0,Yes,Yes,10,Yes,No,DSL,No,No,No,Yes,Yes,Yes,Month-to-month,Yes,Credit card (automatic),79.37,792.66,Yes
4675-XMINB,Female,0,Yes,No,49,Yes,Yes,Fiber optic,Yes,No,Yes,No,Yes,No,One year,No,Mailed check,110.54,5411.82,No
2018-ZMBGQ,Male,0,No,Yes,15,No,No phone service,DSL,Yes,Yes,No,No,Yes,No,Month-to-month,No,Bank transfer (automatic),72.53,1064.54,Yes
7116-JNSLT,Male,0,Yes,No,54,No,No phone service,DSL,No,No,No,No,Yes,No,Month-to-month,No,Mailed check,60.07,3295.17,No
7751-ALANW,Male,0,Yes,No,9,Yes,No,Fiber optic,No,No,No,Yes,No,No,Two year,Yes,Credit card (automatic),96.68,860.12,No
3124-PXAWT,Female,0,Yes,No,72,Yes,No,Fiber optic,Yes,No,Yes,Yes,Yes,No,Month-to-month,Yes,Mailed check,110.3,7902.71,No
5057-QPLYT,Male,0,No,No,20,Yes,No,Fiber optic,No,Yes,No,Yes,No,Yes,Month-to-month,No,Electronic check,115.08,2298.43,Yes
3841-UGBZN,Male,0,Yes,Yes,18,Yes,Yes,Fiber optic,No,Yes,No,Yes,No,No,One year,No,Bank transfer (automatic),100.9,1800.88,No
8056-MWBLV,Female,0,Yes,Yes,47,Yes,Yes,No,No internet service,No internet service,No internet service,No internet service,No internet service,No internet service,Two year,Yes,Credit card (automatic),35.12,1657.49,No
4969-AIIZS,Male,0,No,No,35,Yes,No,Fiber optic,Yes,No,Yes,No,No,Yes,Month-to-month,Yes,Credit card (automatic),109.76,3823.53,No
3431-IOQTQ,Male,0,No,Yes,20,No,No phone service,Fiber optic,No,No,No,No,No,No,One year,No,Mailed check,68.92,1404.01,Yes
8488-TILIZ,Male,0,No,No,18,No,No phone service,Fiber optic,Yes,No,No,No,Yes,Yes,Two year,Yes,Mailed check,89.94,1644.21,No
2474-MBIMW,Female,1,No,No,72,Yes,No,Fiber optic,No,Yes,No,No,No,No,Month-to-month,Yes,Electronic check,100.05,7206.66,Yes
9092-GQZJI,Female,0,Yes,No,24,Yes,No,Fiber optic,Yes,No,Yes,No,No,Yes,Two year,Yes,Electronic check,117.82,2886.89,No
5638-VFDTQ,Female,0,No,No,24,No,No phone service,No,No internet service,No internet service,No internet service,No internet service,No internet service,No internet service,One year,Yes,Credit card (automatic),21.03,482.28,No
5340-FLRXQ,Male,0,Yes,No,9,Yes,Yes,No,No internet service,No internet service,No internet service,No internet service,No internet service,No internet service,Month-to-month,Yes,Bank transfer (automatic),40.3,335.28,Yes
1506-YWBZZ,Male,0,No,No,67,Yes,No,Fiber optic,No,No,No,No,Yes,No,Month-to-month,Yes,Bank transfer (automatic),99.3,6654.28,No
5171-WUPHO,Female,0,Yes,No,12,Yes,No,DSL,No,No,Yes,Yes,No,No,Month-to-month,Yes,Bank transfer (automatic),70.71,848.71,No
5788-NNPEL,Female,0,No,Yes,11,Yes,Yes,Fiber optic,No,No,No,Yes,No,Yes,Two year,No,Electronic check,102.73,1135.94,No
8302-THIPW,Male,0,No,No,51,Yes,No,DSL,No,No,No,No,No,No,Month-to-month,No,Mailed check,63.85,3274.3,No
2780-FSLOP,Female,0,Yes,No,1,Yes,Yes,DSL,No,Yes,No,No,No,No,Month-to-month,Yes,Credit card (automatic),74.59,91.36,Yes
8300-KEBMT,Female,0,Yes,No,30,Yes,No,Fiber optic,Yes,No,Yes,No,No,Yes,Month-to-month,Yes,Mailed check,116.48,3490.86,Yes
1397-FFEPW,Female,0,No,No,18,No,No phone service,No,No internet service,No internet service,No internet service,No internet service,No internet service,No internet service,Two year,Yes,Bank transfer (automatic),21.85,361.28,No
6896-MCHRG,Female,0,Yes,No,22,Yes,No,Fiber optic,Yes,Yes,No,Yes,No,Yes,Month-to-month,No,Mailed check,120.0,2622.4,No
8907-OTIUH,Male,0,No,No,12,Yes,No,Fiber optic,No,Yes,No,No,Yes,No,Month-to-month,Yes,Electronic check,98.83,1144.08,Yes
2356-ZRFAA,Male,0,Yes,No,15,Yes,No,Fiber optic,No,No,Yes,No,No,Yes,Two year,No,Electronic check,98.82,1512.71,No
9432-TDNYV,Male,0,No,No,4,Yes,No,DSL,No,Yes,No,No,No,No,Month-to-month,No,Electronic check,77.9,279.0,Yes
4550-AKTXE,Male,0,No,No,47,No,No phone service,Fiber optic,No,Yes,No,Yes,Yes,Yes,Two year,No,Bank transfer (automatic),88.3,4152.63,No
9246-SBJAT,Female,0,Yes,No,20,Yes,No,DSL,No,No,No,No,Yes,No,Month-to-month,Yes,Credit card (automatic),74.65,1495.26,Yes
7925-GVRFL,Female,0,No,No,54,Yes,No,DSL,No,Yes,No,No,No,No,Month-to-month,No,Mailed check,70.93,3826.39,No
9459-VDEWB,Female,0,No,No,72,No,No phone service,DSL,Yes,Yes,No,No,No,Yes,Month-to-month,Yes,Credit card (automatic),62.47,4506.27,No
3689-ONHFF,Male,0,No,Yes,9,Yes,No,Fiber optic,Yes,Yes,No,Yes,No,No,Two year,No,Electronic check,110.98,975.58,No
7666-GYMQB,Female,1,No,No,40,No,No phone service,No,No internet service,No internet service,No internet service,No internet service,No internet service,No internet service,One year,No,Mailed check,23.8,921.79,No
3949-KGETN,Male,0,No,No,10,Yes,No,Fiber optic,Yes,No,No,No,Yes,No,Month-to-month,No,Bank transfer (automatic),103.02,1052.48,No
8853-VEKDG,Female,1,Yes,No,13,Yes,No,DSL,No,Yes,No,No,No,No,Two year,No,Electronic check,72.56,920.28,No
6052-DZRHI,Male,1,Yes,No,23,Yes,Yes,Fiber optic,No,Yes,No,No,Yes,No,Two year,No,Electronic check,107.52,2479.23,No
7686-MJXHE,Male,0,Yes,No,72,Yes,Yes,DSL,No,No,Yes,Yes,No,No,Month-to-month,Yes,Electronic check,83.32,5993.88,No
9065-OLZOX,Male,0,No,Yes,19,Yes,No,No,No internet service,No internet service,No internet service,No internet service,No internet service,No internet service,Month-to-month,Yes,Electronic check,41.24,791.86,No
7233-OSOLX,Female,0,No,No,23,Yes,No,Fiber optic,No,Yes,No,No,No,Yes,Month-to-month,Yes,Credit card (automatic),94.91,2182.68,No
8819-UPINI,Male,1,Yes,No,30,Yes,Yes,Fiber optic,No,Yes,Yes,No,Yes,No,Month-to-month,Yes,Electronic check,112.35,3378.13,Yes
5759-DBJGN,Male,0,No,No,23,Yes,No,Fiber optic,No,No,Yes,No,No,No,Two year,Yes,Electronic check,90.45,2088.0,No
9490-KEGRM,Male,0,Yes,No,9,Yes,No,Fiber optic,No,Yes,No,Yes,Yes,No,One year,Yes,Credit card (automatic),103.42,912.87,No
3499-SKKTQ,Female,0,No,No,57,Yes,Yes,No,No internet service,No internet service,No internet service,No internet service,No internet service,No internet service,Two year,Yes,Electronic check,43.77,2505.7,No
6068-QVRWD,Male,1,No,No,17,Yes,Yes,DSL,No,No,No,No,No,No,Two year,Yes,Mailed check,62.84,1087.6,No
5838-ZISYZ,Male,0,No,No,6,Yes,No,Fiber optic,No,Yes,No,No,No,Yes,Two year,Yes,Electronic check,107.3,637.25,No
2997-LRVUY,Male,0,No,No,32,Yes,No,Fiber optic,No,No,No,No,No,No,Two year,No,Credit card (automatic),95.9,3074.84,No
4478-QUFIH,Male,0,No,Yes,60,Yes,No,DSL,No,No,No,No,Yes,Yes,Two year,Yes,Credit card (automatic),71.17,4256.62,No
4117-JDXHK,Female,0,Yes,No,12,Yes,No,DSL,Yes,No,No,No,Yes,No,One year,No,Credit card (automatic),74.98,913.79,Yes
3690-TOCDS,Female,1,No,No,20,Yes,Yes,DSL,No,No,Yes,No,Yes,Yes,Two year,Yes,Electronic check,79.16,1583.26,No
9369-AGWNX,Male,0,Yes,No,24,Yes,Yes,DSL,No,Yes,Yes,No,Yes,Yes,Two year,Yes,Electronic check,87.14,2090.24,No
4298-HAMZW,Female,0,No,No,16,Yes,No,DSL,Yes,No,No,No,Yes,Yes,Month-to-month,No,Credit card (automatic),86.64,1341.58,Yes
5602-UUNMI,Male,0,No,Yes,25,Yes,No,DSL,No,No,No,No,Yes,No,One year,No,Credit card (automatic),73.79,1851.85,No
8036-AOURZ,Female,0,Yes,No,72,No,No phone service,DSL,No,No,Yes,Yes,No,No,One year,Yes,Mailed check,62.81,4535.3,No
4823-XSTVU,Male,0,Yes,No,25,Yes,No,Fiber optic,Yes,No,No,No,No,No,Month-to-month,Yes,Bank transfer (automatic),99.58,2517.82,Yes
9262-DKKZI,Male,0,Yes,No,37,No,No phone service,Fiber optic,No,No,Yes,Yes,No,No,Month-to-month,No,Mailed check,87.62,3211.11,No
4788-NMOHN,Male,0,No,No,18,Yes,Yes,Fiber optic,Yes,Yes,No,Yes,No,Yes,Month-to-month,No,Electronic check,115.67,2040.7,Yes
5942-IAJGK,Male,0,Yes,No,31,Yes,No,DSL,Yes,Yes,No,No,No,No,Month-to-month,No,Mailed check,77.76,2426.1,No
7670-IKZHQ,Female,1,No,Yes,34,Yes,No,DSL,Yes,Yes,No,No,No,No,Month-to-month,Yes,Credit card (automatic),85.95,2951.28,Yes
9818-EBVGM,Female,0,Yes,Yes,45,Yes,Yes,Fiber optic,Yes,No,No,No,No,Yes,Month-to-month,Yes,Credit card (automatic),100.27,4520.87,Yes
6773-YQEDY,Female,0,No,No,17,Yes,No,No,No internet service,No internet service,No internet service,No internet service,No internet service,No internet service,Two year,Yes,Electronic check,35.56,580.77,No
2189-FKPPO,Male,0,No,No,21,Yes,Yes,Fiber optic,No,No,Yes,Yes,No,Yes,One year,Yes,Electronic check,115.35,2393.65,No
7744-NPDZJ,Female,0,Yes,Yes,48,Yes,Yes,Fiber optic,Yes,No,No,No,Yes,Yes,Month-to-month,Yes,Electronic check,106.06,5080.95,Yes
9462-DJVOJ,Male,1,No,Yes,18,Yes,Yes,Fiber optic,No,No,Yes,No,Yes,No,Month-to-month,Yes,Electronic check,112.63,2062.94,Yes
7945-UHJFF,Female,0,Yes,No,9,Yes,No,Fiber optic,No,Yes,No,Yes,No,Yes,Month-to-month,No,Electronic check,104.91,940.86,No
5128-WPPQC,Female,0,No,Yes,16,Yes,No,Fiber optic,No,No,No,No,No,Yes,Month-to-month,Yes,Electronic check,98.39,1603.58,Yes
7127-EYCRM,Male,0,Yes,No,47,Yes,Yes,DSL,No,No,Yes,No,Yes,No,Two year,Yes,Credit card (automatic),66.49,3090.45,No
9341-WVCGD,Male,0,No,No,52,Yes,No,No,No internet service,No internet service,No internet service,No internet service,No internet service,No internet service,One year,Yes,Credit card (automatic),38.94,2043.76,No
5919-RVUIP,Male,0,Yes,Yes,41,Yes,Yes,DSL,No,No,Yes,No,No,Yes,Month-to-month,No,Credit card (automatic),84.79,3466.64,Yes
6493-XUANL,Female,0,No,Yes,58,Yes,Yes,DSL,No,No,No,Yes,Yes,No,Month-to-month,No,Bank transfer (automatic),86.07,5015.35,No
7623-AOKTP,Female,0,Yes,No,72,Yes,Yes,No,No internet service,No internet service,No internet service,No internet service,No internet service,No internet service,Two year,Yes,Bank transfer (automatic),44.26,3197.7,No
1979-ZFDBO,Male,0,No,Yes,43,Yes,No,No,No internet service,No internet service,No internet service,No internet service,No internet service,No internet service,Two year,No,Bank transfer (automatic),41.86,1794.82,No
6945-LRRCK,Female,0,Yes,No,22,Yes,Yes,DSL,Yes,Yes,No,No,No,No,One year,No,Bank transfer (automatic),84.49,1882.62,No
8327-OOLWL,Female,0,Yes,Yes,7,Yes,No,Fiber optic,No,Yes,Yes,Yes,No,Yes,Month-to-month,No,Electronic check,118.56,850.26,Yes
1435-QQYDE,Male,0,No,No,8,No,No phone service,Fiber optic,No,Yes,No,Yes,No,No,Month-to-month,Yes,Electronic check,79.98,646.0,Yes
1509-PILRF,Female,0,Yes,No,13,Yes,No,Fiber optic,Yes,No,No,No,No,No,Month-to-month,No,Mailed check,94.41,1231.53,Yes
8345-YPDMV,Male,0,No,No,54,Yes,Yes,No,No internet service,No internet service,No internet service,No internet service,No internet service,No internet service,Month-to-month,Yes,Bank transfer (automatic),36.03,1930.58,No
3457-HOVQW,Female,1,No,Yes,13,Yes,No,No,No internet service,No internet service,No internet service,No internet service,No internet service,No internet service,One year,Yes,Electronic check,35.49,439.82,No
1693-XYTLP,Male,1,Yes,No,13,Yes,No,Fiber optic,No,No,No,No,Yes,No,Month-to-month,Yes,Mailed check,99.96,1288.68,Yes
7013-XYCRI,Female,0,No,No,15,Yes,No,Fiber optic,Yes,No,No,No,No,No,Two year,Yes,Credit card (automatic),105.87,1563.04,No
4705-IPONP,Male,0,Yes,Yes,25,Yes,No,No,No internet service,No internet service,No internet service,No internet service,No internet service,No internet service,One year,No,Electronic check,45.49,1141.16,No
4143-ADXUZ,Male,0,No,No,32,No,No phone service,Fiber optic,No,No,No,Yes,Yes,Yes,Two year,Yes,Electronic check,90.87,2926.95,No
8906-NAXHO,Male,0,No,No,32,Yes,No,DSL,No,Yes,No,No,Yes,No,Two year,Yes,Credit card (automatic),79.05,2510.22,No
7248-WXORW,Female,0,Yes,Yes,15,Yes,No,Fiber optic,Yes,Yes,No,No,No,No,Month-to-month,Yes,Electronic check,101.04,1519.36,No
2010-YPDZP,Male,0,Yes,No,51,Yes,No,Fiber optic,No,No,No,No,No,No,One year,No,Electronic check,88.53,4507.03,No
5678-YUFYB,Female,0,No,No,23,Yes,Yes,No,No internet service,No internet service,No internet service,No internet service,No internet service,No internet service,Two year,Yes,Bank transfer (automatic),36.59,838.62,No
4019-XTWYI,Female,1,No,Yes,46,Yes,No,Fiber optic,No,No,No,No,No,Yes,Month-to-month,No,Credit card (automatic),93.97,4319.41,No
6907-MLEBD,Female,0,Yes,Yes,26,Yes,No,DSL,Yes,No,No,Yes,Yes,No,Month-to-month,No,Electronic check,77.48,2026.35,No
2932-PVAFW,Female,0,Yes,No,15,Yes,No,Fiber optic,No,Yes,No,No,No,No,Month-to-month,No,Electronic check,97.7,1422.26,Yes
7738-ACVMP,Female,0,Yes,No,19,Yes,No,No,No internet service,No internet service,No internet service,No internet service,No internet service,No internet service,Month-to-month,Yes,Mailed check,39.83,766.22,Yes
2912-YVBUM,Male,1,No,Yes,12,Yes,Yes,DSL,Yes,Yes,No,No,Yes,No,One year,Yes,Mailed check,86.42,1016.03,No
5805-MHUQE,Female,0,No,No,6,Yes,Yes,DSL,No,Yes,No,Yes,No,No,Month-to-month,Yes,Credit card (automatic),72.46,423.04,Yes
5846-OUBNV,Male,1,Yes,No,29,No,No phone service,DSL,No,No,No,No,No,No,Month-to-month,Yes,Credit card (automatic),49.57,1408.32,No
1521-PQFQZ,Female,1,No,Yes,10,Yes,No,DSL,No,Yes,No,No,No,Yes,One year,Yes,Credit card (automatic),79.08,783.95,No
8024-KQAIP,Male,0,No,No,8,Yes,No,Fiber optic,No,No,No,No,Yes,Yes,Two year,No,Electronic check,110.26,916.19,No
9614-TLILH,Female,0,No,No,45,Yes,No,DSL,Yes,No,No,No,Yes,No,Month-to-month,No,Bank transfer (automatic),74.16,3317.78,Yes
1032-WQFMA,Female,0,Yes,No,61,No,No phone service,No,No internet service,No internet service,No internet service,No internet service,No internet service,No internet service,Two year,Yes,Bank transfer (automatic),20.34,1211.72,No
3784-MKBMD,Male,0,Yes,No,13,Yes,No,DSL,No,No,No,Yes,No,Yes,Two year,No,Mailed check,77.18,1014.51,Yes
5921-GYTHK,Female,0,Yes,Yes,72,No,No phone service,DSL,No,No,Yes,Yes,No,Yes,Month-to-month,No,Bank transfer (automatic),71.33,5145.25,No
6343-KNVBR,Male,0,No,Yes,44,Yes,No,DSL,No,Yes,No,No,No,No,One year,Yes,Mailed check,75.65,3344.15,Yes
9524-AAJMD,Male,0,Yes,Yes,28,Yes,No,Fiber optic,No,No,No,No,No,Yes,Month-to-month,No,Bank transfer (automatic),94.15,2650.48,No
5920-HVIOU,Female,0,Yes,No,4,Yes,No,No,No internet service,No internet service,No internet service,No internet service,No internet service,No internet service,One year,Yes,Bank transfer (automatic),37.15,157.61,No
7928-HAZDH,Female,0,No,No,37,Yes,No,Fiber optic,No,No,No,No,Yes,No,Two year,Yes,Electronic check,102.99,3820.48,No
8403-BSQCS,Male,0,No,Yes,9,No,No phone service,No,No internet service,No internet service,No internet service,No internet service,No internet service,No internet service,Month-to-month,No,Bank transfer (automatic),22.07,179.76,No
6029-IPEPD,Female,0,Yes,No,11,Yes,Yes,Fiber optic,Yes,No,No,Yes,No,Yes,Two year,Yes,Electronic check,107.2,1151.8,No
2936-BAJHZ,Female,0,Yes,No,39,No,No phone service,DSL,No,Yes,Yes,No,No,No,Month-to-month,No,Electronic check,52.01,2011.5,No
5448-WEYHA,Female,0,Yes,No,72,Yes,No,No,No internet service,No internet service,No internet service,No internet service,No internet service,No internet service,Two year,No,Mailed check,45.53,3246.34,No
8662-JPBYL,Female,0,Yes,No,29,Yes,No,Fiber optic,No,No,No,Yes,No,No,Month-to-month,Yes,Credit card (automatic),101.39,2925.57,Yes
9334-WCJOP,Male,0,Yes,No,51,Yes,Yes,Fiber optic,No,Yes,Yes,No,Yes,No,Month-to-month,Yes,Electronic check,110.68,5629.31,Yes
8263-DMHNQ,Male,0,Yes,No,72,Yes,No,Fiber optic,No,Yes,Yes,No,Yes,No,Two year,Yes,Credit card (automatic),108.58,7858.49,No
5645-ENMIT,Female,0,Yes,No,6,Yes,No,DSL,No,Yes,No,No,Yes,Yes,One year,Yes,Electronic check,82.84,517.52,No
8635-ZQEQL,Female,0,No,No,40,Yes,Yes,Fiber optic,No,Yes,No,No,Yes,Yes,Month-to-month,Yes,Electronic check,113.27,4521.56,Yes
7073-MVTTN,Male,1,No,No,62,Yes,Yes,DSL,Yes,No,No,No,No,Yes,Two year,No,Mailed check,82.76,5168.58,No
5448-ESOXB,Female,0,Yes,Yes,56,Yes,No,Fiber optic,No,No,Yes,No,Yes,Yes,Month-to-month,No,Electronic check,109.17,6102.6,Yes
1777-WTQHS,Female,0,No,No,59,Yes,No,DSL,No,Yes,Yes,No,No,Yes,Two y